<?xml version="1.0" encoding="UTF-8"?>
<root>
  <host value=""/>
  <info>
    <description value="阿里云对象存储服务（Object Storage Service，简称OSS），是阿里云对外提供的海量，安全，低成本，高可靠的云存储服务。用户可以通过本文档提供的简单的REST接口，在任何时间、任何地点、任何互联网设备上进行上传和下载数据。基于OSS，用户可以搭建出各种多媒体分享网站、网盘、个人和企业数据备份等基于大规模数据的服务。"/>
    <title value="aliyun oss api"/>
    <version value="1.0"/>
  </info>
  <paths>
    <node nodeName="/{BucketName}.oss-cn-hangzhou.aliyuncs.com/GetBucketLogging/?logging">
      <get>
        <consumes nodeType="array">
          <consumes value="application/x-www-form-urlencoded"/>
        </consumes>
        <description value="Get Bucket Logging用于查看Bucket的访问日志配置情况。 1.&#9;如果Bucket不存在，返回404 no content错误。错误码：NoSuchBucket。 2.&#9;只有Bucket的拥有者才能查看Bucket的访问日志配置情况，否则返回403 Forbidden错误,错误码：AccessDenied。 3.&#9;如果源Bucket未设置Logging规则，OSS仍然返回一个XML消息体，但其中的BucketLoggingStatus元素为空。"/>
        <parameters nodeType="array">
          <parameters>
            <description value="对象名"/>
            <in value="path"/>
            <name value="BucketName"/>
            <required value="true"/>
            <type value="string"/>
          </parameters>
        </parameters>
        <produces nodeType="array">
          <produces value="application/x-www-form-urlencoded"/>
        </produces>
        <responses>
          <node nodeName="200">
            <description value="success response"/>
            <schema>
              <properties>
                <BucketLoggingStatus>
                  <description value=" 访问日志状态信息的容器 类型: 容器 子元素:   LoggingEnabled 父元素:   无 "/>
                  <in value="formData"/>
                  <name value="BucketLoggingStatus"/>
                  <properties>
                    <LoggingEnabled>
                      <description value=" 访问日志信息的容器。这个元素在开启时需要，关闭时不需要。 类型: 容器 子元素:   TargetBucket, TargetPrefix 父元素:   BucketLoggingStatus "/>
                      <in value="formData"/>
                      <name value="LoggingEnabled"/>
                      <properties>
                        <TargetBucket>
                          <description value=" 指定存放访问日志的Bucket。 类型: 字符 子元素:   无 父元素:   BucketLoggingStatus.LoggingEnabled "/>
                          <in value="formData"/>
                          <name value="TargetBucket"/>
                          <type value="string"/>
                        </TargetBucket>
                        <TargetPrefix>
                          <description value=" 指定最终被保存的访问日志文件前缀。 类型:   字符 子元素:   None 父元素:   BucketLoggingStatus.LoggingEnabled "/>
                          <in value="formData"/>
                          <name value="TargetPrefix"/>
                          <type value="string"/>
                        </TargetPrefix>
                      </properties>
                      <type value="object"/>
                    </LoggingEnabled>
                  </properties>
                  <type value="object"/>
                </BucketLoggingStatus>
              </properties>
              <type value="object"/>
            </schema>
          </node>
          <node nodeName="403">
            <description value="只有者才能查看Bucket的访问日志配置情况，否则返回403 Forbidden错误,错误码：AccessDenied。"/>
          </node>
          <node nodeName="404">
            <description value="如果Bucket不存在，返回404 no content错误。错误码：NoSuchBucket。"/>
          </node>
        </responses>
      </get>
      <summary value="在Object尾追加上传数据"/>
      <x-requestformat value=" GET /?logging HTTP/1.1 Host: BucketName.oss-cn-hangzhou.aliyuncs.com Date: GMT Date Authorization: SignatureValue&#10;"/>
      <x-requestsample nodeType="array">
        <x-requestsample>
          <description value=" Get /?logging HTTP/1.1 Host: oss-example.oss-cn-hangzhou.aliyuncs.com Date: Fri, 04 May 2012 05:31:04 GMT Authorization: OSS qn6qrrqxo2oawuk53otfjbyc:ceOEyZavKY4QcjoUWYSpYbJ3naA=&#10;"/>
          <id value="1"/>
        </x-requestsample>
        <x-requestsample>
          <description value=" Get /?logging HTTP/1.1 Host: oss-example.oss-cn-hangzhou.aliyuncs.com Date: Fri, 04 May 2012 05:31:04 GMT Authorization: OSS qn6qrrqxo2oawuk53otfjbyc:ceOEyZavKY4QcjoUWYSpYbJ3naA=&#10;"/>
          <id value="2"/>
        </x-requestsample>
      </x-requestsample>
      <x-responsesample nodeType="array">
        <x-responsesample>
          <description value=" HTTP/1.1 200 x-oss-request-id: 534B371674E88A4D8906008B Date: Fri, 04 May 2012 05:31:04 GMT Connection: keep-alive Content-Length: 210 Server: AliyunOSS &lt;?xml version=&quot;1.0&quot; encoding=&quot;UTF-8&quot;?&gt; &lt;BucketLoggingStatus xmlns=”http://doc.oss-cn-hangzhou.aliyuncs.com”&gt; &lt;LoggingEnabled&gt; &lt;TargetBucket&gt;mybucketlogs&lt;/TargetBucket&gt; &lt;TargetPrefix&gt;mybucket-access_log/&lt;/TargetPrefix&gt; &lt;/LoggingEnabled&gt; &lt;/BucketLoggingStatus&gt;&#10;"/>
          <id value="1"/>
          <note value="已设置LOG规则的返回示例"/>
        </x-responsesample>
        <x-responsesample>
          <description value=" HTTP/1.1 200 x-oss-request-id: 534B371674E88A4D8906008B Date: Fri, 04 May 2012 05:31:04 GMT Connection: keep-alive Content-Length: 110 Server: AliyunOSS &lt;?xml version=&quot;1.0&quot; encoding=&quot;UTF-8&quot;?&gt; &lt;BucketLoggingStatus xmlns=”http://doc.oss-cn-hangzhou.aliyuncs.com”&gt; &lt;/BucketLoggingStatus&gt;&#10;"/>
          <id value="2"/>
          <note value="未设置LOG规则的返回示例"/>
        </x-responsesample>
      </x-responsesample>
    </node>
  </paths>
  <swagger value="2.0"/>
  <x-vee value="2.0 AS"/>
</root>
