<?xml version="1.0" encoding="UTF-8"?>
<root>
  <host value="ram.aliyuncs.com"/>
  <info>
    <description value="RAM (Resource Access Management) 是阿里云提供的资源访问控制服务。通过RAM，您可以集中管理您的用户（比如员工、系统或应用程序），以及控制用户可以访问您名下哪些资源的权限。RAM要解决的问题"/>
    <title value="RAM(Resource Access Management)访问控制"/>
    <version value="1.0"/>
  </info>
  <paths>
    <node nodeName="/ListUsers">
      <get>
        <consumes nodeType="array">
          <consumes value="application/x-www-form-urlencoded"/>
        </consumes>
        <description value="&lt;h2 id=&quot;h4-u63A5u53E3u63CFu8FF0&quot;&gt;          &lt;a name=&quot;接口描述&quot; class=&quot;reference-link&quot;&gt;&lt;/a&gt;          &lt;span class=&quot;header-link octicon octicon-link&quot;&gt;&lt;/span&gt;接口描述&lt;/h4&gt;        &lt;p&gt;　列出所有RAM用户&lt;/p&gt;        "/>
        <parameters nodeType="array">
          <parameters>
            <description value="系统规定参数，取值：ListUsers"/>
            <enum nodeType="array">
              <enum value="ListUsers"/>
            </enum>
            <in value="query"/>
            <name value="Action"/>
            <required value="true"/>
            <type value="string"/>
          </parameters>
          <parameters>
            <description value="当请求的返回结果被截断时，可以使用Marker获取从当前截断位置之后的内容"/>
            <in value="query"/>
            <name value="Marker"/>
            <required value="false"/>
            <type value="string"/>
          </parameters>
          <parameters>
            <default value="100"/>
            <description value="指定返回结果的条数，当返回结果达到MaxItems限制被截断时，返回参数IsTruncated将等于true;取值范围：[1 - 100]"/>
            <in value="query"/>
            <maximum value="100"/>
            <minimum value="1"/>
            <name value="MaxItems"/>
            <required value="false"/>
            <type value="integer"/>
          </parameters>
        </parameters>
        <produces nodeType="array">
          <produces value="application/xml"/>
          <produces value="application/json"/>
        </produces>
        <responses>
          <node nodeName="200">
            <description value="Accept"/>
            <schema>
              <properties>
                <IsTruncated>
                  <description value="请求返回结果是否被截断"/>
                  <name value="IsTruncated"/>
                  <type value="boolean"/>
                </IsTruncated>
                <Marker>
                  <description value="当            IsTruncated为            true时才有此字段，当返回            true时，需要继续调用此接口，并且使用            Marker获取截断后的内容"/>
                  <name value="Marker"/>
                  <type value="string"/>
                </Marker>
                <Users>
                  <description value="用户信息集合"/>
                  <items>
                    <x-schema>
                      <properties>
                        <CreateDate>
                          <description value="创建时间"/>
                          <name value="CreateDate"/>
                          <type value="string"/>
                        </CreateDate>
                        <LastLoginDate>
                          <description value="上次使用密码登录时间"/>
                          <name value="LastLoginDate"/>
                          <type value="string"/>
                        </LastLoginDate>
                        <UserId>
                          <description value="用户唯一标识"/>
                          <name value="UserId"/>
                          <type value="string"/>
                        </UserId>
                        <UserName>
                          <description value="用户名称"/>
                          <name value="UserName"/>
                          <type value="string"/>
                        </UserName>
                      </properties>
                      <type value="object"/>
                    </x-schema>
                  </items>
                  <name value="Users"/>
                  <type value="array"/>
                </Users>
              </properties>
              <type value="object"/>
            </schema>
          </node>
          <node nodeName="400">
            <description value="{code: InvalidParameter.UserName.InvalidChars, describeen: The parameter - &amp;quot;UserName&amp;quot; contains invalid chars.}, {code: InvalidParameter.UserName.Length, describeen: The parameter - &amp;quot;UserName&amp;quot; beyond the length limit.}, {code: InvalidParameter.NewUserName.InvalidChars, describeen: The parameter - &amp;quot;NewUserName&amp;quot; contains invalid chars.}, {code: InvalidParameter.NewUserName.Length, describeen: The parameter - &amp;quot;NewUserName&amp;quot; beyond the length limit.}, {code: InvalidParameter.DisplayName.InvalidChars, describeen: The parameter - &amp;quot;DisplayName&amp;quot; contains invalid chars.}, {code: InvalidParameter.DisplayName.Length, describeen: The parameter - &amp;quot;DisplayName&amp;quot; beyond the length limit.}, {code: InvalidParameter.NewDisplayName.InvalidChars, describeen: The parameter - &amp;quot;NewDisplayName&amp;quot; contains invalid chars.}, {code: InvalidParameter.NewDisplayName.Length, describeen: The parameter - &amp;quot;NewDisplayName&amp;quot; beyond the length limit.}, {code: InvalidParameter.MobilePhone.Format, describeen: The format of the parameter - &amp;quot;MobilePhone&amp;quot; is incorrect.}, {code: InvalidParameter.NewMobilePhone.Format, describeen: The format of the parameter - &amp;quot;NewMobilePhone&amp;quot; is incorrect.}, {code: InvalidParameter.Email.Format, describeen: The format of the parameter - &amp;quot;Email&amp;quot; is incorrect.}, {code: InvalidParameter.NewEmail.Format, describeen: The format of the parameter - &amp;quot;NewEmail&amp;quot; is incorrect.}, {code: InvalidParameter.Comments.Length, describeen: The parameter - &amp;quot;Comments&amp;quot; beyond the length limit.}, {code: InvalidParameter.NewComments.Length, describeen: The parameter - &amp;quot;NewComments&amp;quot; beyond the length limit.}, {code: InvalidParameter.Password.TooWeak, describeen: The parameter - &amp;quot;Password&amp;quot; is not compliant with the password policy.}, {code: InvalidParameter.VirtualMFADeviceName.InvalidChars, describeen: The parameter - &amp;quot;VirtualMFADeviceName&amp;quot; contains invalid chars.}, {code: InvalidParameter.VirtualMFADeviceName.Length, describeen: The parameter - &amp;quot;VirtualMFADeviceName&amp;quot; beyond the length limit.}, {code: InvalidParameter.GroupName.InvalidChars, describeen: The parameter - &amp;quot;GroupName&amp;quot; contains invalid chars.}, {code: InvalidParameter.GroupName.Length, describeen: The parameter - &amp;quot;GroupName&amp;quot; beyond the length limit.}, {code: InvalidParameter.NewGroupName.InvalidChars, describeen: The parameter - &amp;quot;NewGroupName&amp;quot; contains invalid chars.}, {code: InvalidParameter.NewGroupName.Length, describeen: The parameter - &amp;quot;NewGroupName&amp;quot; beyond the length limit.}, {code: InvalidParameter.PolicyType, describeen: The parameter - &amp;quot;PolicyType&amp;quot; is incorrect.}, {code: InvalidParameter.PolicyName.InvalidChars, describeen: The parameter - &amp;quot;PolicyNam&amp;quot; contains invalid chars.}, {code: InvalidParameter.PolicyName.Length, describeen: The parameter - &amp;quot;PolicyName&amp;quot; beyond the length limit.}, {code: InvalidParameter.PolicyDocument.Length, describeen: The parameter - &amp;quot;PolicyName&amp;quot; beyond the length limit.}, {code: InvalidParameter.Description.Length, describeen: The parameter - &amp;quot;Description&amp;quot; beyond the length limit.}, {code: InvalidParameter.VersionId.Format, describeen: The format of the parameter - &amp;quot;VersionId&amp;quot; is incorrect.}, {code: InvalidParameter.AccountAlias.Format, describeen: The format of parameter - &amp;quot;AccountAlias&amp;quot; is incorrect.}, {code: InvalidParameter.AccountAlias.Length, describeen: The parameter - &amp;quot;AccountAlias&amp;quot; MUST be in the range of 3 and 63.}, {code: InvalidParameter.MinimumPasswordLength.Range, describeen: The parameter - &amp;quot;MinimumPasswordLength&amp;quot; MUST be in the range of 8 and 32.}, {code: InvalidParameter.AuthenticationCode.Format, describeen: The parameter - &amp;quot;AuthenticationCode&amp;quot; MUST be 6 numbers.}"/>
          </node>
          <node nodeName="404">
            <description value="{code: EntityNotExist.User, describeen: The user does not exist.}, {code: EntityNotExist.User.AccessKey, describeen: The user access key does not exist.}, {code: EntityNotExist.User.LoginProfile, describeen: The user login profile does not exist.}, {code: EntityNotExist.User.MFADevice, describeen: The user has not bound any MFA device.}, {code: EntityNotExist.User.Policy, describeen: The indicate policy of the user does not exist.}, {code: EntityNotExist.User.Group, describeen: The user has not joined the group.}, {code: EntityNotExist.VirtualMFADevice, describeen: The virtual mfa device does not exist.}, {code: EntityNotExist.Group, describeen: The group does not exist.}, {code: EntityNotExist.Group.Policy, describeen: The indicate policy attached to the group does not exist.}, {code: EntityNotExist.Policy, describeen: The policy does not exist.}, {code: EntityNotExist.Policy.Version, describeen: The policy version does not exist.}"/>
          </node>
          <node nodeName="409">
            <description value="{code: EntityAlreadyExists.User, describeen: The user does already EXIST.}, {code: EntityAlreadyExists.User.LoginProfile, describeen: The user login profile does already EXIST.}, {code: EntityAlreadyExists.User.MFADevice, describeen: The user has already bound a MFA device.}, {code: EntityAlreadyExists.User.Group, describeen: The user has already joined the group.}, {code: EntityAlreadyExists.User.Policy, describeen: The user has already been attached this policy.}, {code: EntityAlreadyExists.VirtualMFADevice, describeen: The virtual mfa device does already EXIST.}, {code: EntityAlreadyExists.VirtualMFADevice.User, describeen: The virtual mfa device does already been bound to a user.}, {code: EntityAlreadyExists.Group, describeen: The group does already EXIST.}, {code: EntityAlreadyExists.Group.Policy, describeen: The group has already been attached this policy.}, {code: EntityAlreadyExists.Policy, describeen: The group does already EXIST.}, {code: EntityAlreadyExists.AccountAlias, describeen: The account alias does already exist.}, {code: DeleteConflict.User.Group, describeen: The user CAN NOT be in any group while deleting the user.}, {code: DeleteConflict.User.AccessKey, describeen: The user CAN NOT has any access key while deleting the user.}, {code: DeleteConflict.User.LoginProfile, describeen: The user CAN NOT has any login profile while deleting the user.}, {code: DeleteConflict.User.MFADevice, describeen: The user CAN NOT has any mfa device while deleting the user.}, {code: DeleteConflict.User.Policy, describeen: The user CAN NOT has any attached policy while deleting the user.}, {code: DeleteConflict.VirtualMFADevice.User, describeen: The virtual mfa device CAN NOT been bound to any user while deleting it.}, {code: DeleteConflict.Group.User, describeen: The group CAN NOT has any user member while deleting the group.}, {code: DeleteConflict.Group.Policy, describeen: The entity CAN NOT has any attached policy while deleting the group.}, {code: DeleteConflict.Policy.User, describeen: The policy CAN NOT been attached to any user while deleting the policy.}, {code: DeleteConflict.Policy.Group, describeen: The policy CAN NOT been attached to any group while deleting the policy.}, {code: DeleteConflict.Policy.Version, describeen: The policy CAN NOT has any version except the defaul version.}, {code: DeleteConflict.Policy.Version.Default, describeen: The default policy version CAN NOT been deleted directly.}, {code: DeleteConflict.Role.Policy, describeen: The role CAN NOT has any attached policy while deleting the role.}, {code: LimitExceeded.User, describeen: The count of users beyond the current limits.}, {code: LimitExceeded.User.AccessKey, describeen: The access key count of the user access keys beyond the current limits.}, {code: LimitExceeded.User.Group, describeen: The count of groups the target user joined  beyond the current limits.}, {code: LimitExceeded.User.Policy, describeen: The policy count of the user attached policies beyond the current limits.}, {code: LimitExceeded.VirtualMFADevice, describeen: The count of virtual mfa devices beyond the current limits.}, {code: LimitExceeded.Group, describeen: The count of groups beyond the current limits.}, {code: LimitExceeded.Group.Policy, describeen: The policy count of the group beyond the current limits.}, {code: LimitExceeded.Policy, describeen: The count of policy beyond the current limits.}, {code: LimitExceeded.Policy.Version, describeen: The count of policy version beyond the current limits.}, {code: LimitExceeded.Role, describeen: The count of roles beyond the current limits.}, {code: LimitExceeded.Role.Policy, describeen: The count of policies attached to the role beyond the current limits.}"/>
          </node>
        </responses>
      </get>
      <parameter>
        <node nodeName="$ref" value="#/paths/&quot;/public&quot;/request/parameters"/>
      </parameter>
      <summary value="列出所有 RAM 用户"/>
      <x-access nodeType="array">
        <x-access>
          <key value="          &lt;a name=&quot;IsTruncated&quot; class=&quot;reference-link&quot;&gt;&lt;/a&gt;          &lt;span class=&quot;header-link octicon octicon-link&quot;&gt;&lt;/span&gt;IsTruncated"/>
          <value value="ram:ListUsers"/>
        </x-access>
        <x-access>
          <key value="          &lt;a name=&quot;Resource&quot; class=&quot;reference-link&quot;&gt;&lt;/a&gt;          &lt;span class=&quot;header-link octicon octicon-link&quot;&gt;&lt;/span&gt;Resource"/>
          <value value="acs:ram:*:${AccountId}:user/*"/>
        </x-access>
      </x-access>
      <x-requestsample nodeType="array">
        <x-requestsample>
          <description value="&lt;pre class=&quot;prettyprint linenums prettyprinted&quot; style=&quot;&quot;&gt;&lt;ol class=&quot;linenums&quot;&gt;&lt;li class=&quot;L0&quot;&gt;&lt;code&gt;&lt;span class=&quot;pln&quot;&gt;https&lt;/span&gt;&lt;span class=&quot;pun&quot;&gt;:&lt;/span&gt;&lt;span class=&quot;com&quot;&gt;//ram.aliyuncs.com/?Action=ListUsers&lt;/span&gt;&lt;/code&gt;&lt;/li&gt;&lt;li class=&quot;L1&quot;&gt;&lt;code&gt;&lt;span class=&quot;pun&quot;&gt;&amp;amp;&amp;lt;公共请求参数&amp;gt;&lt;/span&gt;&lt;/code&gt;&lt;/li&gt;&lt;/ol&gt;&lt;/pre&gt;"/>
          <id value="1"/>
        </x-requestsample>
        <x-requestsample>
          <description value="&lt;pre class=&quot;prettyprint linenums prettyprinted&quot; style=&quot;&quot;&gt;&lt;ol class=&quot;linenums&quot;&gt;&lt;li class=&quot;L0&quot;&gt;&lt;code&gt;&lt;span class=&quot;pln&quot;&gt;https&lt;/span&gt;&lt;span class=&quot;pun&quot;&gt;:&lt;/span&gt;&lt;span class=&quot;com&quot;&gt;//ram.aliyuncs.com/?Action=ListUsers&lt;/span&gt;&lt;/code&gt;&lt;/li&gt;&lt;li class=&quot;L1&quot;&gt;&lt;code&gt;&lt;span class=&quot;pun&quot;&gt;&amp;amp;&amp;lt;公共请求参数&amp;gt;&lt;/span&gt;&lt;/code&gt;&lt;/li&gt;&lt;/ol&gt;&lt;/pre&gt;"/>
          <id value="2"/>
        </x-requestsample>
      </x-requestsample>
      <x-responsesample nodeType="array">
        <x-responsesample>
          <description value="&lt;pre class=&quot;prettyprint linenums prettyprinted&quot; style=&quot;&quot;&gt;&lt;ol class=&quot;linenums&quot;&gt;&lt;li class=&quot;L0&quot;&gt;&lt;code class=&quot;lang-xml&quot;&gt;&lt;span class=&quot;tag&quot;&gt;&amp;lt;ListUsersResponse&amp;gt;&lt;/span&gt;&lt;/code&gt;&lt;/li&gt;&lt;li class=&quot;L1&quot;&gt;&lt;code class=&quot;lang-xml&quot;&gt;&lt;span class=&quot;pln&quot;&gt;  &lt;/span&gt;&lt;span class=&quot;tag&quot;&gt;&amp;lt;RequestId&amp;gt;&lt;/span&gt;&lt;span class=&quot;pln&quot;&gt;4B450CA1-36E8-4AA2-8461-86B42BF4CC4E&lt;/span&gt;&lt;span class=&quot;tag&quot;&gt;&amp;lt;/RequestId&amp;gt;&lt;/span&gt;&lt;/code&gt;&lt;/li&gt;&lt;li class=&quot;L2&quot;&gt;&lt;code class=&quot;lang-xml&quot;&gt;&lt;span class=&quot;pln&quot;&gt;  &lt;/span&gt;&lt;span class=&quot;tag&quot;&gt;&amp;lt;Users&amp;gt;&lt;/span&gt;&lt;/code&gt;&lt;/li&gt;&lt;li class=&quot;L3&quot;&gt;&lt;code class=&quot;lang-xml&quot;&gt;&lt;span class=&quot;pln&quot;&gt;    &lt;/span&gt;&lt;span class=&quot;tag&quot;&gt;&amp;lt;User&amp;gt;&lt;/span&gt;&lt;/code&gt;&lt;/li&gt;&lt;li class=&quot;L4&quot;&gt;&lt;code class=&quot;lang-xml&quot;&gt;&lt;span class=&quot;pln&quot;&gt;      &lt;/span&gt;&lt;span class=&quot;tag&quot;&gt;&amp;lt;UserId&amp;gt;&lt;/span&gt;&lt;span class=&quot;pln&quot;&gt;1227489245380721&lt;/span&gt;&lt;span class=&quot;tag&quot;&gt;&amp;lt;/UserId&amp;gt;&lt;/span&gt;&lt;/code&gt;&lt;/li&gt;&lt;li class=&quot;L5&quot;&gt;&lt;code class=&quot;lang-xml&quot;&gt;&lt;span class=&quot;pln&quot;&gt;      &lt;/span&gt;&lt;span class=&quot;tag&quot;&gt;&amp;lt;UserName&amp;gt;&lt;/span&gt;&lt;span class=&quot;pln&quot;&gt;zhangqiang&lt;/span&gt;&lt;span class=&quot;tag&quot;&gt;&amp;lt;/UserName&amp;gt;&lt;/span&gt;&lt;/code&gt;&lt;/li&gt;&lt;li class=&quot;L6&quot;&gt;&lt;code class=&quot;lang-xml&quot;&gt;&lt;span class=&quot;pln&quot;&gt;      &lt;/span&gt;&lt;span class=&quot;tag&quot;&gt;&amp;lt;DisplayName&amp;gt;&lt;/span&gt;&lt;span class=&quot;pln&quot;&gt;张强&lt;/span&gt;&lt;span class=&quot;tag&quot;&gt;&amp;lt;/DisplayName&amp;gt;&lt;/span&gt;&lt;/code&gt;&lt;/li&gt;&lt;li class=&quot;L7&quot;&gt;&lt;code class=&quot;lang-xml&quot;&gt;&lt;span class=&quot;pln&quot;&gt;      &lt;/span&gt;&lt;span class=&quot;tag&quot;&gt;&amp;lt;MobilePhone&amp;gt;&lt;/span&gt;&lt;span class=&quot;pln&quot;&gt;86-18600008888&lt;/span&gt;&lt;span class=&quot;tag&quot;&gt;&amp;lt;/MobilePhone&amp;gt;&lt;/span&gt;&lt;/code&gt;&lt;/li&gt;&lt;li class=&quot;L8&quot;&gt;&lt;code class=&quot;lang-xml&quot;&gt;&lt;span class=&quot;pln&quot;&gt;      &lt;/span&gt;&lt;span class=&quot;tag&quot;&gt;&amp;lt;Email&amp;gt;&lt;/span&gt;&lt;span class=&quot;pln&quot;&gt;zhangqiang@example.com&lt;/span&gt;&lt;span class=&quot;tag&quot;&gt;&amp;lt;/Email&amp;gt;&lt;/span&gt;&lt;/code&gt;&lt;/li&gt;&lt;li class=&quot;L9&quot;&gt;&lt;code class=&quot;lang-xml&quot;&gt;&lt;span class=&quot;pln&quot;&gt;      &lt;/span&gt;&lt;span class=&quot;tag&quot;&gt;&amp;lt;Comments&amp;gt;&lt;/span&gt;&lt;span class=&quot;pln&quot;&gt;这是一位云计算工程师&lt;/span&gt;&lt;span class=&quot;tag&quot;&gt;&amp;lt;/Comments&amp;gt;&lt;/span&gt;&lt;/code&gt;&lt;/li&gt;&lt;li class=&quot;L0&quot;&gt;&lt;code class=&quot;lang-xml&quot;&gt;&lt;span class=&quot;pln&quot;&gt;      &lt;/span&gt;&lt;span class=&quot;tag&quot;&gt;&amp;lt;CreateDate&amp;gt;&lt;/span&gt;&lt;span class=&quot;pln&quot;&gt;2015-01-23T12:33:18Z&lt;/span&gt;&lt;span class=&quot;tag&quot;&gt;&amp;lt;/CreateDate&amp;gt;&lt;/span&gt;&lt;/code&gt;&lt;/li&gt;&lt;li class=&quot;L1&quot;&gt;&lt;code class=&quot;lang-xml&quot;&gt;&lt;span class=&quot;pln&quot;&gt;      &lt;/span&gt;&lt;span class=&quot;tag&quot;&gt;&amp;lt;UpdateDate&amp;gt;&lt;/span&gt;&lt;span class=&quot;pln&quot;&gt;2015-01-23T12:33:18Z&lt;/span&gt;&lt;span class=&quot;tag&quot;&gt;&amp;lt;/UpdateDate&amp;gt;&lt;/span&gt;&lt;/code&gt;&lt;/li&gt;&lt;li class=&quot;L2&quot;&gt;&lt;code class=&quot;lang-xml&quot;&gt;&lt;span class=&quot;pln&quot;&gt;    &lt;/span&gt;&lt;span class=&quot;tag&quot;&gt;&amp;lt;/User&amp;gt;&lt;/span&gt;&lt;/code&gt;&lt;/li&gt;&lt;li class=&quot;L3&quot;&gt;&lt;code class=&quot;lang-xml&quot;&gt;&lt;span class=&quot;pln&quot;&gt;    &lt;/span&gt;&lt;span class=&quot;tag&quot;&gt;&amp;lt;User&amp;gt;&lt;/span&gt;&lt;/code&gt;&lt;/li&gt;&lt;li class=&quot;L4&quot;&gt;&lt;code class=&quot;lang-xml&quot;&gt;&lt;span class=&quot;pln&quot;&gt;      &lt;/span&gt;&lt;span class=&quot;tag&quot;&gt;&amp;lt;UserId&amp;gt;&lt;/span&gt;&lt;span class=&quot;pln&quot;&gt;1406498224724456&lt;/span&gt;&lt;span class=&quot;tag&quot;&gt;&amp;lt;/UserId&amp;gt;&lt;/span&gt;&lt;/code&gt;&lt;/li&gt;&lt;li class=&quot;L5&quot;&gt;&lt;code class=&quot;lang-xml&quot;&gt;&lt;span class=&quot;pln&quot;&gt;      &lt;/span&gt;&lt;span class=&quot;tag&quot;&gt;&amp;lt;UserName&amp;gt;&lt;/span&gt;&lt;span class=&quot;pln&quot;&gt;lili&lt;/span&gt;&lt;span class=&quot;tag&quot;&gt;&amp;lt;/UserName&amp;gt;&lt;/span&gt;&lt;/code&gt;&lt;/li&gt;&lt;li class=&quot;L6&quot;&gt;&lt;code class=&quot;lang-xml&quot;&gt;&lt;span class=&quot;pln&quot;&gt;      &lt;/span&gt;&lt;span class=&quot;tag&quot;&gt;&amp;lt;DisplayName&amp;gt;&lt;/span&gt;&lt;span class=&quot;pln&quot;&gt;李丽&lt;/span&gt;&lt;span class=&quot;tag&quot;&gt;&amp;lt;/DisplayName&amp;gt;&lt;/span&gt;&lt;/code&gt;&lt;/li&gt;&lt;li class=&quot;L7&quot;&gt;&lt;code class=&quot;lang-xml&quot;&gt;&lt;span class=&quot;pln&quot;&gt;      &lt;/span&gt;&lt;span class=&quot;tag&quot;&gt;&amp;lt;MobilePhone&amp;gt;&lt;/span&gt;&lt;span class=&quot;pln&quot;&gt;86-18600009999&lt;/span&gt;&lt;span class=&quot;tag&quot;&gt;&amp;lt;/MobilePhone&amp;gt;&lt;/span&gt;&lt;/code&gt;&lt;/li&gt;&lt;li class=&quot;L8&quot;&gt;&lt;code class=&quot;lang-xml&quot;&gt;&lt;span class=&quot;pln&quot;&gt;      &lt;/span&gt;&lt;span class=&quot;tag&quot;&gt;&amp;lt;Email&amp;gt;&lt;/span&gt;&lt;span class=&quot;pln&quot;&gt;lili@example.com&lt;/span&gt;&lt;span class=&quot;tag&quot;&gt;&amp;lt;/Email&amp;gt;&lt;/span&gt;&lt;/code&gt;&lt;/li&gt;&lt;li class=&quot;L9&quot;&gt;&lt;code class=&quot;lang-xml&quot;&gt;&lt;span class=&quot;pln&quot;&gt;      &lt;/span&gt;&lt;span class=&quot;tag&quot;&gt;&amp;lt;Comments&amp;gt;&lt;/span&gt;&lt;span class=&quot;pln&quot;&gt;权限管理员&lt;/span&gt;&lt;span class=&quot;tag&quot;&gt;&amp;lt;/Comments&amp;gt;&lt;/span&gt;&lt;/code&gt;&lt;/li&gt;&lt;li class=&quot;L0&quot;&gt;&lt;code class=&quot;lang-xml&quot;&gt;&lt;span class=&quot;pln&quot;&gt;      &lt;/span&gt;&lt;span class=&quot;tag&quot;&gt;&amp;lt;CreateDate&amp;gt;&lt;/span&gt;&lt;span class=&quot;pln&quot;&gt;2015-02-18T17:22:08Z&lt;/span&gt;&lt;span class=&quot;tag&quot;&gt;&amp;lt;/CreateDate&amp;gt;&lt;/span&gt;&lt;/code&gt;&lt;/li&gt;&lt;li class=&quot;L1&quot;&gt;&lt;code class=&quot;lang-xml&quot;&gt;&lt;span class=&quot;pln&quot;&gt;      &lt;/span&gt;&lt;span class=&quot;tag&quot;&gt;&amp;lt;UpdateDate&amp;gt;&lt;/span&gt;&lt;span class=&quot;pln&quot;&gt;2015-02-18T17:22:08Z&lt;/span&gt;&lt;span class=&quot;tag&quot;&gt;&amp;lt;/UpdateDate&amp;gt;&lt;/span&gt;&lt;/code&gt;&lt;/li&gt;&lt;li class=&quot;L2&quot;&gt;&lt;code class=&quot;lang-xml&quot;&gt;&lt;span class=&quot;pln&quot;&gt;    &lt;/span&gt;&lt;span class=&quot;tag&quot;&gt;&amp;lt;/User&amp;gt;&lt;/span&gt;&lt;/code&gt;&lt;/li&gt;&lt;li class=&quot;L3&quot;&gt;&lt;code class=&quot;lang-xml&quot;&gt;&lt;span class=&quot;pln&quot;&gt;  &lt;/span&gt;&lt;span class=&quot;tag&quot;&gt;&amp;lt;/Users&amp;gt;&lt;/span&gt;&lt;/code&gt;&lt;/li&gt;&lt;li class=&quot;L4&quot;&gt;&lt;code class=&quot;lang-xml&quot;&gt;&lt;span class=&quot;pln&quot;&gt;  &lt;/span&gt;&lt;span class=&quot;tag&quot;&gt;&amp;lt;IsTruncated&amp;gt;&lt;/span&gt;&lt;span class=&quot;pln&quot;&gt;true&lt;/span&gt;&lt;span class=&quot;tag&quot;&gt;&amp;lt;/IsTruncated&amp;gt;&lt;/span&gt;&lt;/code&gt;&lt;/li&gt;&lt;li class=&quot;L5&quot;&gt;&lt;code class=&quot;lang-xml&quot;&gt;&lt;span class=&quot;pln&quot;&gt;  &lt;/span&gt;&lt;span class=&quot;tag&quot;&gt;&amp;lt;Marker&amp;gt;&lt;/span&gt;&lt;span class=&quot;pln&quot;&gt;EXAMPLE&lt;/span&gt;&lt;span class=&quot;tag&quot;&gt;&amp;lt;/Marker&amp;gt;&lt;/span&gt;&lt;/code&gt;&lt;/li&gt;&lt;li class=&quot;L6&quot;&gt;&lt;code class=&quot;lang-xml&quot;&gt;&lt;span class=&quot;tag&quot;&gt;&amp;lt;/ListUsersResponse&amp;gt;&lt;/span&gt;&lt;/code&gt;&lt;/li&gt;&lt;/ol&gt;&lt;/pre&gt;"/>
          <id value="1"/>
          <note value="JSON格式"/>
        </x-responsesample>
        <x-responsesample>
          <description value="&lt;pre class=&quot;prettyprint linenums prettyprinted&quot; style=&quot;&quot;&gt;&lt;ol class=&quot;linenums&quot;&gt;&lt;li class=&quot;L0&quot;&gt;&lt;code class=&quot;lang-json&quot;&gt;&lt;span class=&quot;pun&quot;&gt;{&lt;/span&gt;&lt;/code&gt;&lt;/li&gt;&lt;li class=&quot;L1&quot;&gt;&lt;code class=&quot;lang-json&quot;&gt;&lt;span class=&quot;pln&quot;&gt;  &lt;/span&gt;&lt;span class=&quot;str&quot;&gt;&quot;RequestId&quot;&lt;/span&gt;&lt;span class=&quot;pln&quot;&gt; &lt;/span&gt;&lt;span class=&quot;pun&quot;&gt;:&lt;/span&gt;&lt;span class=&quot;pln&quot;&gt; &lt;/span&gt;&lt;span class=&quot;str&quot;&gt;&quot;4B450CA1-36E8-4AA2-8461-86B42BF4CC4E&quot;&lt;/span&gt;&lt;span class=&quot;pun&quot;&gt;,&lt;/span&gt;&lt;/code&gt;&lt;/li&gt;&lt;li class=&quot;L2&quot;&gt;&lt;code class=&quot;lang-json&quot;&gt;&lt;span class=&quot;pln&quot;&gt;  &lt;/span&gt;&lt;span class=&quot;str&quot;&gt;&quot;IsTruncated&quot;&lt;/span&gt;&lt;span class=&quot;pun&quot;&gt;:&lt;/span&gt;&lt;span class=&quot;pln&quot;&gt; &lt;/span&gt;&lt;span class=&quot;kwd&quot;&gt;true&lt;/span&gt;&lt;span class=&quot;pun&quot;&gt;,&lt;/span&gt;&lt;/code&gt;&lt;/li&gt;&lt;li class=&quot;L3&quot;&gt;&lt;code class=&quot;lang-json&quot;&gt;&lt;span class=&quot;pln&quot;&gt;  &lt;/span&gt;&lt;span class=&quot;str&quot;&gt;&quot;Marker&quot;&lt;/span&gt;&lt;span class=&quot;pun&quot;&gt;:&lt;/span&gt;&lt;span class=&quot;pln&quot;&gt; &lt;/span&gt;&lt;span class=&quot;str&quot;&gt;&quot;EXAMPLE&quot;&lt;/span&gt;&lt;span class=&quot;pun&quot;&gt;,&lt;/span&gt;&lt;/code&gt;&lt;/li&gt;&lt;li class=&quot;L4&quot;&gt;&lt;code class=&quot;lang-json&quot;&gt;&lt;span class=&quot;pln&quot;&gt;  &lt;/span&gt;&lt;span class=&quot;str&quot;&gt;&quot;Users&quot;&lt;/span&gt;&lt;span class=&quot;pln&quot;&gt; &lt;/span&gt;&lt;span class=&quot;pun&quot;&gt;:&lt;/span&gt;&lt;span class=&quot;pln&quot;&gt; &lt;/span&gt;&lt;span class=&quot;pun&quot;&gt;{&lt;/span&gt;&lt;/code&gt;&lt;/li&gt;&lt;li class=&quot;L5&quot;&gt;&lt;code class=&quot;lang-json&quot;&gt;&lt;span class=&quot;pln&quot;&gt;    &lt;/span&gt;&lt;span class=&quot;str&quot;&gt;&quot;User&quot;&lt;/span&gt;&lt;span class=&quot;pln&quot;&gt; &lt;/span&gt;&lt;span class=&quot;pun&quot;&gt;:&lt;/span&gt;&lt;span class=&quot;pln&quot;&gt; &lt;/span&gt;&lt;span class=&quot;pun&quot;&gt;[&lt;/span&gt;&lt;/code&gt;&lt;/li&gt;&lt;li class=&quot;L6&quot;&gt;&lt;code class=&quot;lang-json&quot;&gt;&lt;span class=&quot;pln&quot;&gt;      &lt;/span&gt;&lt;span class=&quot;pun&quot;&gt;{&lt;/span&gt;&lt;/code&gt;&lt;/li&gt;&lt;li class=&quot;L7&quot;&gt;&lt;code class=&quot;lang-json&quot;&gt;&lt;span class=&quot;pln&quot;&gt;        &lt;/span&gt;&lt;span class=&quot;str&quot;&gt;&quot;UserId&quot;&lt;/span&gt;&lt;span class=&quot;pln&quot;&gt; &lt;/span&gt;&lt;span class=&quot;pun&quot;&gt;:&lt;/span&gt;&lt;span class=&quot;pln&quot;&gt; &lt;/span&gt;&lt;span class=&quot;str&quot;&gt;&quot;1227489245380721&quot;&lt;/span&gt;&lt;span class=&quot;pun&quot;&gt;,&lt;/span&gt;&lt;/code&gt;&lt;/li&gt;&lt;li class=&quot;L8&quot;&gt;&lt;code class=&quot;lang-json&quot;&gt;&lt;span class=&quot;pln&quot;&gt;        &lt;/span&gt;&lt;span class=&quot;str&quot;&gt;&quot;UserName&quot;&lt;/span&gt;&lt;span class=&quot;pln&quot;&gt; &lt;/span&gt;&lt;span class=&quot;pun&quot;&gt;:&lt;/span&gt;&lt;span class=&quot;pln&quot;&gt; &lt;/span&gt;&lt;span class=&quot;str&quot;&gt;&quot;zhangqiang&quot;&lt;/span&gt;&lt;span class=&quot;pun&quot;&gt;,&lt;/span&gt;&lt;/code&gt;&lt;/li&gt;&lt;li class=&quot;L9&quot;&gt;&lt;code class=&quot;lang-json&quot;&gt;&lt;span class=&quot;pln&quot;&gt;        &lt;/span&gt;&lt;span class=&quot;str&quot;&gt;&quot;DisplayName&quot;&lt;/span&gt;&lt;span class=&quot;pun&quot;&gt;:&lt;/span&gt;&lt;span class=&quot;pln&quot;&gt; &lt;/span&gt;&lt;span class=&quot;str&quot;&gt;&quot;张强&quot;&lt;/span&gt;&lt;span class=&quot;pun&quot;&gt;,&lt;/span&gt;&lt;/code&gt;&lt;/li&gt;&lt;li class=&quot;L0&quot;&gt;&lt;code class=&quot;lang-json&quot;&gt;&lt;span class=&quot;pln&quot;&gt;        &lt;/span&gt;&lt;span class=&quot;str&quot;&gt;&quot;MobilePhone&quot;&lt;/span&gt;&lt;span class=&quot;pun&quot;&gt;:&lt;/span&gt;&lt;span class=&quot;pln&quot;&gt; &lt;/span&gt;&lt;span class=&quot;str&quot;&gt;&quot;86-18600008888&quot;&lt;/span&gt;&lt;span class=&quot;pun&quot;&gt;,&lt;/span&gt;&lt;/code&gt;&lt;/li&gt;&lt;li class=&quot;L1&quot;&gt;&lt;code class=&quot;lang-json&quot;&gt;&lt;span class=&quot;pln&quot;&gt;        &lt;/span&gt;&lt;span class=&quot;str&quot;&gt;&quot;Email&quot;&lt;/span&gt;&lt;span class=&quot;pun&quot;&gt;:&lt;/span&gt;&lt;span class=&quot;pln&quot;&gt; &lt;/span&gt;&lt;span class=&quot;str&quot;&gt;&quot;zhangqiang@example.com&quot;&lt;/span&gt;&lt;span class=&quot;pun&quot;&gt;,&lt;/span&gt;&lt;/code&gt;&lt;/li&gt;&lt;li class=&quot;L2&quot;&gt;&lt;code class=&quot;lang-json&quot;&gt;&lt;span class=&quot;pln&quot;&gt;        &lt;/span&gt;&lt;span class=&quot;str&quot;&gt;&quot;Comments&quot;&lt;/span&gt;&lt;span class=&quot;pun&quot;&gt;:&lt;/span&gt;&lt;span class=&quot;pln&quot;&gt; &lt;/span&gt;&lt;span class=&quot;str&quot;&gt;&quot;这是一位云计算工程师&quot;&lt;/span&gt;&lt;span class=&quot;pun&quot;&gt;,&lt;/span&gt;&lt;/code&gt;&lt;/li&gt;&lt;li class=&quot;L3&quot;&gt;&lt;code class=&quot;lang-json&quot;&gt;&lt;span class=&quot;pln&quot;&gt;        &lt;/span&gt;&lt;span class=&quot;str&quot;&gt;&quot;CreateDate&quot;&lt;/span&gt;&lt;span class=&quot;pln&quot;&gt; &lt;/span&gt;&lt;span class=&quot;pun&quot;&gt;:&lt;/span&gt;&lt;span class=&quot;pln&quot;&gt; &lt;/span&gt;&lt;span class=&quot;str&quot;&gt;&quot;2015-01-23T12:33:18Z&quot;&lt;/span&gt;&lt;span class=&quot;pun&quot;&gt;,&lt;/span&gt;&lt;/code&gt;&lt;/li&gt;&lt;li class=&quot;L4&quot;&gt;&lt;code class=&quot;lang-json&quot;&gt;&lt;span class=&quot;pln&quot;&gt;        &lt;/span&gt;&lt;span class=&quot;str&quot;&gt;&quot;UpdateDate&quot;&lt;/span&gt;&lt;span class=&quot;pln&quot;&gt; &lt;/span&gt;&lt;span class=&quot;pun&quot;&gt;:&lt;/span&gt;&lt;span class=&quot;pln&quot;&gt; &lt;/span&gt;&lt;span class=&quot;str&quot;&gt;&quot;2015-01-23T12:33:18Z&quot;&lt;/span&gt;&lt;/code&gt;&lt;/li&gt;&lt;li class=&quot;L5&quot;&gt;&lt;code class=&quot;lang-json&quot;&gt;&lt;span class=&quot;pln&quot;&gt;      &lt;/span&gt;&lt;span class=&quot;pun&quot;&gt;},&lt;/span&gt;&lt;/code&gt;&lt;/li&gt;&lt;li class=&quot;L6&quot;&gt;&lt;code class=&quot;lang-json&quot;&gt;&lt;span class=&quot;pln&quot;&gt;      &lt;/span&gt;&lt;span class=&quot;pun&quot;&gt;{&lt;/span&gt;&lt;/code&gt;&lt;/li&gt;&lt;li class=&quot;L7&quot;&gt;&lt;code class=&quot;lang-json&quot;&gt;&lt;span class=&quot;pln&quot;&gt;        &lt;/span&gt;&lt;span class=&quot;str&quot;&gt;&quot;UserId&quot;&lt;/span&gt;&lt;span class=&quot;pln&quot;&gt; &lt;/span&gt;&lt;span class=&quot;pun&quot;&gt;:&lt;/span&gt;&lt;span class=&quot;pln&quot;&gt; &lt;/span&gt;&lt;span class=&quot;str&quot;&gt;&quot;1406498224724456&quot;&lt;/span&gt;&lt;span class=&quot;pun&quot;&gt;,&lt;/span&gt;&lt;/code&gt;&lt;/li&gt;&lt;li class=&quot;L8&quot;&gt;&lt;code class=&quot;lang-json&quot;&gt;&lt;span class=&quot;pln&quot;&gt;        &lt;/span&gt;&lt;span class=&quot;str&quot;&gt;&quot;UserName&quot;&lt;/span&gt;&lt;span class=&quot;pln&quot;&gt; &lt;/span&gt;&lt;span class=&quot;pun&quot;&gt;:&lt;/span&gt;&lt;span class=&quot;pln&quot;&gt; &lt;/span&gt;&lt;span class=&quot;str&quot;&gt;&quot;lili&quot;&lt;/span&gt;&lt;span class=&quot;pun&quot;&gt;,&lt;/span&gt;&lt;/code&gt;&lt;/li&gt;&lt;li class=&quot;L9&quot;&gt;&lt;code class=&quot;lang-json&quot;&gt;&lt;span class=&quot;pln&quot;&gt;        &lt;/span&gt;&lt;span class=&quot;str&quot;&gt;&quot;DisplayName&quot;&lt;/span&gt;&lt;span class=&quot;pun&quot;&gt;:&lt;/span&gt;&lt;span class=&quot;pln&quot;&gt; &lt;/span&gt;&lt;span class=&quot;str&quot;&gt;&quot;李丽&quot;&lt;/span&gt;&lt;span class=&quot;pun&quot;&gt;,&lt;/span&gt;&lt;/code&gt;&lt;/li&gt;&lt;li class=&quot;L0&quot;&gt;&lt;code class=&quot;lang-json&quot;&gt;&lt;span class=&quot;pln&quot;&gt;        &lt;/span&gt;&lt;span class=&quot;str&quot;&gt;&quot;MobilePhone&quot;&lt;/span&gt;&lt;span class=&quot;pun&quot;&gt;:&lt;/span&gt;&lt;span class=&quot;pln&quot;&gt; &lt;/span&gt;&lt;span class=&quot;str&quot;&gt;&quot;86-18600009999&quot;&lt;/span&gt;&lt;span class=&quot;pun&quot;&gt;,&lt;/span&gt;&lt;/code&gt;&lt;/li&gt;&lt;li class=&quot;L1&quot;&gt;&lt;code class=&quot;lang-json&quot;&gt;&lt;span class=&quot;pln&quot;&gt;        &lt;/span&gt;&lt;span class=&quot;str&quot;&gt;&quot;Email&quot;&lt;/span&gt;&lt;span class=&quot;pun&quot;&gt;:&lt;/span&gt;&lt;span class=&quot;pln&quot;&gt; &lt;/span&gt;&lt;span class=&quot;str&quot;&gt;&quot;lili@example.com&quot;&lt;/span&gt;&lt;span class=&quot;pun&quot;&gt;,&lt;/span&gt;&lt;/code&gt;&lt;/li&gt;&lt;li class=&quot;L2&quot;&gt;&lt;code class=&quot;lang-json&quot;&gt;&lt;span class=&quot;pln&quot;&gt;        &lt;/span&gt;&lt;span class=&quot;str&quot;&gt;&quot;Comments&quot;&lt;/span&gt;&lt;span class=&quot;pun&quot;&gt;:&lt;/span&gt;&lt;span class=&quot;pln&quot;&gt; &lt;/span&gt;&lt;span class=&quot;str&quot;&gt;&quot;权限管理员&quot;&lt;/span&gt;&lt;span class=&quot;pun&quot;&gt;,&lt;/span&gt;&lt;/code&gt;&lt;/li&gt;&lt;li class=&quot;L3&quot;&gt;&lt;code class=&quot;lang-json&quot;&gt;&lt;span class=&quot;pln&quot;&gt;        &lt;/span&gt;&lt;span class=&quot;str&quot;&gt;&quot;CreateDate&quot;&lt;/span&gt;&lt;span class=&quot;pln&quot;&gt; &lt;/span&gt;&lt;span class=&quot;pun&quot;&gt;:&lt;/span&gt;&lt;span class=&quot;pln&quot;&gt; &lt;/span&gt;&lt;span class=&quot;str&quot;&gt;&quot;2015-02-18T17:22:08Z&quot;&lt;/span&gt;&lt;span class=&quot;pun&quot;&gt;,&lt;/span&gt;&lt;/code&gt;&lt;/li&gt;&lt;li class=&quot;L4&quot;&gt;&lt;code class=&quot;lang-json&quot;&gt;&lt;span class=&quot;pln&quot;&gt;        &lt;/span&gt;&lt;span class=&quot;str&quot;&gt;&quot;UpdateDate&quot;&lt;/span&gt;&lt;span class=&quot;pln&quot;&gt; &lt;/span&gt;&lt;span class=&quot;pun&quot;&gt;:&lt;/span&gt;&lt;span class=&quot;pln&quot;&gt; &lt;/span&gt;&lt;span class=&quot;str&quot;&gt;&quot;2015-02-18T17:22:08Z&quot;&lt;/span&gt;&lt;/code&gt;&lt;/li&gt;&lt;li class=&quot;L5&quot;&gt;&lt;code class=&quot;lang-json&quot;&gt;&lt;span class=&quot;pln&quot;&gt;      &lt;/span&gt;&lt;span class=&quot;pun&quot;&gt;}&lt;/span&gt;&lt;/code&gt;&lt;/li&gt;&lt;li class=&quot;L6&quot;&gt;&lt;code class=&quot;lang-json&quot;&gt;&lt;span class=&quot;pln&quot;&gt;    &lt;/span&gt;&lt;span class=&quot;pun&quot;&gt;]&lt;/span&gt;&lt;/code&gt;&lt;/li&gt;&lt;li class=&quot;L7&quot;&gt;&lt;code class=&quot;lang-json&quot;&gt;&lt;span class=&quot;pln&quot;&gt;  &lt;/span&gt;&lt;span class=&quot;pun&quot;&gt;}&lt;/span&gt;&lt;/code&gt;&lt;/li&gt;&lt;li class=&quot;L8&quot;&gt;&lt;code class=&quot;lang-json&quot;&gt;&lt;span class=&quot;pun&quot;&gt;}&lt;/span&gt;&lt;/code&gt;&lt;/li&gt;&lt;/ol&gt;&lt;/pre&gt;"/>
          <id value="2"/>
          <note value="JSON格式"/>
        </x-responsesample>
      </x-responsesample>
    </node>
    <node nodeName="/public">
      <request>
        <parameters nodeType="array">
          <parameters>
            <default value="XML"/>
            <description value="返回值的类型，支持 JSON 与 XML。默认为 XML。"/>
            <enum nodeType="array">
              <enum value="XML"/>
              <enum value="JSON"/>
            </enum>
            <in value="query"/>
            <name value="Format"/>
            <required value="false"/>
            <type value="string"/>
          </parameters>
          <parameters>
            <description value="API 版本号，为日期形式：YYYY-MM-DD，本版本对应为 2014-05-26。"/>
            <in value="query"/>
            <name value="Version"/>
            <required value="true"/>
            <type value="string"/>
          </parameters>
          <parameters>
            <description value="阿里云颁发给用户的访问服务所用的密钥 ID。"/>
            <in value="query"/>
            <name value="AccessKeyId"/>
            <required value="true"/>
            <type value="string"/>
          </parameters>
          <parameters>
            <description value="签名结果串，关于签名的计算方法，请参见&amp;lt;&lt;a href=&quot;/document_detail/25492.html&quot;&gt;签名机制&lt;/a&gt;&amp;gt;。"/>
            <in value="query"/>
            <name value="Signature"/>
            <required value="true"/>
            <type value="string"/>
          </parameters>
          <parameters>
            <description value="签名方式，目前支持 HMAC-SHA1。"/>
            <in value="query"/>
            <name value="SignatureMethod"/>
            <required value="true"/>
            <type value="string"/>
          </parameters>
          <parameters>
            <description value="        请求的时间戳。日期格式按照 &lt;a href=&quot;/document_detail/25696.html&quot;&gt;ISO8601&lt;/a&gt; 标准表示，并需要使用 UTC 时间。格式为： &lt;br /&gt;        YYYY-MM-DDThh:mm:ssZ &lt;br /&gt;        例如，2014-05-26T12:00:00Z（为北京时间 2014 年 5 月 26 日 20 点 0 分 0 秒）。    "/>
            <in value="query"/>
            <name value="Timestamp"/>
            <required value="true"/>
            <type value="string"/>
          </parameters>
          <parameters>
            <description value="签名算法版本，目前版本是 1.0。"/>
            <in value="query"/>
            <name value="SignatureVersion"/>
            <required value="true"/>
            <type value="string"/>
          </parameters>
          <parameters>
            <description value="唯一随机数，用于防止网络重放攻击。用户在不同请求间要使用不同的随机数值"/>
            <in value="query"/>
            <name value="SignatureNonce"/>
            <required value="true"/>
            <type value="string"/>
          </parameters>
        </parameters>
      </request>
      <response>
        <RequestId>
          <description value="用户发送的每次接口调用请求，无论成功与否，系统都会返回一个唯一识别码"/>
          <in value="body"/>
          <name value="RequestId"/>
          <type value="string"/>
        </RequestId>
      </response>
    </node>
  </paths>
  <swagger value="2.0"/>
  <x-vee value="2.0 AS"/>
</root>
