<?xml version="1.0" encoding="UTF-8"?>
<root>
  <host value="vpc.aliyuncs.com"/>
  <info>
    <description value="专有网络VPC（Virtual Private Cloud）是用户基于阿里云创建的自定义私有网络, 不同的专有网络之间二层逻辑隔离，用户可以在自己创建的专有网络内创建和管理云产品实例，比如ECS、负载均衡、RDS等。"/>
    <title value="VPC"/>
    <version value="1.0"/>
  </info>
  <paths>
    <node nodeName="/DescribeAccessPoints">
      <get>
        <consumes nodeType="array">
          <consumes value="application/x-www-form-urlencoded"/>
        </consumes>
        <description value="&lt;h2 id=&quot;h2--em-em-&quot;&gt;&lt;a name=&quot;&amp;lt;em&amp;gt;描述&amp;lt;/em&amp;gt;&quot; class=&quot;reference-link&quot;&gt;&lt;/a&gt;&lt;span class=&quot;header-link octicon octicon-link&quot;&gt;&lt;/span&gt;&lt;em&gt;描述&lt;/em&gt;&lt;/h2&gt;&lt;ul&gt;&lt;li&gt;查询本Region管理下的所有专线接入点（AccessPoint）的详细信息&lt;/li&gt;&lt;/ul&gt;"/>
        <parameters nodeType="array">
          <parameters>
            <description value="操作接口名，系统规定参数，取值:DescribeAccessPoints"/>
            <enum nodeType="array">
              <enum value="DescribeAccessPoints"/>
            </enum>
            <in value="query"/>
            <name value="Action"/>
            <required value="true"/>
            <type value="string"/>
          </parameters>
          <parameters>
            <description value="所在地域（管理实例的Region ID）"/>
            <in value="query"/>
            <name value="RegionId"/>
            <required value="true"/>
            <type value="string"/>
          </parameters>
          <parameters>
            <description value="专线接入点（AP）类型，不指定表示返回所有类型的AP。 可选值：&lt;br&gt;&lt;li&gt;VPC - VPC接入点，可接受访问VPC类型网络的专线接入&lt;/li&gt;"/>
            <enum nodeType="array">
              <enum value="VPC"/>
            </enum>
            <in value="query"/>
            <name value="Type"/>
            <required value="false"/>
            <type value="string"/>
          </parameters>
          <parameters>
            <default value="1"/>
            <description value="查询结果的页码；不指定时，默认为1；&lt;br&gt;取值范围：正整数；若PageNumber大于实际结果的最大页码，则返回最后一页的内容。"/>
            <in value="query"/>
            <name value="PageNumber"/>
            <required value="false"/>
            <type value="integer"/>
          </parameters>
          <parameters>
            <default value="10"/>
            <description value="查询结果的分页大小。取值范围为[1,100]，默认为10。"/>
            <in value="query"/>
            <maximum value="100"/>
            <minimum value="1"/>
            <name value="PageSize"/>
            <required value="false"/>
            <type value="integer"/>
          </parameters>
        </parameters>
        <produces nodeType="array">
          <produces value="application/xml"/>
          <produces value="application/json"/>
        </produces>
        <responses>
          <node nodeName="200">
            <description value="Accept"/>
            <schema>
              <properties>
                <AccessPointSet>
                  <description value="专线接入点信息AccessPointType组成的集合"/>
                  <items>
                    <x-schema>
                      <properties>
                        <AccessPointId>
                          <description value="接入点（AP）ID"/>
                          <name value="AccessPointId"/>
                          <type value="string"/>
                        </AccessPointId>
                        <AttachedRegionId>
                          <description value="接入点物理上所在的Region ID，不填表示接入点物理上不属于任何Region"/>
                          <name value="AttachedRegionId"/>
                          <type value="string"/>
                        </AttachedRegionId>
                        <Description>
                          <description value="专线接入点（AP）的描述"/>
                          <name value="Description"/>
                          <type value="string"/>
                        </Description>
                        <HostOperator>
                          <description value="专线接入点（AP）机房所属的运营商"/>
                          <name value="HostOperator"/>
                          <type value="string"/>
                        </HostOperator>
                        <Location>
                          <description value="专线接入点（AP）所处物理位置"/>
                          <name value="Location"/>
                          <type value="string"/>
                        </Location>
                        <Name>
                          <description value="专线接入点（AP）的名称"/>
                          <name value="Name"/>
                          <type value="string"/>
                        </Name>
                        <Status>
                          <description value="专线接入点状态，可选值：&lt;ul&gt;&lt;li&gt;Recommended - 状态良好，推荐接入&lt;/li&gt;&lt;li&gt;Hot - 接入客户较多，状态正常&lt;/li&gt;&lt;li&gt;Full - 接入客户已满，无法接入&lt;/li&gt;&lt;/ul&gt;"/>
                          <enum nodeType="array">
                            <enum value="Recommended"/>
                            <enum value="Hot"/>
                            <enum value="Full"/>
                          </enum>
                          <name value="Status"/>
                          <type value="string"/>
                        </Status>
                        <Type>
                          <description value="专线接入点（AP）类型，可选值：&lt;ul&gt;&lt;li&gt;VPC - VPC接入点，可接受访问VPC类型网络的专线接入&lt;/li&gt;&lt;/ul&gt;"/>
                          <enum nodeType="array">
                            <enum value="VPC"/>
                          </enum>
                          <name value="Type"/>
                          <type value="string"/>
                        </Type>
                      </properties>
                      <type value="object"/>
                    </x-schema>
                  </items>
                  <name value="AccessPointSet"/>
                  <type value="array"/>
                </AccessPointSet>
                <PageNumber>
                  <description value="实例列表的页码"/>
                  <name value="PageNumber"/>
                  <type value="integer"/>
                </PageNumber>
                <PageSize>
                  <description value="查询结果的分页大小"/>
                  <name value="PageSize"/>
                  <type value="integer"/>
                </PageSize>
                <TotalCount>
                  <description value="实例总个数"/>
                  <name value="TotalCount"/>
                  <type value="integer"/>
                </TotalCount>
              </properties>
              <type value="object"/>
            </schema>
          </node>
          <node nodeName="400">
            <description value="{code: MissingParameter, describeen: The input parameter “Action” that is mandatory for processing this request is not supplied, describecn: 缺少 Action 字段}, {code: MissingParameter, describeen: The input parameter “AccessKeyId” that is mandatory for processing this request is not supplied, describecn: 缺少 AccessKeyId 字段}, {code: MissingParameter, describeen: An input parameter “Signature” that is mandatory for processing the request is not supplied., describecn: 缺少 Signature 字段}, {code: MissingParameter, describeen: The input parameter “TimeStamp” that is mandatory for processing this request is not supplied, describecn: 缺少 Timestamp 字段}, {code: MissingParameter, describeen: The input parameter “Version” that is mandatory for processing this request is not supplied, describecn: 缺少 Version 字段}, {code: InvalidParameter, describeen: The specified parameter “Action or Version” is not valid., describecn: 无效的 Action 值（该 API 不存在）}, {code: InvalidAccessKeyId.NotFound, describeen: The Access Key ID provided does not exist in our records., describecn: 无效的 AccessKeyId 值（该 key 不存在）}, {code: IncompleteSignature, describeen: The request signature does not conform to Aliyun standards., describecn: 无效的 Signature 取值（签名结果错误）}, {code: InvalidParamater, describeen: The specified parameter “SignatureMethod” is not valid., describecn: 无效的 SignatureMethod 取值}, {code: InvalidParamater, describeen: The specified parameter “SignatureVersion” is not valid., describecn: 无效的 SignatureVersion 取值}, {code: IllegalTimestamp, describeen: The input parameter “Timestamp” that is mandatory for processing this request is not supplied., describecn: 无效的 Timestamp 取值（Timestamp 与服务器时间相差超过了 1 个小时）}, {code: SignatureNonceUsed, describeen: The request signature nonce has been used., describecn: 无效的 SignatureNonce（该 SignatureNonce 值已被使用过）}, {code: InvalidParameter, describeen: The specified parameter “Action or Version” is not valid., describecn: 无效的 Version 取值}, {code: InvalidOwnerId, describeen: The specified OwnerId is not valid., describecn: 无效的 OwnerId 取值}, {code: InvalidOwnerAccount, describeen: The specified OwnerAccount is not valid., describecn: 无效的 OwnerAccount 取值}, {code: InvalidOwner, describeen: OwnerId and OwnerAccount can’t be used at one API access., describecn: 同时使用了 OwnerId 和 OwnerAccount}, {code: Throttling, describeen: Request was denied due to request throttling., describecn: 因系统流控拒绝访问}, {code: Throttling, describeen: Request was denied due to request throttling., describecn: 该 key 的调用 quota 已用完}, {code: UnsupportedParameter, describeen: The parameter ”&amp;lt;parameter name&amp;gt;” is not supported., describecn: 使用了无效的参数}, {code: UnsupportedParameter, describeen: The parameter ”&amp;lt;parameter name&amp;gt;” is not supported., describecn: 该参数无权使用}, {code: InsufficientBalance, describeen: Your account does not have enough balance., describecn: 余额不足}, {code: IdempotentParameterMismatch, describeen: Request uses a client token in a previous request but is not identical to that request., describecn: 使用了一个已经使用过的 ClientToken，但此次请求内容却又与上一次使用该 Token 的 request 不一样.}, {code: InvalidParameter, describeen: The specified parameter is not valid, describecn: 参数校验失败}"/>
          </node>
          <node nodeName="403">
            <description value="{code: Forbidden.AccessKeyDisabled, describeen: The Access Key is disabled., describecn: 该 AccessKey 处于禁用状态}, {code: InvalidAction, describeen: Specified action is not valid., describecn: 该 key 无权调用该 API}, {code: UnsupportedHTTPMethod, describeen: This http method is not supported., describecn: 用户使用了不支持的 Http Method（当前 TOP 只支持 post 和 get）}, {code: MissingParameter, describeen: The input parameter OwnerId,OwnerAccount that is mandatory for processing this request is not supplied., describecn: 调用该接口没有指定 OwnerId}, {code: Forbidden.SubUser, describeen: The specified action is not available for you。, describecn: 无权调用订单类接口}, {code: Forbidden.RAM, describeen: User not authorized to operate the specified resource, or this API doesn’t support RAM., describecn: 使用了 RAM 授权子账号进行资源访问,但是本次操作没有被正确的授权}, {code: Forbidden.NotSupportRAM, describeen: This action does not support accessed by RAM mode., describecn: 该接口不允许使用 RAM 方式进行访问}, {code: RealNameAuthenticationError, describeen: Your account has not passed the real-name authentication yet., describecn: 用户未进行实名认证}, {code: InvalidIdempotenceParameter.Mismatch, describeen: The specified parameters are different from before, describecn: 幂等参数不匹配}, {code: LastTokenProcessing, describeen: The last token request is processing, describecn: 上一次请求还在处理中}"/>
          </node>
          <node nodeName="404">
            <description value="{code: Forbidden.InstanceNotFound, describeen: The specified Instance is not found, so we cann’t get enough information to check permission in RAM., describecn: 使用了 RAM 授权子账号进行资源访问，但是本次访问涉及到的 Instance 不存在}, {code: Forbidden.DiskNotFound, describeen: The specified Disk is not found, so we cann’t get enough information to check permission in RAM., describecn: 使用了 RAM 授权子账号进行资源访问,但是本次访问涉及到的 Disk 不存在}, {code: Forbidden.SecurityGroupNotFound, describeen: The specified SecurityGroup is not found, so we cann’t get enough information to check permission in RAM., describecn: 使用了 RAM 授权子账号进行资源访问,但是本次访问涉及到的 SecurityGroup 不存在}, {code: Forbidden.SnapshotNotFound, describeen: The specified Snapshot is not found, so we cann’t get enough information to check permission in RAM., describecn: 使用了 RAM 授权子账号进行资源访问,但是本次访问涉及到的 Snapshot 不存在}, {code: Forbidden.ImageNotFound, describeen: The specified Image is not found, so we cann’t get enough information to check permission in RAM., describecn: 使用了 RAM 授权子账号进行资源访问,但是本次访问涉及到的 Image 不存在},{code: InvalidRegionId.NotFound, describeen: The RegionId provided does not exist in our records., describecn: 指定的RegionId不存在}"/>
          </node>
          <node nodeName="500">
            <description value="{code: ServiceUnavailable, describeen: The request has failed due to a temporary failure of the server., describecn: 服务不可用}, {code: InternalError, describeen: The request processing has failed due to some unknown error, exception or failure., describecn: 其他情况}"/>
          </node>
        </responses>
      </get>
      <parameter>
        <node nodeName="$ref" value="#/paths/&quot;/public&quot;/request/parameters"/>
      </parameter>
      <summary value="查询可用专线接入点信息"/>
      <x-requestsample nodeType="array">
        <x-requestsample>
          <description value="&#10;"/>
          <id value="1"/>
        </x-requestsample>
      </x-requestsample>
      <x-responsesample nodeType="array">
        <x-responsesample>
          <description value="&#10;"/>
          <id value="1"/>
        </x-responsesample>
      </x-responsesample>
    </node>
    <node nodeName="/public">
      <request>
        <parameters nodeType="array">
          <parameters>
            <default value="XML"/>
            <description value="返回值的类型，支持 JSON 与 XML。默认为 XML。"/>
            <enum nodeType="array">
              <enum value="XML"/>
              <enum value="JSON"/>
            </enum>
            <in value="query"/>
            <name value="Format"/>
            <required value="false"/>
            <type value="string"/>
          </parameters>
          <parameters>
            <description value="API 版本号，为日期形式：YYYY-MM-DD，本版本对应为 2014-05-26。"/>
            <in value="query"/>
            <name value="Version"/>
            <required value="true"/>
            <type value="string"/>
          </parameters>
          <parameters>
            <description value="阿里云颁发给用户的访问服务所用的密钥 ID。"/>
            <in value="query"/>
            <name value="AccessKeyId"/>
            <required value="true"/>
            <type value="string"/>
          </parameters>
          <parameters>
            <description value="签名结果串，关于签名的计算方法，请参见&amp;lt;&lt;a href=&quot;/document_detail/25492.html&quot;&gt;签名机制&lt;/a&gt;&amp;gt;。"/>
            <in value="query"/>
            <name value="Signature"/>
            <required value="true"/>
            <type value="string"/>
          </parameters>
          <parameters>
            <description value="签名方式，目前支持 HMAC-SHA1。"/>
            <in value="query"/>
            <name value="SignatureMethod"/>
            <required value="true"/>
            <type value="string"/>
          </parameters>
          <parameters>
            <description value="        请求的时间戳。日期格式按照 &lt;a href=&quot;/document_detail/25696.html&quot;&gt;ISO8601&lt;/a&gt; 标准表示，并需要使用 UTC 时间。格式为： &lt;br /&gt;        YYYY-MM-DDThh:mm:ssZ &lt;br /&gt;        例如，2014-05-26T12:00:00Z（为北京时间 2014 年 5 月 26 日 20 点 0 分 0 秒）。    "/>
            <in value="query"/>
            <name value="Timestamp"/>
            <required value="true"/>
            <type value="string"/>
          </parameters>
          <parameters>
            <description value="签名算法版本，目前版本是 1.0。"/>
            <in value="query"/>
            <name value="SignatureVersion"/>
            <required value="true"/>
            <type value="string"/>
          </parameters>
          <parameters>
            <description value="唯一随机数，用于防止网络重放攻击。用户在不同请求间要使用不同的随机数值"/>
            <in value="query"/>
            <name value="SignatureNonce"/>
            <required value="true"/>
            <type value="string"/>
          </parameters>
          <parameters>
            <description value="本次 API 请求访问到的资源拥有者账户，即登录用户名。 &lt;br /&gt;        此参数的使用方法，详见&amp;lt; &lt;a href=&quot;/document_detail/25494.html&quot;&gt;借助 RAM 实现子账号对主账号的 ECS 资源访问&lt;/a&gt; &amp;gt;，（只能在 &lt;a href=&quot;/document_detail/25496.html&quot;&gt;RAM 中可对 ECS 资源进行授权的 Action&lt;/a&gt; 中才能使用此参数，否则访问会被拒绝）    "/>
            <in value="query"/>
            <name value="ResourceOwnerAccount"/>
            <required value="false"/>
            <type value="string"/>
          </parameters>
        </parameters>
      </request>
      <response>
        <RequestId>
          <description value="用户发送的每次接口调用请求，无论成功与否，系统都会返回一个唯一识别码"/>
          <in value="body"/>
          <name value="RequestId"/>
          <type value="string"/>
        </RequestId>
      </response>
    </node>
  </paths>
  <swagger value="2.0"/>
  <x-vee value="2.0 AS"/>
</root>
