<?xml version="1.0" encoding="UTF-8"?>
<root>
  <host value=""/>
  <info>
    <description value="阿里云对象存储服务（Object Storage Service，简称OSS），是阿里云对外提供的海量，安全，低成本，高可靠的云存储服务。用户可以通过本文档提供的简单的REST接口，在任何时间、任何地点、任何互联网设备上进行上传和下载数据。基于OSS，用户可以搭建出各种多媒体分享网站、网盘、个人和企业数据备份等基于大规模数据的服务。"/>
    <title value="aliyun oss api"/>
    <version value="1.0"/>
  </info>
  <paths>
    <node nodeName="/{BucketName}.oss-cn-hangzhou.aliyuncs.com/GetBucketReferer/?referer">
      <get>
        <consumes nodeType="array">
          <consumes value="application/x-www-form-urlencoded"/>
        </consumes>
        <description value="Get Bucket Referer操作用于查看bucket的Referer相关配置。Bucket Referer防盗链具体见OSS防盗链。 1.&#9;如果Bucket不存在，返回404错误。错误码：NoSuchBucket。 2.&#9;只有Bucket的拥有者才能查看Bucket的Referer配置信息，否则返回403 Forbidden错误,错误码：AccessDenied。 3.  如果Bucket未进行Referer相关配置，OSS会返回默认的AllowEmptyReferer值和空的RefererList。"/>
        <parameters nodeType="array">
          <parameters>
            <description value="对象名"/>
            <in value="path"/>
            <name value="BucketName"/>
            <required value="true"/>
            <type value="string"/>
          </parameters>
        </parameters>
        <produces nodeType="array">
          <produces value="application/x-www-form-urlencoded"/>
        </produces>
        <responses>
          <node nodeName="200">
            <description value="success response"/>
            <schema>
              <properties>
                <RefererConfiguration>
                  <description value="保存Referer配置内容的容器    类型：容器     子节点：AllowEmptyReferer节点、RefererList节点    父节点：无"/>
                  <in value="formData"/>
                  <name value="RefererConfiguration"/>
                  <properties>
                    <AllowEmptyReferer>
                      <default value="true"/>
                      <description value="指定是否允许referer字段为空的请求访问。   类型：枚举字符串 有效值：true 或 false`默认值：true  父节点：RefererConfiguration"/>
                      <enum nodeType="array">
                        <enum value="true"/>
                        <enum value="false"/>
                      </enum>
                      <in value="formData"/>
                      <name value="AllowEmptyReferer"/>
                      <type value="string"/>
                    </AllowEmptyReferer>
                    <RefererList>
                      <description value="保存referer访问白名单的容器。  类型：容器  父节点：RefererConfiguration  子节点：Referer"/>
                      <in value="formData"/>
                      <name value="RefererList"/>
                      <properties>
                        <Referer>
                          <description value="指定一条referer访问白名单。  类型：字符串  父节点：RefererList"/>
                          <in value="formData"/>
                          <name value="Referer"/>
                          <type value="string"/>
                        </Referer>
                      </properties>
                      <type value="object"/>
                    </RefererList>
                  </properties>
                  <type value="object"/>
                </RefererConfiguration>
              </properties>
              <type value="object"/>
            </schema>
          </node>
          <node nodeName="403">
            <description value="只有Bucket的拥有者才能查看Bucket的Referer配置信息，否则返回403 Forbidden错误,错误码：AccessDenied。"/>
          </node>
          <node nodeName="404">
            <description value="如果Bucket不存在，返回404错误。错误码：NoSuchBucket。"/>
          </node>
        </responses>
      </get>
      <summary value="查看Bucket的防盗链规则"/>
      <x-requestformat value=" GET /?referer HTTP/1.1 Host: BucketName.oss.aliyuncs.com Date: GMT Date Authorization: SignatureValue&#10;"/>
      <x-requestsample nodeType="array">
        <x-requestsample>
          <description value=" Get /?referer HTTP/1.1 Host: oss-example.oss.aliyuncs.com Date: Thu, 13 Sep 2012 07:51:28 GMT Authorization: OSS qn6qrrqxo2oawuk53otfjbyc: BuG4rRK+zNhH1AcF51NNHD39zXw= "/>
          <id value="1"/>
        </x-requestsample>
        <x-requestsample>
          <description value=" Get /?referer HTTP/1.1 Host: oss-example.oss.aliyuncs.com Date: Thu, 13 Sep 2012 07:51:28 GMT Authorization: OSS qn6qrrqxo2oawuk53otfjbyc: BuG4rRK+zNhH1AcF51NNHD39zXw=&#10;"/>
          <id value="2"/>
        </x-requestsample>
      </x-requestsample>
      <x-responsesample nodeType="array">
        <x-responsesample>
          <description value=" HTTP/1.1 200 x-oss-request-id: 534B371674E88A4D8906008B Date: Thu, 13 Sep 2012 07:51:28 GMT Connection: keep-alive Content-Length: 218 Server: AliyunOSS &lt;?xml version=&quot;1.0&quot; encoding=&quot;UTF-8&quot;?&gt; &lt;RefererConfiguration&gt; &lt;AllowEmptyReferer&gt;true&lt;/AllowEmptyReferer &gt; &lt;RefererList&gt; &lt;Referer&gt; http://www.aliyun.com&lt;/Referer&gt; &lt;Referer&gt; https://www.aliyun.com&lt;/Referer&gt; &lt;Referer&gt; http://www.*.com&lt;/Referer&gt; &lt;Referer&gt; https://www.?.aliyuncs.com&lt;/Referer&gt; &lt;/RefererList&gt; &lt;/RefererConfiguration&gt;&#10;"/>
          <id value="1"/>
          <note value="已设置Referer规则的返回示例"/>
        </x-responsesample>
        <x-responsesample>
          <description value=" HTTP/1.1 200 x-oss-request-id: 534B371674E88A4D8906008B Date: Thu, 13 Sep 2012 07:56:46 GMT Connection: keep-alive Content-Length: 308 Server: AliyunOSS &lt;?xml version=&quot;1.0&quot; encoding=&quot;UTF-8&quot;?&gt; &lt;RefererConfiguration&gt; &lt;AllowEmptyReferer&gt;true&lt;/AllowEmptyReferer &gt; &lt; RefererList /&gt; &lt;/RefererConfiguration&gt;&#10;"/>
          <id value="2"/>
          <note value="未设置Referer规则的返回示例"/>
        </x-responsesample>
      </x-responsesample>
    </node>
  </paths>
  <swagger value="2.0"/>
  <x-vee value="2.0 AS"/>
</root>
