<?xml version="1.0" encoding="UTF-8"?>
<root>
  <host value="ecs.aliyuncs.com"/>
  <info>
    <description value="云服务器（Elastic Compute Service，简称 ECS）是一种简单高效、处理能力可弹性伸缩的计算服务，帮助您快速构建更稳定、安全的应用，提升运维效率，降低 IT 成本，使您更专注于核心业务创新。"/>
    <title value="instance"/>
    <version value="1.0"/>
  </info>
  <paths>
    <node nodeName="/RevokeSecurityGroup">
      <get>
        <consumes nodeType="array">
          <consumes value="application/x-www-form-urlencoded"/>
        </consumes>
        <description value="&lt;h2 id=&quot;h2-u63CFu8FF0&quot;&gt;&lt;a name=&quot;描述&quot; class=&quot;reference-link&quot;&gt;&lt;/a&gt;&lt;span class=&quot;header-link octicon octicon-link&quot;&gt;&lt;/span&gt;描述&lt;/h2&gt;&lt;p&gt;撤销安全组的访问权限支持两种方式：一是撤销本Region内(经典网络)/本VPC内(VPC)其他安全组采用指定协议通过指定端口对本安全组的授权规则；二是撤销IP网段采用指定协议通过指定端口访问本安全组，只有调用授权接口授权的权限条目才可以删除。&lt;/p&gt;&lt;p&gt;安全组规则由两组可选参数中的一组组成：&lt;code&gt;SourceGroupOwnerAccount&lt;/code&gt;、&lt;code&gt;SourceGroupId&lt;/code&gt;、&lt;code&gt;IpProtocol&lt;/code&gt;、&lt;code&gt;PortRange&lt;/code&gt;、&lt;code&gt;NicType&lt;/code&gt;、&lt;code&gt;Policy&lt;/code&gt;或者&lt;code&gt;SourceCidrIp&lt;/code&gt;、&lt;code&gt;IpProtocol&lt;/code&gt;、&lt;code&gt;PortRange&lt;/code&gt;、&lt;code&gt;NicType&lt;/code&gt;、&lt;code&gt;Policy&lt;/code&gt;。如匹配的规则找不到将会报错。&lt;/p&gt;&lt;h2 id=&quot;h2-revokesecuritygroup-revokesecuritygroupegress-&quot;&gt;&lt;a name=&quot;RevokeSecurityGroup和RevokeSecurityGroupEgress的区别&quot; class=&quot;reference-link&quot;&gt;&lt;/a&gt;&lt;span class=&quot;header-link octicon octicon-link&quot;&gt;&lt;/span&gt;RevokeSecurityGroup和RevokeSecurityGroupEgress的区别&lt;/h2&gt;&lt;p&gt;这两个方法都是用来操作安全组规则的，但是有区别：&lt;/p&gt;&lt;ul&gt;&lt;li&gt;RevokeSecurityGroup 是用来撤销“入方向”的安全组规则，也就是“In”方向上的规则;&lt;/li&gt;&lt;li&gt;RevokeSecurityGroupEgress 是用来撤销“出方向”的安全组规则。&lt;/li&gt;&lt;/ul&gt;&lt;p&gt;一般来说，前者的使用更多，您根据实际情况来选择一个方法即可。&lt;/p&gt;&lt;p&gt;类似的，AuthorizeSecurityGroup和AuthorizeSecurityGroupEgress也是这样，前者授权入方向的规则，后者授权出方向的规则。&lt;/p&gt;"/>
        <parameters nodeType="array">
          <parameters>
            <description value="系统规定参数，取值：RevokeSecurityGroup"/>
            <enum nodeType="array">
              <enum value="RevokeSecurityGroup"/>
            </enum>
            <in value="query"/>
            <name value="Action"/>
            <required value="true"/>
            <type value="string"/>
          </parameters>
          <parameters>
            <description value="目标安全组ID"/>
            <in value="query"/>
            <name value="SecurityGroupId"/>
            <required value="true"/>
            <type value="string"/>
          </parameters>
          <parameters>
            <description value="目标安全组所属 Region ID。RegionId 的列表详见 &lt;a href=&quot;/document_detail/40654.html&quot;&gt;地域列表&lt;/a&gt;。"/>
            <in value="query"/>
            <name value="RegionId"/>
            <required value="true"/>
            <type value="string"/>
          </parameters>
          <parameters>
            <description value="IP协议，取值：tcp | udp | icmp | gre | all；&lt;br&gt;all表示同时支持四种协议"/>
            <enum nodeType="array">
              <enum value="tcp"/>
              <enum value="udp"/>
              <enum value="icmp"/>
              <enum value="gre"/>
              <enum value="all"/>
            </enum>
            <in value="query"/>
            <name value="IpProtocol"/>
            <required value="true"/>
            <type value="string"/>
          </parameters>
          <parameters>
            <description value="IP协议相关的端口号范围&lt;ul&gt;&lt;li&gt;协议为tcp、udp时默认端口号，取值范围为1~65535；例如“1/200”意思是端口号范围为1~200，若输入值为：“200/1”接口调用将报错。&lt;/li&gt;&lt;li&gt;协议为icmp时端口号范围值为-1/-1；&lt;/li&gt;&lt;li&gt;gre协议时端口号范围值为-1/-1；&lt;/li&gt;&lt;li&gt;协议为all时端口号范围值为-1/-1&lt;/li&gt;&lt;/ul&gt;"/>
            <in value="query"/>
            <name value="PortRange"/>
            <required value="true"/>
            <type value="string"/>
          </parameters>
          <parameters>
            <default value="SourceCidrIp"/>
            <description value="源安全组ID，SourceGroupId或者SourceCidrIp参数必须设置一项，如果两项都设置，则默认对SourceCidrIp授权。可以同时指定多个Group（最多10个），但必须采用逗号“,”分隔"/>
            <in value="query"/>
            <name value="SourceGroupId"/>
            <required value="false"/>
            <type value="string"/>
          </parameters>
          <parameters>
            <description value="跨用户撤销安全组规则时，源安全组所属用户阿里云账号。该参数可选，如果该参数及SourceGroupOwnerID均未设置，则默认为同一账户安全组间撤销。SourceCidrIp如果已经被设置，则该参数无效。"/>
            <in value="query"/>
            <name value="SourceGroupOwnerAccount"/>
            <required value="false"/>
            <type value="string"/>
          </parameters>
          <parameters>
            <description value="跨用户撤销安全组规则时，源安全组所属用户阿里云账号ID。该参数可选，如果该参数及SourceGroupOwnerAccount均未设置，则默认为同一账户安全组间撤销。SourceCidrIp如果已经被设置，则该参数无效。"/>
            <in value="query"/>
            <name value="SourceGroupOwnerId"/>
            <required value="false"/>
            <type value="string"/>
          </parameters>
          <parameters>
            <default value="0.0.0.0/0"/>
            <description value="源IP地址范围，必须采用CIDR格式来指定IP地址范围，默认值为0.0.0.0/0（表示不受限制），其他支持的格式如10.159.6.18/12。仅支持IPV4。"/>
            <in value="query"/>
            <name value="SourceCidrIp"/>
            <required value="false"/>
            <type value="string"/>
          </parameters>
          <parameters>
            <description value="源IP协议相关的端口号范围，可选参数&lt;ul&gt;&lt;li&gt;协议为tcp、udp时默认端口号，取值范围为1~65535；例如“1/200”意思是端口号范围为1~200，若输入值为：“200/1”接口调用将报错。&lt;/li&gt;&lt;li&gt;协议为icmp时端口号范围值为-1/-1；&lt;/li&gt;&lt;li&gt;gre协议时端口号范围值为-1/-1；&lt;/li&gt;&lt;li&gt;协议为all时端口号范围值为-1/-1&lt;/li&gt;&lt;/ul&gt;"/>
            <in value="query"/>
            <name value="SourcePortRange"/>
            <required value="false"/>
            <type value="string"/>
          </parameters>
          <parameters>
            <description value="目的IP地址范围，可选参数，不填表示该规则适用于当前安全组下所有ip，否则则表示仅限该参数设定的ip范围。必须采用CIDR格式（如10.159.6.18/12）来指定IP地址范围。仅支持IPV4。"/>
            <in value="query"/>
            <name value="DestCidrIp"/>
            <required value="false"/>
            <type value="string"/>
          </parameters>
          <parameters>
            <default value="accept"/>
            <description value="授权策略，参数值可为：accept（接受访问），drop (拒绝访问)&lt;br&gt;默认值为：accept"/>
            <enum nodeType="array">
              <enum value="accept"/>
              <enum value="drop"/>
            </enum>
            <in value="query"/>
            <name value="Policy"/>
            <required value="false"/>
            <type value="string"/>
          </parameters>
          <parameters>
            <default value="internet"/>
            <description value="网络类型，取值：&lt;ul&gt;&lt;li&gt;internet&lt;/li&gt;&lt;li&gt;intranet；&lt;/li&gt;&lt;/ul&gt;默认值为internet&lt;br&gt;当对安全组进行相互授权时（即指定了SourceGroupId且没有指定SourceCidrIp），必须指定NicType为intranet"/>
            <enum nodeType="array">
              <enum value="internet"/>
              <enum value="intranet"/>
            </enum>
            <in value="query"/>
            <name value="NicType"/>
            <required value="false"/>
            <type value="string"/>
          </parameters>
          <parameters>
            <description value="安全组规则的优先级。该参数可选，如果该参数有值则会精确删除与该Priority匹配的规则，否则忽略此条件"/>
            <in value="query"/>
            <name value="Priority"/>
            <required value="false"/>
            <type value="integer"/>
          </parameters>
        </parameters>
        <produces nodeType="array">
          <produces value="application/xml"/>
          <produces value="application/json"/>
        </produces>
        <responses>
          <node nodeName="200">
            <description value="Accept"/>
            <schema>
              <properties/>
              <type value="object"/>
            </schema>
          </node>
          <node nodeName="400">
            <description value="{code: IdempotentParameterMismatch, describeen: The request is retried with updated parameters.}, {code: IllegalTimestamp, describeen: The input parameter “Timestamp” that is mandatory for processing this request is not supplied.}, {code: IncompleteSignature, describeen: The request signature does not conform to Aliyun standards.}, {code: InsufficientBalance, describeen: Your account does not have enough balance.}, {code: InvalidAccessKeyId.NotFound, describeen: The specified Access Key ID does not exist.}, {code: InvalidOwner, describeen: OwnerId and OwnerAccount can’t be used at one API access.}, {code: InvalidOwnerAccount, describeen: The specified OwnerAccount is not valid.}, {code: InvalidOwnerId, describeen: The specified OwnerId is not valid.}, {code: InvalidParamater, describeen: The specified parameter “SignatureMethod” is not valid.}, {code: InvalidParamater, describeen: The specified parameter “SignatureVersion” is not valid.}, {code: InvalidParameter, describeen: The specified parameter is not valid}, {code: InvalidParameter, describeen: The specified parameter “Action or Version” is not valid.}, {code: InvalidParameter.IsNull, describeen: The required parameter must be not null.}, {code: MissingParameter, describeen: The input parameter “Action” that is mandatory for processing this request is not supplied}, {code: MissingParameter, describeen: The input parameter “AccessKeyId” that is mandatory for processing this request is not supplied}, {code: MissingParameter, describeen: The input parameter “Signature” that is mandatory for processing the request is not supplied.}, {code: MissingParameter, describeen: The input parameter “TimeStamp” that is mandatory for processing this request is not supplied}, {code: MissingParameter, describeen: The input parameter “Version” that is mandatory for processing this request is not supplied}, {code: SignatureNonceUsed, describeen: The request signature nonce has been used.}, {code: Throttling, describeen: You have made too many requests within a short time; your request is denied due to request throttling.}, {code: UnsupportedParameter, describeen: },{code: InvalidIpProtocol.ValueNotSupported, describeen: The specified IpProtocol does not exist., describecn: IpProtocol参数指定的值不支持}, {code: InvalidIpPortRange.Malformed, describeen: The specified parameter “PortRange” is not valid., describecn: PortRange格式不正确}, {code: InvalidSourceCidrIp.Malformed, describeen: The specified parameter “SourceCidrIp” is not valid., describecn: SourceCidrIp参数格式不正确}, {code: MissingParameter, describeen: The input parameter “SourceGroupId” or “SourceCidrIp” cannot be both blank., describecn: SourceGroupId或者SourceCidrIp参数未指定}, {code: InvalidPolicy.Malformed, describeen: The specified parameter “Policy” is not valid., describecn: Policy参数格式不正确}, {code: InvalidNicType.ValueNotSupported, describeen: The specified NicType does not exist., describecn: NicType指定的值不支持}, {code: InvalidSourceGroupId.Mismatch, describeen: Specified security group and source group are not in the same VPC., describecn: 指定的安全组和源安全组不属于同一个vpc}"/>
          </node>
          <node nodeName="403">
            <description value="{code: ChargeTypeViolation, describeen: The operation is not permitted due to charge type of the instance.}, {code: Forbidden.AccessKeyDisabled, describeen: The Access Key is disabled.}, {code: Forbidden.NotSupportRAM, describeen: This action does not support accessed by RAM mode.}, {code: Forbidden.RAM, describeen: User not authorized to operate on the specified resource, or this API doesn&amp;#39;t support RAM.}, {code: Forbidden.RiskControl, describeen: This operation is forbidden by Aliyun RiskControl system.}, {code: Forbidden.SubUser, describeen: The specified action is not available for you.}, {code: Forbidden.Unauthorized, describeen: User not authorized to operate on the specified resource.}, {code: InvalidAccount.NotFound, describeen: The specified Account does not exist.}, {code: InvalidAction, describeen: Specified action is not valid.}, {code: InvalidIdempotenceParameter.Mismatch, describeen: The specified parameters are different from before.}, {code: InvalidParameter.OwnerAccount, describeen: OwnerAccount is Invalid.}, {code: InvalidParameter.ResourceOwnerAccount, describeen: ResourceOwnerAccount is Invalid.}, {code: LastTokenProcessing, describeen: The last token request is processing.}, {code: MissingParameter, describeen: The input parameter OwnerId,OwnerAccount that is mandatory for processing this request is not supplied.}, {code: RealNameAuthenticationError, describeen: Your account has not passed the real-name authentication yet.}, {code: UnsupportedHTTPMethod, describeen: This http method is not supported.},{code: InvalidNicType.Mismatch, describeen: Specified nic type conflicts with the authorization record., describecn: 指定网络类型与安全组规则不符合}, {code: InvalidGroupAuthItem.NotFound, describeen: Specified group authorized item does not exist in our records., describecn: 指定的安全组规则不存在}"/>
          </node>
          <node nodeName="404">
            <description value="{code: InvalidDiskId.NotFound, describeen: The specified DiskId does not exist.}, {code: InvalidImageId.NotFound, describeen: The specified ImageId does not exist.}, {code: InvalidInstanceId.NotFound, describeen: The specified InstanceId does not exist.}, {code: InvalidRegionId.NotFound, describeen: The specified RegionId does not exist.}, {code: InvalidSecurityGroupId.NotFound, describeen: The specified SecurityGroupId does not exist.}, {code: InvalidSnapshotId.NotFound, describeen: The specified SnapshotId does not exist.},{code: InvalidRegionId.NotFound, describeen: The specified RegionId does not exist., describecn: 指定的 RegionId 不存在。RegionId 的列表详见 &lt;a href=&quot;/document_detail/40654.html&quot;&gt;地域列表&lt;/a&gt;。}, {code: InvalidSecurityGroupId.NotFound, describeen: The specified SecurityGroupId does not exist., describecn: 指定的SecurityGroupId不存在}, {code: InvalidSourceGroupId.NotFound, describeen: The SourceGroupId provided does not exist in our records., describecn: 指定的SourceGroupId不存在}"/>
          </node>
          <node nodeName="409">
            <description value="{code: OperationConflict, describeen: Request was denied due to conflict with a previous request.}"/>
          </node>
          <node nodeName="500">
            <description value="{code: InternalError, describeen: The request processing has failed due to some unknown error, exception or failure.}"/>
          </node>
          <node nodeName="503">
            <description value="{code: ServiceUnavailable, describeen: The request has failed due to a temporary failure of the server.}, {code: ServiceUnavailable.RegionMaintaining, describeen: System maintenance is in progress on the selected region, please wait a few minutes before trying again.}"/>
          </node>
        </responses>
      </get>
      <parameter>
        <node nodeName="$ref" value="#/paths/&quot;/public&quot;/request/parameters"/>
      </parameter>
      <summary value="取消 Group 对外提供的访问权限"/>
      <x-requestsample nodeType="array">
        <x-requestsample>
          <description value="&lt;pre class=&quot;prettyprint linenums prettyprinted&quot; style=&quot;&quot;&gt;&lt;ol class=&quot;linenums&quot;&gt;&lt;li class=&quot;L0&quot;&gt;&lt;code class=&quot;lang-shell&quot;&gt;&lt;span class=&quot;pln&quot;&gt;https&lt;/span&gt;&lt;span class=&quot;pun&quot;&gt;:&lt;/span&gt;&lt;span class=&quot;com&quot;&gt;//ecs.aliyuncs.com/?Action=RevokeSecurityGroup&lt;/span&gt;&lt;/code&gt;&lt;/li&gt;&lt;li class=&quot;L1&quot;&gt;&lt;code class=&quot;lang-shell&quot;&gt;&lt;span class=&quot;pun&quot;&gt;&amp;amp;&lt;/span&gt;&lt;span class=&quot;typ&quot;&gt;SecurityGroupId&lt;/span&gt;&lt;span class=&quot;pun&quot;&gt;=&lt;/span&gt;&lt;span class=&quot;pln&quot;&gt;C0003E8B&lt;/span&gt;&lt;span class=&quot;pun&quot;&gt;-&lt;/span&gt;&lt;span class=&quot;pln&quot;&gt;B930&lt;/span&gt;&lt;span class=&quot;pun&quot;&gt;-&lt;/span&gt;&lt;span class=&quot;lit&quot;&gt;4F59&lt;/span&gt;&lt;span class=&quot;pun&quot;&gt;-&lt;/span&gt;&lt;span class=&quot;pln&quot;&gt;ADC0&lt;/span&gt;&lt;span class=&quot;pun&quot;&gt;-&lt;/span&gt;&lt;span class=&quot;lit&quot;&gt;0E209A9012B0&lt;/span&gt;&lt;/code&gt;&lt;/li&gt;&lt;li class=&quot;L2&quot;&gt;&lt;code class=&quot;lang-shell&quot;&gt;&lt;span class=&quot;pun&quot;&gt;&amp;amp;&lt;/span&gt;&lt;span class=&quot;typ&quot;&gt;SourceGroupId&lt;/span&gt;&lt;span class=&quot;pun&quot;&gt;=&lt;/span&gt;&lt;span class=&quot;pln&quot;&gt;sg&lt;/span&gt;&lt;span class=&quot;pun&quot;&gt;-&lt;/span&gt;&lt;span class=&quot;pln&quot;&gt;F876FF7BA&lt;/span&gt;&lt;/code&gt;&lt;/li&gt;&lt;li class=&quot;L3&quot;&gt;&lt;code class=&quot;lang-shell&quot;&gt;&lt;span class=&quot;pun&quot;&gt;&amp;amp;&lt;/span&gt;&lt;span class=&quot;typ&quot;&gt;SourceGroupOwnerAccount&lt;/span&gt;&lt;span class=&quot;pun&quot;&gt;=&lt;/span&gt;&lt;span class=&quot;pln&quot;&gt;test@aliyun&lt;/span&gt;&lt;span class=&quot;pun&quot;&gt;.&lt;/span&gt;&lt;span class=&quot;pln&quot;&gt;com&lt;/span&gt;&lt;/code&gt;&lt;/li&gt;&lt;li class=&quot;L4&quot;&gt;&lt;code class=&quot;lang-shell&quot;&gt;&lt;span class=&quot;pun&quot;&gt;&amp;amp;&lt;/span&gt;&lt;span class=&quot;typ&quot;&gt;IpProtocol&lt;/span&gt;&lt;span class=&quot;pun&quot;&gt;=&lt;/span&gt;&lt;span class=&quot;pln&quot;&gt;tcp&lt;/span&gt;&lt;/code&gt;&lt;/li&gt;&lt;li class=&quot;L5&quot;&gt;&lt;code class=&quot;lang-shell&quot;&gt;&lt;span class=&quot;pun&quot;&gt;&amp;amp;&lt;/span&gt;&lt;span class=&quot;typ&quot;&gt;PortRange&lt;/span&gt;&lt;span class=&quot;pun&quot;&gt;=&lt;/span&gt;&lt;span class=&quot;lit&quot;&gt;1&lt;/span&gt;&lt;span class=&quot;pun&quot;&gt;/&lt;/span&gt;&lt;span class=&quot;lit&quot;&gt;65535&lt;/span&gt;&lt;/code&gt;&lt;/li&gt;&lt;li class=&quot;L6&quot;&gt;&lt;code class=&quot;lang-shell&quot;&gt;&lt;span class=&quot;pun&quot;&gt;&amp;amp;&lt;/span&gt;&lt;span class=&quot;typ&quot;&gt;Priority&lt;/span&gt;&lt;span class=&quot;pun&quot;&gt;=&lt;/span&gt;&lt;span class=&quot;lit&quot;&gt;1&lt;/span&gt;&lt;/code&gt;&lt;/li&gt;&lt;li class=&quot;L7&quot;&gt;&lt;code class=&quot;lang-shell&quot;&gt;&lt;span class=&quot;pun&quot;&gt;&amp;amp;&amp;lt;公共请求参数&amp;gt;&lt;/span&gt;&lt;/code&gt;&lt;/li&gt;&lt;/ol&gt;&lt;/pre&gt;"/>
          <id value="1"/>
        </x-requestsample>
        <x-requestsample>
          <description value="&lt;pre class=&quot;prettyprint linenums prettyprinted&quot; style=&quot;&quot;&gt;&lt;ol class=&quot;linenums&quot;&gt;&lt;li class=&quot;L0&quot;&gt;&lt;code class=&quot;lang-shell&quot;&gt;&lt;span class=&quot;pln&quot;&gt;https&lt;/span&gt;&lt;span class=&quot;pun&quot;&gt;:&lt;/span&gt;&lt;span class=&quot;com&quot;&gt;//ecs.aliyuncs.com/?Action=RevokeSecurityGroup&lt;/span&gt;&lt;/code&gt;&lt;/li&gt;&lt;li class=&quot;L1&quot;&gt;&lt;code class=&quot;lang-shell&quot;&gt;&lt;span class=&quot;pun&quot;&gt;&amp;amp;&lt;/span&gt;&lt;span class=&quot;typ&quot;&gt;SecurityGroupId&lt;/span&gt;&lt;span class=&quot;pun&quot;&gt;=&lt;/span&gt;&lt;span class=&quot;pln&quot;&gt;C0003E8B&lt;/span&gt;&lt;span class=&quot;pun&quot;&gt;-&lt;/span&gt;&lt;span class=&quot;pln&quot;&gt;B930&lt;/span&gt;&lt;span class=&quot;pun&quot;&gt;-&lt;/span&gt;&lt;span class=&quot;lit&quot;&gt;4F59&lt;/span&gt;&lt;span class=&quot;pun&quot;&gt;-&lt;/span&gt;&lt;span class=&quot;pln&quot;&gt;ADC0&lt;/span&gt;&lt;span class=&quot;pun&quot;&gt;-&lt;/span&gt;&lt;span class=&quot;lit&quot;&gt;0E209A9012B0&lt;/span&gt;&lt;/code&gt;&lt;/li&gt;&lt;li class=&quot;L2&quot;&gt;&lt;code class=&quot;lang-shell&quot;&gt;&lt;span class=&quot;pun&quot;&gt;&amp;amp;&lt;/span&gt;&lt;span class=&quot;typ&quot;&gt;SourceGroupId&lt;/span&gt;&lt;span class=&quot;pun&quot;&gt;=&lt;/span&gt;&lt;span class=&quot;pln&quot;&gt;sg&lt;/span&gt;&lt;span class=&quot;pun&quot;&gt;-&lt;/span&gt;&lt;span class=&quot;pln&quot;&gt;F876FF7BA&lt;/span&gt;&lt;/code&gt;&lt;/li&gt;&lt;li class=&quot;L3&quot;&gt;&lt;code class=&quot;lang-shell&quot;&gt;&lt;span class=&quot;pun&quot;&gt;&amp;amp;&lt;/span&gt;&lt;span class=&quot;typ&quot;&gt;SourceGroupOwnerAccount&lt;/span&gt;&lt;span class=&quot;pun&quot;&gt;=&lt;/span&gt;&lt;span class=&quot;pln&quot;&gt;test@aliyun&lt;/span&gt;&lt;span class=&quot;pun&quot;&gt;.&lt;/span&gt;&lt;span class=&quot;pln&quot;&gt;com&lt;/span&gt;&lt;/code&gt;&lt;/li&gt;&lt;li class=&quot;L4&quot;&gt;&lt;code class=&quot;lang-shell&quot;&gt;&lt;span class=&quot;pun&quot;&gt;&amp;amp;&lt;/span&gt;&lt;span class=&quot;typ&quot;&gt;IpProtocol&lt;/span&gt;&lt;span class=&quot;pun&quot;&gt;=&lt;/span&gt;&lt;span class=&quot;pln&quot;&gt;tcp&lt;/span&gt;&lt;/code&gt;&lt;/li&gt;&lt;li class=&quot;L5&quot;&gt;&lt;code class=&quot;lang-shell&quot;&gt;&lt;span class=&quot;pun&quot;&gt;&amp;amp;&lt;/span&gt;&lt;span class=&quot;typ&quot;&gt;PortRange&lt;/span&gt;&lt;span class=&quot;pun&quot;&gt;=&lt;/span&gt;&lt;span class=&quot;lit&quot;&gt;1&lt;/span&gt;&lt;span class=&quot;pun&quot;&gt;/&lt;/span&gt;&lt;span class=&quot;lit&quot;&gt;65535&lt;/span&gt;&lt;/code&gt;&lt;/li&gt;&lt;li class=&quot;L6&quot;&gt;&lt;code class=&quot;lang-shell&quot;&gt;&lt;span class=&quot;pun&quot;&gt;&amp;amp;&lt;/span&gt;&lt;span class=&quot;typ&quot;&gt;Priority&lt;/span&gt;&lt;span class=&quot;pun&quot;&gt;=&lt;/span&gt;&lt;span class=&quot;lit&quot;&gt;1&lt;/span&gt;&lt;/code&gt;&lt;/li&gt;&lt;li class=&quot;L7&quot;&gt;&lt;code class=&quot;lang-shell&quot;&gt;&lt;span class=&quot;pun&quot;&gt;&amp;amp;&amp;lt;公共请求参数&amp;gt;&lt;/span&gt;&lt;/code&gt;&lt;/li&gt;&lt;/ol&gt;&lt;/pre&gt;"/>
          <id value="2"/>
        </x-requestsample>
      </x-requestsample>
      <x-responsesample nodeType="array">
        <x-responsesample>
          <description value="&lt;pre class=&quot;prettyprint linenums prettyprinted&quot; style=&quot;&quot;&gt;&lt;ol class=&quot;linenums&quot;&gt;&lt;li class=&quot;L0&quot;&gt;&lt;code class=&quot;lang-xml&quot;&gt;&lt;span class=&quot;tag&quot;&gt;&amp;lt;RevokeSecurityGroupResponse&amp;gt;&lt;/span&gt;&lt;/code&gt;&lt;/li&gt;&lt;li class=&quot;L1&quot;&gt;&lt;code class=&quot;lang-xml&quot;&gt;&lt;span class=&quot;pln&quot;&gt;     &lt;/span&gt;&lt;span class=&quot;tag&quot;&gt;&amp;lt;RequestId&amp;gt;&lt;/span&gt;&lt;span class=&quot;pln&quot;&gt;CEF72CEB-54B6-4AE8-B225-F876FF7BA984&lt;/span&gt;&lt;span class=&quot;tag&quot;&gt;&amp;lt;/RequestId&amp;gt;&lt;/span&gt;&lt;/code&gt;&lt;/li&gt;&lt;li class=&quot;L2&quot;&gt;&lt;code class=&quot;lang-xml&quot;&gt;&lt;span class=&quot;tag&quot;&gt;&amp;lt;/RevokeSecurityGroupResponse&amp;gt;&lt;/span&gt;&lt;/code&gt;&lt;/li&gt;&lt;/ol&gt;&lt;/pre&gt;"/>
          <id value="1"/>
          <note value="XML格式"/>
        </x-responsesample>
        <x-responsesample>
          <description value="&lt;pre class=&quot;prettyprint linenums prettyprinted&quot; style=&quot;&quot;&gt;&lt;ol class=&quot;linenums&quot;&gt;&lt;li class=&quot;L0&quot;&gt;&lt;code class=&quot;lang-json&quot;&gt;&lt;span class=&quot;pun&quot;&gt;{&lt;/span&gt;&lt;/code&gt;&lt;/li&gt;&lt;li class=&quot;L1&quot;&gt;&lt;code class=&quot;lang-json&quot;&gt;&lt;span class=&quot;pln&quot;&gt;    &lt;/span&gt;&lt;span class=&quot;str&quot;&gt;&quot;RequestId&quot;&lt;/span&gt;&lt;span class=&quot;pun&quot;&gt;:&lt;/span&gt;&lt;span class=&quot;str&quot;&gt;&quot;CEF72CEB-54B6-4AE8-B225-F876FF7BA984&quot;&lt;/span&gt;&lt;/code&gt;&lt;/li&gt;&lt;li class=&quot;L2&quot;&gt;&lt;code class=&quot;lang-json&quot;&gt;&lt;span class=&quot;pun&quot;&gt;}&lt;/span&gt;&lt;/code&gt;&lt;/li&gt;&lt;/ol&gt;&lt;/pre&gt;"/>
          <id value="2"/>
          <note value="JSON格式"/>
        </x-responsesample>
      </x-responsesample>
    </node>
    <node nodeName="/public">
      <request>
        <parameters nodeType="array">
          <parameters>
            <default value="XML"/>
            <description value="返回值的类型，支持 JSON 与 XML。默认为 XML。"/>
            <enum nodeType="array">
              <enum value="XML"/>
              <enum value="JSON"/>
            </enum>
            <in value="query"/>
            <name value="Format"/>
            <required value="false"/>
            <type value="string"/>
          </parameters>
          <parameters>
            <description value="API 版本号，为日期形式：YYYY-MM-DD，本版本对应为 2014-05-26。"/>
            <in value="query"/>
            <name value="Version"/>
            <required value="true"/>
            <type value="string"/>
          </parameters>
          <parameters>
            <description value="阿里云颁发给用户的访问服务所用的密钥 ID。"/>
            <in value="query"/>
            <name value="AccessKeyId"/>
            <required value="true"/>
            <type value="string"/>
          </parameters>
          <parameters>
            <description value="签名结果串，关于签名的计算方法，请参见&amp;lt;&lt;a href=&quot;/document_detail/25492.html&quot;&gt;签名机制&lt;/a&gt;&amp;gt;。"/>
            <in value="query"/>
            <name value="Signature"/>
            <required value="true"/>
            <type value="string"/>
          </parameters>
          <parameters>
            <description value="签名方式，目前支持 HMAC-SHA1。"/>
            <in value="query"/>
            <name value="SignatureMethod"/>
            <required value="true"/>
            <type value="string"/>
          </parameters>
          <parameters>
            <description value="        请求的时间戳。日期格式按照 &lt;a href=&quot;/document_detail/25696.html&quot;&gt;ISO8601&lt;/a&gt; 标准表示，并需要使用 UTC 时间。格式为： &lt;br /&gt;        YYYY-MM-DDThh:mm:ssZ &lt;br /&gt;        例如，2014-05-26T12:00:00Z（为北京时间 2014 年 5 月 26 日 20 点 0 分 0 秒）。    "/>
            <in value="query"/>
            <name value="Timestamp"/>
            <required value="true"/>
            <type value="string"/>
          </parameters>
          <parameters>
            <description value="签名算法版本，目前版本是 1.0。"/>
            <in value="query"/>
            <name value="SignatureVersion"/>
            <required value="true"/>
            <type value="string"/>
          </parameters>
          <parameters>
            <description value="唯一随机数，用于防止网络重放攻击。用户在不同请求间要使用不同的随机数值"/>
            <in value="query"/>
            <name value="SignatureNonce"/>
            <required value="true"/>
            <type value="string"/>
          </parameters>
          <parameters>
            <description value="本次 API 请求访问到的资源拥有者账户，即登录用户名。 &lt;br /&gt;        此参数的使用方法，详见&amp;lt; &lt;a href=&quot;/document_detail/25494.html&quot;&gt;借助 RAM 实现子账号对主账号的 ECS 资源访问&lt;/a&gt; &amp;gt;，（只能在 &lt;a href=&quot;/document_detail/25496.html&quot;&gt;RAM 中可对 ECS 资源进行授权的 Action&lt;/a&gt; 中才能使用此参数，否则访问会被拒绝）    "/>
            <in value="query"/>
            <name value="ResourceOwnerAccount"/>
            <required value="false"/>
            <type value="string"/>
          </parameters>
        </parameters>
      </request>
      <response>
        <RequestId>
          <description value="用户发送的每次接口调用请求，无论成功与否，系统都会返回一个唯一识别码"/>
          <in value="body"/>
          <name value="RequestId"/>
          <type value="string"/>
        </RequestId>
      </response>
    </node>
  </paths>
  <swagger value="2.0"/>
  <x-vee value="2.0 AS"/>
</root>
