<?xml version="1.0" encoding="UTF-8"?>
<root>
  <host value="ecs.aliyuncs.com"/>
  <info>
    <description value="云服务器（Elastic Compute Service，简称 ECS）是一种简单高效、处理能力可弹性伸缩的计算服务，帮助您快速构建更稳定、安全的应用，提升运维效率，降低 IT 成本，使您更专注于核心业务创新。"/>
    <title value="instance"/>
    <version value="1.0"/>
  </info>
  <paths>
    <node nodeName="/CreateImage">
      <get>
        <consumes nodeType="array">
          <consumes value="application/x-www-form-urlencoded"/>
        </consumes>
        <description value="&lt;h2 id=&quot;h2--em-em-&quot;&gt;&lt;a name=&quot;&lt;em&gt;描述&lt;/em&gt;&quot; class=&quot;reference-link&quot;&gt;&lt;/a&gt;&lt;span class=&quot;header-link octicon octicon-link&quot;&gt;&lt;/span&gt;&lt;em&gt;描述&lt;/em&gt;&lt;/h2&gt;&lt;p&gt;创建的自定义镜像，只有等待状态变为可用（Available）才能使用，可以使用镜像创建新的 ECS 实例或者对已有实例更换系统盘。创建自定义镜像，可以通过三种方式来创建，来满足您不同业务场景。&lt;/p&gt;&lt;ol&gt;&lt;li&gt;如果您只需要对实例的系统盘创建自定义镜像，那么只需要指定一个快照 ID 创建自定义镜像。&lt;ul&gt;&lt;li&gt;只有系统盘的快照可以用于创建自定义镜像。&lt;/li&gt;&lt;li&gt;只有达到完成状态（进度为 100%）的快照可以用于创建自定义镜像。&lt;/li&gt;&lt;li&gt;被安全控制在实例的 &lt;code&gt;OperationLocks&lt;/code&gt; 中标记了 &lt;code&gt;”LockReason”: “security”&lt;/code&gt; 的锁定状态时，不能创建自定义镜像。&lt;/li&gt;&lt;li&gt;2013 年 7 月 15 日（含）之前创建的快照，不能创建自定义镜像。当Request因此原因被拒绝时，&lt;code&gt;Response&lt;/code&gt; 中的 code 为 &lt;code&gt;InvalidSnapshot.TooOld&lt;/code&gt;。&lt;/li&gt;&lt;/ul&gt;&lt;/li&gt;&lt;li&gt;如果您需要对整个 ECS 实例做个模板，那么可以指定实例 ID 创建自定义镜像。&lt;ul&gt;&lt;li&gt;指定的实例的状态只能是运行中或者已停止&lt;/li&gt;&lt;li&gt;会给该实例的每块磁盘新增一个快照&lt;/li&gt;&lt;li&gt;需要等待快照创建完成后，镜像的状态才能变成可用状态，需要您等待一段时间。&lt;/li&gt;&lt;/ul&gt;&lt;/li&gt;&lt;li&gt;如果您需要将多个快照组合成一个镜像模板，那么可以指定 DiskDeviceMapping 创建自定义镜像。&lt;ul&gt;&lt;li&gt;只能指定一个系统盘快照，指定系统盘快照的 device 必须为：/dev/xvda&lt;/li&gt;&lt;li&gt;数据盘快照设备名由系统默认顺序分配，/dev/xvdb 开始到 /dev/xvdz，不能重复。&lt;/li&gt;&lt;li&gt;可以不指定 SnapshotId，不指定时会创建一个指定大小的没有任何数据的空盘。&lt;/li&gt;&lt;li&gt;只有达到完成状态（进度为 100%）的快照可以用于创建自定义镜像。&lt;/li&gt;&lt;li&gt;被安全控制在实例的 &lt;code&gt;OperationLocks&lt;/code&gt; 中标记了 &lt;code&gt;”LockReason”: “security”&lt;/code&gt; 的锁定状态时，不能创建自定义镜像。&lt;/li&gt;&lt;li&gt;2013 年 7 月 15 日（含）之前创建的快照，不能创建自定义镜像。当Request因此原因被拒绝时，&lt;code&gt;Response&lt;/code&gt; 中的 code 为 &lt;code&gt;InvalidSnapshot.TooOld&lt;/code&gt;。&lt;/li&gt;&lt;/ul&gt;&lt;/li&gt;&lt;/ol&gt;"/>
        <parameters nodeType="array">
          <parameters>
            <description value="系统规定参数。取值：CreateImage"/>
            <enum nodeType="array">
              <enum value="CreateImage"/>
            </enum>
            <in value="query"/>
            <name value="Action"/>
            <required value="true"/>
            <type value="string"/>
          </parameters>
          <parameters>
            <description value="镜像所在的 Region ID。RegionId 的列表详见 &lt;a href=&quot;/document_detail/40654.html&quot;&gt;地域列表&lt;/a&gt;。"/>
            <in value="query"/>
            <name value="RegionId"/>
            <required value="true"/>
            <type value="string"/>
          </parameters>
          <parameters>
            <description value="快照 ID。从指定的快照创建自定义镜像。"/>
            <in value="query"/>
            <name value="SnapshotId"/>
            <required value="false"/>
            <type value="string"/>
          </parameters>
          <parameters>
            <description value="实例 ID。"/>
            <in value="query"/>
            <name value="InstanceId"/>
            <required value="false"/>
            <type value="string"/>
          </parameters>
          <parameters>
            <description value="磁盘"/>
            <in value="query"/>
            <items>
              <x-schema>
                <properties>
                  <Size>
                    <description value="磁盘的大小。取值范围：[5, 2000] GB&lt;ul&gt;&lt;li&gt;如果不指定，默认为快照的大小。&lt;/li&gt;&lt;li&gt;如果没有指定 SnapshotId，默认磁盘为 5GB。&lt;/li&gt;&lt;li&gt;如果指定了磁盘大小，不能小于快照的大小。&lt;/li&gt;&lt;/ul&gt;DiskDeviceMapping.n 中 n 的取值范围：[1, 17]&lt;ul&gt;&lt;li&gt;n=1 表示系统盘。&lt;/li&gt;&lt;li&gt;n=2、3、……17 表示数据盘。&lt;/li&gt;&lt;/ul&gt;"/>
                    <maximum value="2000"/>
                    <minimum value="5"/>
                    <name value="DiskDeviceMapping.N.Size"/>
                    <required value="false"/>
                    <type value="integer"/>
                  </Size>
                  <SnapshotId>
                    <description value="磁盘上的快照 ID。"/>
                    <name value="DiskDeviceMapping.N.SnapshotId"/>
                    <required value="false"/>
                    <type value="string"/>
                  </SnapshotId>
                </properties>
                <type value="object"/>
              </x-schema>
            </items>
            <maxItems value="17"/>
            <minItems value="1"/>
            <name value="DiskDeviceMapping"/>
            <required value="false"/>
            <type value="array"/>
          </parameters>
          <parameters>
            <description value="镜像名称。&lt;ul&gt;&lt;li&gt;长度为 [2,128] 个英文或中文字符，必须以大小字母或中文开头，可包含数字，“_” 或 “-”。&lt;/li&gt;&lt;li&gt;不能以 http:// 和 https:// 开头。&lt;/li&gt;&lt;/ul&gt;"/>
            <in value="query"/>
            <maxLength value="128"/>
            <minLength value="2"/>
            <name value="ImageName"/>
            <required value="false"/>
            <type value="string"/>
          </parameters>
          <parameters>
            <description value="镜像版本号。长度为 [1, 40] 个英文字符。"/>
            <in value="query"/>
            <maxLength value="40"/>
            <minLength value="1"/>
            <name value="ImageVersion"/>
            <required value="false"/>
            <type value="string"/>
          </parameters>
          <parameters>
            <default value="空"/>
            <description value="镜像的描述信息。&lt;ul&gt;&lt;li&gt;长度为 [0, 256] 个英文或中文字符。&lt;/li&gt;&lt;li&gt;不填则为空，默认为空。&lt;/li&gt;&lt;li&gt;不能以 http:// 和 https:// 开头。&lt;/li&gt;&lt;/ul&gt;"/>
            <in value="query"/>
            <maxLength value="256"/>
            <minLength value="0"/>
            <name value="Description"/>
            <required value="false"/>
            <type value="string"/>
          </parameters>
          <parameters>
            <description value="用于保证请求的幂等性。由客户端生成该参数值，要保证在不同请求间唯一，最大不值过 64 个 ASCII 字符。&lt;br&gt;具体参见附录：&lt;a href=&quot;/document_detail/25693.html&quot;&gt;如何保证幂等性&lt;/a&gt;。"/>
            <in value="query"/>
            <maxLength value="64"/>
            <name value="ClientToken"/>
            <required value="false"/>
            <type value="string"/>
          </parameters>
        </parameters>
        <produces nodeType="array">
          <produces value="application/xml"/>
          <produces value="application/json"/>
        </produces>
        <responses>
          <node nodeName="200">
            <description value="Accept"/>
            <schema>
              <properties>
                <ImageId>
                  <description value="镜像 ID"/>
                  <name value="ImageId"/>
                  <type value="string"/>
                </ImageId>
              </properties>
              <type value="object"/>
            </schema>
          </node>
          <node nodeName="400">
            <description value="{code: IdempotentParameterMismatch, describeen: The request is retried with updated parameters.}, {code: IllegalTimestamp, describeen: The input parameter “Timestamp” that is mandatory for processing this request is not supplied.}, {code: IncompleteSignature, describeen: The request signature does not conform to Aliyun standards.}, {code: InsufficientBalance, describeen: Your account does not have enough balance.}, {code: InvalidAccessKeyId.NotFound, describeen: The specified Access Key ID does not exist.}, {code: InvalidOwner, describeen: OwnerId and OwnerAccount can’t be used at one API access.}, {code: InvalidOwnerAccount, describeen: The specified OwnerAccount is not valid.}, {code: InvalidOwnerId, describeen: The specified OwnerId is not valid.}, {code: InvalidParamater, describeen: The specified parameter “SignatureMethod” is not valid.}, {code: InvalidParamater, describeen: The specified parameter “SignatureVersion” is not valid.}, {code: InvalidParameter, describeen: The specified parameter is not valid}, {code: InvalidParameter, describeen: The specified parameter “Action or Version” is not valid.}, {code: InvalidParameter.IsNull, describeen: The required parameter must be not null.}, {code: MissingParameter, describeen: The input parameter “Action” that is mandatory for processing this request is not supplied}, {code: MissingParameter, describeen: The input parameter “AccessKeyId” that is mandatory for processing this request is not supplied}, {code: MissingParameter, describeen: The input parameter “Signature” that is mandatory for processing the request is not supplied.}, {code: MissingParameter, describeen: The input parameter “TimeStamp” that is mandatory for processing this request is not supplied}, {code: MissingParameter, describeen: The input parameter “Version” that is mandatory for processing this request is not supplied}, {code: SignatureNonceUsed, describeen: The request signature nonce has been used.}, {code: Throttling, describeen: You have made too many requests within a short time; your request is denied due to request throttling.}, {code: UnsupportedParameter, describeen: },{code: IncorrectInstanceStatus, describeen: The current status of the instance does not support this operation., describecn: 指定的实例状态不正确。}, {code: InstanceLockedForSecurity, describeen: The specified operation is denied as your instance is locked for security reasons., describecn: 指定的实例被安全锁定。}, {code: InvalidDescription.Malformed, describeen: The specified description is wrongly formed., describecn: 无效的 Description 取值。}, {code: InvalidImageName.Duplicated, describeen: The specified Image name has already been used., describecn: 指定的 ImageName 已经被使用。}, {code: InvalidImageName.Malformed, describeen: The specified Image name is wrongly formed., describecn: 无效的 ImageName 取值（字符不支持或者超出长度）。}, {code: InvalidImageVersion.Malformed, describeen: The specified ImageVersion is wrongly formed., describecn: 无效的 ImageVersion 取值（可能是用户无权使用此 Snapshot）。}, {code: InvalidInstanceId.NotFound, describeen: The specified InstanceId does not exist., describecn: 指定实例不存在。}, {code: InvalidInstanceId.ValueNotSupported, describeen: The specified InstanceId is not allowed to create image., describecn: 指定的实例不能创建快照。}, {code: InvalidSize.ValueNotSupported, describeen: The specified parameter DiskDeviceMapping.n.Size beyond the permitted range., describecn: 指定的 DiskDeviceMapping.n.Size 超出范围。}, {code: MissingParameter, describeen: The input parameter SnapshotId or InstanceId or DiskDeviceMapping that is mandatory for processing this request is not supplied., describecn: 缺少必填参数 SnapshotId、InstanceId 或 DiskDeviceMapping。}, {code: OperationDenied, describeen: The specified parameter DiskDeviceMapping.n.SnapshotId does not contain system disk snapshot., describecn: 参数 DiskDeviceMapping.n.SnapshotId 中不包含系统盘快照。}, {code: OperationDenied, describeen: The specified parameter DiskDeviceMapping.n.SnapshotId contains two or more system disk snapshots., describecn: 参数 DiskDeviceMapping.n.SnapshotId 中包含多个系统盘快照。}"/>
          </node>
          <node nodeName="403">
            <description value="{code: ChargeTypeViolation, describeen: The operation is not permitted due to charge type of the instance.}, {code: Forbidden.AccessKeyDisabled, describeen: The Access Key is disabled.}, {code: Forbidden.NotSupportRAM, describeen: This action does not support accessed by RAM mode.}, {code: Forbidden.RAM, describeen: User not authorized to operate on the specified resource, or this API doesn&amp;#39;t support RAM.}, {code: Forbidden.RiskControl, describeen: This operation is forbidden by Aliyun RiskControl system.}, {code: Forbidden.SubUser, describeen: The specified action is not available for you.}, {code: Forbidden.Unauthorized, describeen: User not authorized to operate on the specified resource.}, {code: InvalidAccount.NotFound, describeen: The specified Account does not exist.}, {code: InvalidAction, describeen: Specified action is not valid.}, {code: InvalidIdempotenceParameter.Mismatch, describeen: The specified parameters are different from before.}, {code: InvalidParameter.OwnerAccount, describeen: OwnerAccount is Invalid.}, {code: InvalidParameter.ResourceOwnerAccount, describeen: ResourceOwnerAccount is Invalid.}, {code: LastTokenProcessing, describeen: The last token request is processing.}, {code: MissingParameter, describeen: The input parameter OwnerId,OwnerAccount that is mandatory for processing this request is not supplied.}, {code: RealNameAuthenticationError, describeen: Your account has not passed the real-name authentication yet.}, {code: UnsupportedHTTPMethod, describeen: This http method is not supported.},{code: InvalidAccountStatus.NotEnoughBalance, describeen: Your account does not have enough balance., describecn: 账户余额不足。}, {code: InvalidAccountStatus.SnapshotServiceUnavailable, describeen: Snapshot service has not been opened yet., describecn: 快照服务未开通。}, {code: InvalidParamter.Conflict, describeen: The specified same token is trying to make requests with different parameters., describecn: token 和参数不一致。}, {code: InvalidSnapshot.TooOld, describeen: This operation is denied because the specified snapshot by DiskDeviceMapping.n.SnapshotId or SnapshotId is created before 2013-07-15., describecn: 指定快照创建于 2013 年 7 月 15 日（含）之前，不能创建镜像。}, {code: InvalidSnapshotId.NotReady, describeen: The current status of the DiskDeviceMapping.n.SnapshotId or SnapshotId does not support this operation., describecn: 指定快照的状态不对。}, {code: OperationDenied, describeen: The specified snapshot is not allowed to create image., describecn: 特定磁盘的快照不能创建镜像。}, {code: OperationDenied, describeen: The specified snapshot is not from system disk., describecn: 只有系统盘快照才能创建镜像。}, {code: QuotaExceed.Image, describeen: The Image Quota exceeds., describecn: 自定义镜像额度已用完。}"/>
          </node>
          <node nodeName="404">
            <description value="{code: InvalidDiskId.NotFound, describeen: The specified DiskId does not exist.}, {code: InvalidImageId.NotFound, describeen: The specified ImageId does not exist.}, {code: InvalidInstanceId.NotFound, describeen: The specified InstanceId does not exist.}, {code: InvalidRegionId.NotFound, describeen: The specified RegionId does not exist.}, {code: InvalidSecurityGroupId.NotFound, describeen: The specified SecurityGroupId does not exist.}, {code: InvalidSnapshotId.NotFound, describeen: The specified SnapshotId does not exist.},{code: InvalidRegionId.NotFound, describeen: The specified RegionId does not exist., describecn: 指定的 RegionId 不存在。RegionId 的列表详见 &lt;a href=&quot;/document_detail/40654.html&quot;&gt;地域列表&lt;/a&gt;。}, {code: InvalidSnapshotId.NotFound, describeen: The specified SnapshotId does not exist., describecn: 找不到指定的快照。}, {code: InvalidSnapshotId.NotFound, describeen: The specified SnapshotId does not exist., describecn: 指定快照不存在。}"/>
          </node>
          <node nodeName="409">
            <description value="{code: OperationConflict, describeen: Request was denied due to conflict with a previous request.}"/>
          </node>
          <node nodeName="500">
            <description value="{code: InternalError, describeen: The request processing has failed due to some unknown error, exception or failure.}"/>
          </node>
          <node nodeName="503">
            <description value="{code: ServiceUnavailable, describeen: The request has failed due to a temporary failure of the server.}, {code: ServiceUnavailable.RegionMaintaining, describeen: System maintenance is in progress on the selected region, please wait a few minutes before trying again.}"/>
          </node>
        </responses>
      </get>
      <parameter>
        <node nodeName="$ref" value="#/paths/&quot;/public&quot;/request/parameters"/>
      </parameter>
      <summary value="通过快照创建自定义镜像，创建后的镜像可以用于新建 ECS 实例"/>
      <x-requestsample nodeType="array">
        <x-requestsample>
          <description value="&lt;pre class=&quot;prettyprint linenums prettyprinted&quot; style=&quot;&quot;&gt;&lt;ol class=&quot;linenums&quot;&gt;&lt;li class=&quot;L0&quot;&gt;&lt;code class=&quot;lang-shell&quot;&gt;&lt;span class=&quot;pln&quot;&gt;https&lt;/span&gt;&lt;span class=&quot;pun&quot;&gt;:&lt;/span&gt;&lt;span class=&quot;com&quot;&gt;//ecs.aliyuncs.com/?Action=CreateImage&lt;/span&gt;&lt;/code&gt;&lt;/li&gt;&lt;li class=&quot;L1&quot;&gt;&lt;code class=&quot;lang-shell&quot;&gt;&lt;span class=&quot;pun&quot;&gt;&amp;amp;&lt;/span&gt;&lt;span class=&quot;typ&quot;&gt;RegionId&lt;/span&gt;&lt;span class=&quot;pun&quot;&gt;=&lt;/span&gt;&lt;span class=&quot;pln&quot;&gt;cn&lt;/span&gt;&lt;span class=&quot;pun&quot;&gt;-&lt;/span&gt;&lt;span class=&quot;pln&quot;&gt;hangzhou&lt;/span&gt;&lt;/code&gt;&lt;/li&gt;&lt;li class=&quot;L2&quot;&gt;&lt;code class=&quot;lang-shell&quot;&gt;&lt;span class=&quot;pun&quot;&gt;&amp;amp;&lt;/span&gt;&lt;span class=&quot;typ&quot;&gt;SnapshotId&lt;/span&gt;&lt;span class=&quot;pun&quot;&gt;=&lt;/span&gt;&lt;span class=&quot;pln&quot;&gt;s&lt;/span&gt;&lt;span class=&quot;pun&quot;&gt;-&lt;/span&gt;&lt;span class=&quot;pln&quot;&gt;snapshot1&lt;/span&gt;&lt;/code&gt;&lt;/li&gt;&lt;li class=&quot;L3&quot;&gt;&lt;code class=&quot;lang-shell&quot;&gt;&lt;span class=&quot;pun&quot;&gt;&amp;amp;&lt;/span&gt;&lt;span class=&quot;typ&quot;&gt;ImageName&lt;/span&gt;&lt;span class=&quot;pun&quot;&gt;=&lt;/span&gt;&lt;span class=&quot;pln&quot;&gt;demo_image&lt;/span&gt;&lt;/code&gt;&lt;/li&gt;&lt;li class=&quot;L4&quot;&gt;&lt;code class=&quot;lang-shell&quot;&gt;&lt;span class=&quot;pun&quot;&gt;&amp;amp;&amp;lt;公共请求参数&amp;gt;&lt;/span&gt;&lt;/code&gt;&lt;/li&gt;&lt;/ol&gt;&lt;/pre&gt;"/>
          <id value="1"/>
        </x-requestsample>
        <x-requestsample>
          <description value="&lt;pre class=&quot;prettyprint linenums prettyprinted&quot; style=&quot;&quot;&gt;&lt;ol class=&quot;linenums&quot;&gt;&lt;li class=&quot;L0&quot;&gt;&lt;code class=&quot;lang-shell&quot;&gt;&lt;span class=&quot;pln&quot;&gt;https&lt;/span&gt;&lt;span class=&quot;pun&quot;&gt;:&lt;/span&gt;&lt;span class=&quot;com&quot;&gt;//ecs.aliyuncs.com/?Action=CreateImage&lt;/span&gt;&lt;/code&gt;&lt;/li&gt;&lt;li class=&quot;L1&quot;&gt;&lt;code class=&quot;lang-shell&quot;&gt;&lt;span class=&quot;pun&quot;&gt;&amp;amp;&lt;/span&gt;&lt;span class=&quot;typ&quot;&gt;RegionId&lt;/span&gt;&lt;span class=&quot;pun&quot;&gt;=&lt;/span&gt;&lt;span class=&quot;pln&quot;&gt;cn&lt;/span&gt;&lt;span class=&quot;pun&quot;&gt;-&lt;/span&gt;&lt;span class=&quot;pln&quot;&gt;hangzhou&lt;/span&gt;&lt;/code&gt;&lt;/li&gt;&lt;li class=&quot;L2&quot;&gt;&lt;code class=&quot;lang-shell&quot;&gt;&lt;span class=&quot;pun&quot;&gt;&amp;amp;&lt;/span&gt;&lt;span class=&quot;typ&quot;&gt;SnapshotId&lt;/span&gt;&lt;span class=&quot;pun&quot;&gt;=&lt;/span&gt;&lt;span class=&quot;pln&quot;&gt;s&lt;/span&gt;&lt;span class=&quot;pun&quot;&gt;-&lt;/span&gt;&lt;span class=&quot;pln&quot;&gt;snapshot1&lt;/span&gt;&lt;/code&gt;&lt;/li&gt;&lt;li class=&quot;L3&quot;&gt;&lt;code class=&quot;lang-shell&quot;&gt;&lt;span class=&quot;pun&quot;&gt;&amp;amp;&lt;/span&gt;&lt;span class=&quot;typ&quot;&gt;ImageName&lt;/span&gt;&lt;span class=&quot;pun&quot;&gt;=&lt;/span&gt;&lt;span class=&quot;pln&quot;&gt;demo_image&lt;/span&gt;&lt;/code&gt;&lt;/li&gt;&lt;li class=&quot;L4&quot;&gt;&lt;code class=&quot;lang-shell&quot;&gt;&lt;span class=&quot;pun&quot;&gt;&amp;amp;&amp;lt;公共请求参数&amp;gt;&lt;/span&gt;&lt;/code&gt;&lt;/li&gt;&lt;/ol&gt;&lt;/pre&gt;"/>
          <id value="2"/>
        </x-requestsample>
      </x-requestsample>
      <x-responsesample nodeType="array">
        <x-responsesample>
          <description value="&lt;pre class=&quot;prettyprint linenums prettyprinted&quot; style=&quot;&quot;&gt;&lt;ol class=&quot;linenums&quot;&gt;&lt;li class=&quot;L0&quot;&gt;&lt;code class=&quot;lang-xml&quot;&gt;&lt;span class=&quot;tag&quot;&gt;&amp;lt;CreateImageResponse&amp;gt;&lt;/span&gt;&lt;/code&gt;&lt;/li&gt;&lt;li class=&quot;L1&quot;&gt;&lt;code class=&quot;lang-xml&quot;&gt;&lt;span class=&quot;pln&quot;&gt;    &lt;/span&gt;&lt;span class=&quot;tag&quot;&gt;&amp;lt;RequestId&amp;gt;&lt;/span&gt;&lt;span class=&quot;pln&quot;&gt;C8B26B44-0189-443E-9816-D951F59623A9&lt;/span&gt;&lt;span class=&quot;tag&quot;&gt;&amp;lt;/RequestId&amp;gt;&lt;/span&gt;&lt;/code&gt;&lt;/li&gt;&lt;li class=&quot;L2&quot;&gt;&lt;code class=&quot;lang-xml&quot;&gt;&lt;span class=&quot;pln&quot;&gt;    &lt;/span&gt;&lt;span class=&quot;tag&quot;&gt;&amp;lt;ImageId&amp;gt;&lt;/span&gt;&lt;span class=&quot;pln&quot;&gt;m-63DFD5FB2&lt;/span&gt;&lt;span class=&quot;tag&quot;&gt;&amp;lt;/ImageId&amp;gt;&lt;/span&gt;&lt;/code&gt;&lt;/li&gt;&lt;li class=&quot;L3&quot;&gt;&lt;code class=&quot;lang-xml&quot;&gt;&lt;span class=&quot;tag&quot;&gt;&amp;lt;/CreateImageResponse&amp;gt;&lt;/span&gt;&lt;/code&gt;&lt;/li&gt;&lt;/ol&gt;&lt;/pre&gt;"/>
          <id value="1"/>
          <note value="XML格式"/>
        </x-responsesample>
        <x-responsesample>
          <description value="&lt;pre class=&quot;prettyprint linenums prettyprinted&quot; style=&quot;&quot;&gt;&lt;ol class=&quot;linenums&quot;&gt;&lt;li class=&quot;L0&quot;&gt;&lt;code class=&quot;lang-json&quot;&gt;&lt;span class=&quot;pun&quot;&gt;{&lt;/span&gt;&lt;/code&gt;&lt;/li&gt;&lt;li class=&quot;L1&quot;&gt;&lt;code class=&quot;lang-json&quot;&gt;&lt;span class=&quot;pln&quot;&gt;    &lt;/span&gt;&lt;span class=&quot;str&quot;&gt;&quot;RequestId&quot;&lt;/span&gt;&lt;span class=&quot;pun&quot;&gt;:&lt;/span&gt;&lt;span class=&quot;pln&quot;&gt; &lt;/span&gt;&lt;span class=&quot;str&quot;&gt;&quot;C8B26B44-0189-443E-9816-D951F59623A9&quot;&lt;/span&gt;&lt;span class=&quot;pun&quot;&gt;,&lt;/span&gt;&lt;/code&gt;&lt;/li&gt;&lt;li class=&quot;L2&quot;&gt;&lt;code class=&quot;lang-json&quot;&gt;&lt;span class=&quot;pln&quot;&gt;    &lt;/span&gt;&lt;span class=&quot;str&quot;&gt;&quot;ImageId&quot;&lt;/span&gt;&lt;span class=&quot;pun&quot;&gt;:&lt;/span&gt;&lt;span class=&quot;pln&quot;&gt; &lt;/span&gt;&lt;span class=&quot;str&quot;&gt;&quot;m-63DFD5FB2&quot;&lt;/span&gt;&lt;/code&gt;&lt;/li&gt;&lt;li class=&quot;L3&quot;&gt;&lt;code class=&quot;lang-json&quot;&gt;&lt;span class=&quot;pun&quot;&gt;}&lt;/span&gt;&lt;/code&gt;&lt;/li&gt;&lt;/ol&gt;&lt;/pre&gt;"/>
          <id value="2"/>
          <note value="JSON格式"/>
        </x-responsesample>
      </x-responsesample>
    </node>
    <node nodeName="/public">
      <request>
        <parameters nodeType="array">
          <parameters>
            <default value="XML"/>
            <description value="返回值的类型，支持 JSON 与 XML。默认为 XML。"/>
            <enum nodeType="array">
              <enum value="XML"/>
              <enum value="JSON"/>
            </enum>
            <in value="query"/>
            <name value="Format"/>
            <required value="false"/>
            <type value="string"/>
          </parameters>
          <parameters>
            <description value="API 版本号，为日期形式：YYYY-MM-DD，本版本对应为 2014-05-26。"/>
            <in value="query"/>
            <name value="Version"/>
            <required value="true"/>
            <type value="string"/>
          </parameters>
          <parameters>
            <description value="阿里云颁发给用户的访问服务所用的密钥 ID。"/>
            <in value="query"/>
            <name value="AccessKeyId"/>
            <required value="true"/>
            <type value="string"/>
          </parameters>
          <parameters>
            <description value="签名结果串，关于签名的计算方法，请参见&amp;lt;&lt;a href=&quot;/document_detail/25492.html&quot;&gt;签名机制&lt;/a&gt;&amp;gt;。"/>
            <in value="query"/>
            <name value="Signature"/>
            <required value="true"/>
            <type value="string"/>
          </parameters>
          <parameters>
            <description value="签名方式，目前支持 HMAC-SHA1。"/>
            <in value="query"/>
            <name value="SignatureMethod"/>
            <required value="true"/>
            <type value="string"/>
          </parameters>
          <parameters>
            <description value="        请求的时间戳。日期格式按照 &lt;a href=&quot;/document_detail/25696.html&quot;&gt;ISO8601&lt;/a&gt; 标准表示，并需要使用 UTC 时间。格式为： &lt;br /&gt;        YYYY-MM-DDThh:mm:ssZ &lt;br /&gt;        例如，2014-05-26T12:00:00Z（为北京时间 2014 年 5 月 26 日 20 点 0 分 0 秒）。    "/>
            <in value="query"/>
            <name value="Timestamp"/>
            <required value="true"/>
            <type value="string"/>
          </parameters>
          <parameters>
            <description value="签名算法版本，目前版本是 1.0。"/>
            <in value="query"/>
            <name value="SignatureVersion"/>
            <required value="true"/>
            <type value="string"/>
          </parameters>
          <parameters>
            <description value="唯一随机数，用于防止网络重放攻击。用户在不同请求间要使用不同的随机数值"/>
            <in value="query"/>
            <name value="SignatureNonce"/>
            <required value="true"/>
            <type value="string"/>
          </parameters>
          <parameters>
            <description value="本次 API 请求访问到的资源拥有者账户，即登录用户名。 &lt;br /&gt;        此参数的使用方法，详见&amp;lt; &lt;a href=&quot;/document_detail/25494.html&quot;&gt;借助 RAM 实现子账号对主账号的 ECS 资源访问&lt;/a&gt; &amp;gt;，（只能在 &lt;a href=&quot;/document_detail/25496.html&quot;&gt;RAM 中可对 ECS 资源进行授权的 Action&lt;/a&gt; 中才能使用此参数，否则访问会被拒绝）    "/>
            <in value="query"/>
            <name value="ResourceOwnerAccount"/>
            <required value="false"/>
            <type value="string"/>
          </parameters>
        </parameters>
      </request>
      <response>
        <RequestId>
          <description value="用户发送的每次接口调用请求，无论成功与否，系统都会返回一个唯一识别码"/>
          <in value="body"/>
          <name value="RequestId"/>
          <type value="string"/>
        </RequestId>
      </response>
    </node>
  </paths>
  <swagger value="2.0"/>
  <x-vee value="2.0 AS"/>
</root>
