<?xml version="1.0" encoding="UTF-8"?>
<root>
  <host value="vpc.aliyuncs.com"/>
  <info>
    <description value="专有网络VPC（Virtual Private Cloud）是用户基于阿里云创建的自定义私有网络, 不同的专有网络之间二层逻辑隔离，用户可以在自己创建的专有网络内创建和管理云产品实例，比如ECS、负载均衡、RDS等。"/>
    <title value="VPC"/>
    <version value="1.0"/>
  </info>
  <paths>
    <node nodeName="/CreateVirtualBorderRouter">
      <get>
        <consumes nodeType="array">
          <consumes value="application/x-www-form-urlencoded"/>
        </consumes>
        <description value="&lt;h2 id=&quot;h2--em-em-&quot;&gt;&lt;a name=&quot;&amp;lt;em&amp;gt;描述&amp;lt;/em&amp;gt;&quot; class=&quot;reference-link&quot;&gt;&lt;/a&gt;&lt;span class=&quot;header-link octicon octicon-link&quot;&gt;&lt;/span&gt;&lt;em&gt;描述&lt;/em&gt;&lt;/h2&gt;&lt;p&gt;新建虚拟边界路由器（VBR）&lt;/p&gt;&lt;ul&gt;&lt;li&gt;只能由物理专线所有者给自己或他人创建VBR&lt;/li&gt;&lt;li&gt;每个物理专线默认能够创建2个VBR&lt;ul&gt;&lt;li&gt;为自己创建的VBR直接进入Enabled状态&lt;/li&gt;&lt;li&gt;支持为其他用户创建VBR，创建后进入Unconfirmed状态&lt;/li&gt;&lt;/ul&gt;&lt;/li&gt;&lt;li&gt;VlanId只允许物理专线owner指定/修改&lt;ul&gt;&lt;li&gt;同一物理专线下的同一VlanId不允许两个VBR同时再用。&lt;/li&gt;&lt;li&gt;进入Terminated状态的VBR会在7天内自动保留其VlanId，不允许其他VBR使用。7天后可以被其他VBR使用。  &lt;/li&gt;&lt;/ul&gt;&lt;/li&gt;&lt;li&gt;为其他用户创建的VBR，不能配置LocalGatewayIp、PeerGatewayIp和PeeringSubnetMask&lt;/li&gt;&lt;li&gt;LocalGatewayIp、PeerGatewayIp、PeeringSubnetMask要做校验：PeeringSubnetMask支持[24-30]位，PeeringSubnetMask支持点分十进制表示法[255.255.255.0-255.255.255.252]，LocalGatewayIp和PeerGatewayIp必须在与PeeringSubnetMask定义的同一子网内。例如：&lt;ul&gt;&lt;li&gt;LocalGatewayIp: 192.168.50.17&lt;/li&gt;&lt;li&gt;PeerGatewayIp: 192.168.50.18&lt;/li&gt;&lt;li&gt;PeeringSubnetMask: 255.255.255.248&lt;/li&gt;&lt;/ul&gt;&lt;/li&gt;&lt;/ul&gt;"/>
        <parameters nodeType="array">
          <parameters>
            <description value="系统规定参数，取值：CreateVirtualBorderRouter"/>
            <enum nodeType="array">
              <enum value="CreateVirtualBorderRouter"/>
            </enum>
            <in value="query"/>
            <name value="Action"/>
            <required value="true"/>
            <type value="string"/>
          </parameters>
          <parameters>
            <description value="所在地域"/>
            <in value="query"/>
            <name value="RegionId"/>
            <required value="true"/>
            <type value="string"/>
          </parameters>
          <parameters>
            <description value="物理专线Id"/>
            <in value="query"/>
            <name value="PhysicalConnectionId"/>
            <required value="true"/>
            <type value="string"/>
          </parameters>
          <parameters>
            <description value="VBR owner的User ID，缺省为当前客户（物理专线owner）"/>
            <in value="query"/>
            <name value="VbrOwnerId"/>
            <required value="false"/>
            <type value="string"/>
          </parameters>
          <parameters>
            <description value="虚拟边界路由器（VBR）专线侧接口的802.1Q VLAN号设定范围 [1-2999]，该属性只允许物理专线owner指定/修改。"/>
            <in value="query"/>
            <maximum value="2999"/>
            <minimum value="1"/>
            <name value="VlanId"/>
            <required value="true"/>
            <type value="integer"/>
          </parameters>
          <parameters>
            <description value="VBR专线侧接口对应运营商的电路编码。该属性只允许物理专线owner指定/修改。"/>
            <in value="query"/>
            <name value="CircuitCode"/>
            <required value="false"/>
            <type value="string"/>
          </parameters>
          <parameters>
            <description value="虚拟边界路由器（VBR）专线侧接口的IP地址。该属性只允许VBR owner指定/修改。为专线所有者创建VBR时必填，为其他账号创建VBR时不可填。"/>
            <in value="query"/>
            <name value="LocalGatewayIp"/>
            <required value="false"/>
            <type value="string"/>
          </parameters>
          <parameters>
            <description value="VBR专线侧接口对端的IP地址。该属性只允许VBR owner指定/修改。为专线所有者创建VBR时必填，为其他账号创建VBR时不可填。"/>
            <in value="query"/>
            <name value="PeerGatewayIp"/>
            <required value="false"/>
            <type value="string"/>
          </parameters>
          <parameters>
            <description value="VBR专线侧接口本端与对端互联的子网掩码。该属性只允许VBR owner指定/修改。为专线所有者创建VBR时必填，为其他账号创建VBR时不可填。"/>
            <in value="query"/>
            <name value="PeeringSubnetMask"/>
            <required value="false"/>
            <type value="string"/>
          </parameters>
          <parameters>
            <description value="虚拟边界路由器（VBR）的名称,[2,128]个字符。不能以&lt;code&gt;http://&lt;/code&gt;和&lt;code&gt;https://&lt;/code&gt;开头。该属性只允许VBR owner指定/修改。"/>
            <in value="query"/>
            <maxLength value="128"/>
            <minLength value="2"/>
            <name value="Name"/>
            <required value="false"/>
            <type value="string"/>
          </parameters>
          <parameters>
            <description value="虚拟边界路由器（VBR）的描述信息,[2,256]个字符，不能以&lt;code&gt;http://&lt;/code&gt;和&lt;code&gt;https://&lt;/code&gt;开头。该属性只允许VBR owner指定/修改。"/>
            <in value="query"/>
            <maxLength value="256"/>
            <minLength value="2"/>
            <name value="Description"/>
            <required value="false"/>
            <type value="string"/>
          </parameters>
          <parameters>
            <description value="用于保证请求的幂等性。由客户端生成该参数值，要保证在不同请求间唯一，最大不值过64个ASCII字符。"/>
            <in value="query"/>
            <maxLength value="64"/>
            <name value="ClientToken"/>
            <required value="true"/>
            <type value="string"/>
          </parameters>
        </parameters>
        <produces nodeType="array">
          <produces value="application/xml"/>
          <produces value="application/json"/>
        </produces>
        <responses>
          <node nodeName="200">
            <description value="Accept"/>
            <schema>
              <properties>
                <VbrId>
                  <description value="虚拟边界路由器（VBR）ID"/>
                  <name value="VbrId"/>
                  <type value="string"/>
                </VbrId>
              </properties>
              <type value="object"/>
            </schema>
          </node>
          <node nodeName="400">
            <description value="{code: MissingParameter, describeen: The input parameter “Action” that is mandatory for processing this request is not supplied, describecn: 缺少 Action 字段}, {code: MissingParameter, describeen: The input parameter “AccessKeyId” that is mandatory for processing this request is not supplied, describecn: 缺少 AccessKeyId 字段}, {code: MissingParameter, describeen: An input parameter “Signature” that is mandatory for processing the request is not supplied., describecn: 缺少 Signature 字段}, {code: MissingParameter, describeen: The input parameter “TimeStamp” that is mandatory for processing this request is not supplied, describecn: 缺少 Timestamp 字段}, {code: MissingParameter, describeen: The input parameter “Version” that is mandatory for processing this request is not supplied, describecn: 缺少 Version 字段}, {code: InvalidParameter, describeen: The specified parameter “Action or Version” is not valid., describecn: 无效的 Action 值（该 API 不存在）}, {code: InvalidAccessKeyId.NotFound, describeen: The Access Key ID provided does not exist in our records., describecn: 无效的 AccessKeyId 值（该 key 不存在）}, {code: IncompleteSignature, describeen: The request signature does not conform to Aliyun standards., describecn: 无效的 Signature 取值（签名结果错误）}, {code: InvalidParamater, describeen: The specified parameter “SignatureMethod” is not valid., describecn: 无效的 SignatureMethod 取值}, {code: InvalidParamater, describeen: The specified parameter “SignatureVersion” is not valid., describecn: 无效的 SignatureVersion 取值}, {code: IllegalTimestamp, describeen: The input parameter “Timestamp” that is mandatory for processing this request is not supplied., describecn: 无效的 Timestamp 取值（Timestamp 与服务器时间相差超过了 1 个小时）}, {code: SignatureNonceUsed, describeen: The request signature nonce has been used., describecn: 无效的 SignatureNonce（该 SignatureNonce 值已被使用过）}, {code: InvalidParameter, describeen: The specified parameter “Action or Version” is not valid., describecn: 无效的 Version 取值}, {code: InvalidOwnerId, describeen: The specified OwnerId is not valid., describecn: 无效的 OwnerId 取值}, {code: InvalidOwnerAccount, describeen: The specified OwnerAccount is not valid., describecn: 无效的 OwnerAccount 取值}, {code: InvalidOwner, describeen: OwnerId and OwnerAccount can’t be used at one API access., describecn: 同时使用了 OwnerId 和 OwnerAccount}, {code: Throttling, describeen: Request was denied due to request throttling., describecn: 因系统流控拒绝访问}, {code: Throttling, describeen: Request was denied due to request throttling., describecn: 该 key 的调用 quota 已用完}, {code: UnsupportedParameter, describeen: The parameter ”&amp;lt;parameter name&amp;gt;” is not supported., describecn: 使用了无效的参数}, {code: UnsupportedParameter, describeen: The parameter ”&amp;lt;parameter name&amp;gt;” is not supported., describecn: 该参数无权使用}, {code: InsufficientBalance, describeen: Your account does not have enough balance., describecn: 余额不足}, {code: IdempotentParameterMismatch, describeen: Request uses a client token in a previous request but is not identical to that request., describecn: 使用了一个已经使用过的 ClientToken，但此次请求内容却又与上一次使用该 Token 的 request 不一样.}, {code: InvalidParameter, describeen: The specified parameter is not valid, describecn: 参数校验失败},{code: InvalidPhysicalConnectionId.NotFound, describeen: The specified PhysicalConnectionId is not found., describecn: 指定的物理专线Id不存在}, {code: InvalidVlanId.Used, describeen: The specified VlanId has been used., describecn: 指定的VlanId已被使用}, {code: MissingParameter, describeen: The input parameter ‘PhysicalConnectionId’ that is mandatory for processing this request is not supplied., describecn: 缺少PhysicalConnectionId值}, {code: InvalidPhysicalConnectionId.NotEnabled, describeen: The specified PhysicalConnectionId is not in Enabled state., describecn: 指定的物理专线当前未处于正常状态}, {code: MissingParameter, describeen: The input parameter ‘VlanId’ that is mandatory for processing this request is not supplied., describecn: 缺少VlanId值}, {code: InvalidVlanId.Malformed, describeen: The specified VlanId is not valid., describecn: 指定的VlanId格式不合法}, {code: InvalidCircuitCode.Malformed, describeen: The specified CircuitCode is not valid., describecn: 指定的CircuitCode格式不合法}, {code: MissingParameter, describeen: The input parameter ‘LocalGatewayIp’ that is mandatory for processing this request is not supplied., describecn: 缺少LocalGatewayIp值}, {code: InvalidLocalGatewayIp.Malformed, describeen: The specified LocalGatewayIp is not valid., describecn: 指定的LocalGatewayIp格式不合法}, {code: MissingParameter, describeen: The input parameter ‘PeerGatewayIp’ that is mandatory for processing this request is not supplied., describecn: 缺少PeerGatewayIp值}, {code: InvalidPeerGatewayIp.Malformed, describeen: The specified PeerGatewayIp is not valid., describecn: 指定的PeerGatewayIp格式不合法}, {code: MissingParameter, describeen: The input parameter ‘PeeringSubnetMask’ that is mandatory for processing this request is not supplied., describecn: 缺少PeerGatewayIp值}, {code: InvalidPeeringSubnetMask.Malformed, describeen: The specified PeeringSubnetMask is not valid., describecn: 指定的PeerGatewayIp格式不合法}, {code: InvalidDescription.Malformed, describeen: The specified ‘Description’ is not valid., describecn: 指定的Description格式不合法}, {code: QuotaExceeded.vbrPerpConn, describeen: Virtual boarder router per PhysicalConnection quota exceed., describecn: 指定物理专线上创建的边界路由器数量超过配额}, {code: QuotaExceeded.freevbr, describeen: Free virtual boarder router quota exceed., describecn: 边界路由器数量超过配额}, {code: InvalidIP.Malformed, describeen: Ip malformed., describecn: IP格式不合法}, {code: MissingParameter, describeen: LocalGatewayIp, peerGatewayIp and peeringSubnetMask must not be null., describecn: 缺少LocalGatewayIp，peerGatewayIp或peeringSubnetMask的值}, {code: InvalidIp.NotSameSubnet, describeen: Local gateway ip and peer gateway ip are not in the same subnet., describecn: LocalGatewayIp和peerGatewayIp未在同一个子网中}"/>
          </node>
          <node nodeName="403">
            <description value="{code: Forbidden.AccessKeyDisabled, describeen: The Access Key is disabled., describecn: 该 AccessKey 处于禁用状态}, {code: InvalidAction, describeen: Specified action is not valid., describecn: 该 key 无权调用该 API}, {code: UnsupportedHTTPMethod, describeen: This http method is not supported., describecn: 用户使用了不支持的 Http Method（当前 TOP 只支持 post 和 get）}, {code: MissingParameter, describeen: The input parameter OwnerId,OwnerAccount that is mandatory for processing this request is not supplied., describecn: 调用该接口没有指定 OwnerId}, {code: Forbidden.SubUser, describeen: The specified action is not available for you。, describecn: 无权调用订单类接口}, {code: Forbidden.RAM, describeen: User not authorized to operate the specified resource, or this API doesn’t support RAM., describecn: 使用了 RAM 授权子账号进行资源访问,但是本次操作没有被正确的授权}, {code: Forbidden.NotSupportRAM, describeen: This action does not support accessed by RAM mode., describecn: 该接口不允许使用 RAM 方式进行访问}, {code: RealNameAuthenticationError, describeen: Your account has not passed the real-name authentication yet., describecn: 用户未进行实名认证}, {code: InvalidIdempotenceParameter.Mismatch, describeen: The specified parameters are different from before, describecn: 幂等参数不匹配}, {code: LastTokenProcessing, describeen: The last token request is processing, describecn: 上一次请求还在处理中},{code: Forbidden.LocalGatewayIpNotAllowedByCaller, describeen: The caller is not allowed to specify the LocalGatewayIp parameter., describecn: 调用方不允许指定LocalGatewayIp参数}, {code: Forbidden.PeerGatewayIpNotAllowedByCaller, describeen: The caller is not allowed to specify the PeerGatewayIp  parameter., describecn: 调用方不允许指定PeerGatewayIp参数}, {code: Forbidden.PeeringSubnetMaskNotAllowedByCaller, describeen: The caller is not allowed to specify the PeeringSubnetMask parameter., describecn: 调用方不允许指定PeeringSubnetMask参数}, {code: Forbidden.NameNotAllowedByCaller, describeen: The caller is not allowed to specify the Name parameter., describecn: 调用方不允许指定Name参数}, {code: Forbidden.DescriptionNotAllowedByCaller, describeen: The caller is not allowed to specify the Description parameter., describecn: 调用方不允许指定Description参数}, {code: InvalidName.Malformed, describeen: The specified ‘Name’ is not valid., describecn: 指定的Name格式不合法}"/>
          </node>
          <node nodeName="404">
            <description value="{code: Forbidden.InstanceNotFound, describeen: The specified Instance is not found, so we cann’t get enough information to check permission in RAM., describecn: 使用了 RAM 授权子账号进行资源访问，但是本次访问涉及到的 Instance 不存在}, {code: Forbidden.DiskNotFound, describeen: The specified Disk is not found, so we cann’t get enough information to check permission in RAM., describecn: 使用了 RAM 授权子账号进行资源访问,但是本次访问涉及到的 Disk 不存在}, {code: Forbidden.SecurityGroupNotFound, describeen: The specified SecurityGroup is not found, so we cann’t get enough information to check permission in RAM., describecn: 使用了 RAM 授权子账号进行资源访问,但是本次访问涉及到的 SecurityGroup 不存在}, {code: Forbidden.SnapshotNotFound, describeen: The specified Snapshot is not found, so we cann’t get enough information to check permission in RAM., describecn: 使用了 RAM 授权子账号进行资源访问,但是本次访问涉及到的 Snapshot 不存在}, {code: Forbidden.ImageNotFound, describeen: The specified Image is not found, so we cann’t get enough information to check permission in RAM., describecn: 使用了 RAM 授权子账号进行资源访问,但是本次访问涉及到的 Image 不存在},{code: InvalidRegionId.NotFound, describeen: The specified RegionId is not found., describecn: 指定的RegionId不存在}, {code: InvalidVbrOwnerId.NotFound, describeen: The specified VbrOwnerId is not valid., describecn: 指定的VBROwnerId不存在}"/>
          </node>
          <node nodeName="500">
            <description value="{code: ServiceUnavailable, describeen: The request has failed due to a temporary failure of the server., describecn: 服务不可用}, {code: InternalError, describeen: The request processing has failed due to some unknown error, exception or failure., describecn: 其他情况}"/>
          </node>
        </responses>
      </get>
      <parameter>
        <node nodeName="$ref" value="#/paths/&quot;/public&quot;/request/parameters"/>
      </parameter>
      <summary value="新建虚拟边界路由器"/>
    </node>
    <node nodeName="/public">
      <request>
        <parameters nodeType="array">
          <parameters>
            <default value="XML"/>
            <description value="返回值的类型，支持 JSON 与 XML。默认为 XML。"/>
            <enum nodeType="array">
              <enum value="XML"/>
              <enum value="JSON"/>
            </enum>
            <in value="query"/>
            <name value="Format"/>
            <required value="false"/>
            <type value="string"/>
          </parameters>
          <parameters>
            <description value="API 版本号，为日期形式：YYYY-MM-DD，本版本对应为 2014-05-26。"/>
            <in value="query"/>
            <name value="Version"/>
            <required value="true"/>
            <type value="string"/>
          </parameters>
          <parameters>
            <description value="阿里云颁发给用户的访问服务所用的密钥 ID。"/>
            <in value="query"/>
            <name value="AccessKeyId"/>
            <required value="true"/>
            <type value="string"/>
          </parameters>
          <parameters>
            <description value="签名结果串，关于签名的计算方法，请参见&amp;lt;&lt;a href=&quot;/document_detail/25492.html&quot;&gt;签名机制&lt;/a&gt;&amp;gt;。"/>
            <in value="query"/>
            <name value="Signature"/>
            <required value="true"/>
            <type value="string"/>
          </parameters>
          <parameters>
            <description value="签名方式，目前支持 HMAC-SHA1。"/>
            <in value="query"/>
            <name value="SignatureMethod"/>
            <required value="true"/>
            <type value="string"/>
          </parameters>
          <parameters>
            <description value="        请求的时间戳。日期格式按照 &lt;a href=&quot;/document_detail/25696.html&quot;&gt;ISO8601&lt;/a&gt; 标准表示，并需要使用 UTC 时间。格式为： &lt;br /&gt;        YYYY-MM-DDThh:mm:ssZ &lt;br /&gt;        例如，2014-05-26T12:00:00Z（为北京时间 2014 年 5 月 26 日 20 点 0 分 0 秒）。    "/>
            <in value="query"/>
            <name value="Timestamp"/>
            <required value="true"/>
            <type value="string"/>
          </parameters>
          <parameters>
            <description value="签名算法版本，目前版本是 1.0。"/>
            <in value="query"/>
            <name value="SignatureVersion"/>
            <required value="true"/>
            <type value="string"/>
          </parameters>
          <parameters>
            <description value="唯一随机数，用于防止网络重放攻击。用户在不同请求间要使用不同的随机数值"/>
            <in value="query"/>
            <name value="SignatureNonce"/>
            <required value="true"/>
            <type value="string"/>
          </parameters>
          <parameters>
            <description value="本次 API 请求访问到的资源拥有者账户，即登录用户名。 &lt;br /&gt;        此参数的使用方法，详见&amp;lt; &lt;a href=&quot;/document_detail/25494.html&quot;&gt;借助 RAM 实现子账号对主账号的 ECS 资源访问&lt;/a&gt; &amp;gt;，（只能在 &lt;a href=&quot;/document_detail/25496.html&quot;&gt;RAM 中可对 ECS 资源进行授权的 Action&lt;/a&gt; 中才能使用此参数，否则访问会被拒绝）    "/>
            <in value="query"/>
            <name value="ResourceOwnerAccount"/>
            <required value="false"/>
            <type value="string"/>
          </parameters>
        </parameters>
      </request>
      <response>
        <RequestId>
          <description value="用户发送的每次接口调用请求，无论成功与否，系统都会返回一个唯一识别码"/>
          <in value="body"/>
          <name value="RequestId"/>
          <type value="string"/>
        </RequestId>
      </response>
    </node>
  </paths>
  <swagger value="2.0"/>
  <x-vee value="2.0 AS"/>
</root>
