<?xml version="1.0" encoding="UTF-8"?>
<root>
  <host value="ecs.aliyuncs.com"/>
  <info>
    <description value="云服务器（Elastic Compute Service，简称 ECS）是一种简单高效、处理能力可弹性伸缩的计算服务，帮助您快速构建更稳定、安全的应用，提升运维效率，降低 IT 成本，使您更专注于核心业务创新。"/>
    <title value="instance"/>
    <version value="1.0"/>
  </info>
  <paths>
    <node nodeName="/ReplaceSystemDisk">
      <get>
        <consumes nodeType="array">
          <consumes value="application/x-www-form-urlencoded"/>
        </consumes>
        <description value="&lt;h2 id=&quot;h2-u63CFu8FF0&quot;&gt;&lt;a name=&quot;描述&quot; class=&quot;reference-link&quot;&gt;&lt;/a&gt;&lt;span class=&quot;header-link octicon octicon-link&quot;&gt;&lt;/span&gt;描述&lt;/h2&gt;&lt;p&gt;更换 ECS 实例的系统盘。您可以通过更换系统盘更换 ECS 实例的操作系统。&lt;/p&gt;&lt;p&gt;使用该接口时，需要注意的是：&lt;/p&gt;&lt;ul&gt;&lt;li&gt;系统盘类型不能更换。&lt;/li&gt;&lt;li&gt;更换系统盘时，会改变 ECS 实例的系统盘磁盘 ID。&lt;/li&gt;&lt;li&gt;更换系统盘时，不改变系统盘的磁盘种类和付费方式，同时原系统盘将被释放。&lt;/li&gt;&lt;li&gt;更换系统盘时，实例的状态必须为已停止（&lt;code&gt;Stopped&lt;/code&gt;）状态，且实例的 &lt;code&gt;OperationLocks&lt;/code&gt; 中没有标记 &lt;code&gt;&quot;LockReason&quot; : &quot;security&quot;&lt;/code&gt; 的锁定状态，且实例不能为欠费状态。&lt;/li&gt;&lt;li&gt;可以通过指定参数 &lt;code&gt;SystemDisk.Size&lt;/code&gt; 重新指定系统盘的容量大小，其中参数 &lt;code&gt;SystemDisk.Size&lt;/code&gt; 的值必须大于等于 max{40, 更换前的系统盘容量}。超过 max{40, 更换前的系统盘容量} 的磁盘容量部分，将收取额外费用。&lt;/li&gt;&lt;/ul&gt;"/>
        <parameters nodeType="array">
          <parameters>
            <description value="系统规定参数。取值：ReplaceSystemDisk"/>
            <enum nodeType="array">
              <enum value="ReplaceSystemDisk"/>
            </enum>
            <in value="query"/>
            <name value="Action"/>
            <required value="true"/>
            <type value="string"/>
          </parameters>
          <parameters>
            <description value="指定实例的 ID。"/>
            <in value="query"/>
            <name value="InstanceId"/>
            <required value="true"/>
            <type value="string"/>
          </parameters>
          <parameters>
            <description value="重置系统时使用的镜像 ID。"/>
            <in value="query"/>
            <name value="ImageId"/>
            <required value="true"/>
            <type value="string"/>
          </parameters>
          <parameters>
            <description value="实例的密码。&lt;ul&gt;&lt;li&gt;长度为 [8, 30] 个字符，必须同时包含三类不同的字符（大、小写字母，数字和特殊符号）。&lt;/li&gt;&lt;li&gt;支持以下特殊字符：( ) ` ~ ! @ # $ % ^ &amp;amp; * - + = |{ } [ ] : ;‘ &amp;lt; &amp;gt; , . ? /&lt;/li&gt;&lt;/ul&gt;如果传入 &lt;code&gt;Password&lt;/code&gt; 参数，请务必使用 HTTPS 协议调用 API，避免密码泄露。"/>
            <enum nodeType="array">
              <enum value="Password"/>
            </enum>
            <in value="query"/>
            <maxLength value="30"/>
            <minLength value="8"/>
            <name value="Password"/>
            <required value="false"/>
            <type value="string"/>
          </parameters>
          <parameters>
            <default value="空"/>
            <description value="密钥对名称。&lt;ul&gt; &lt;li&gt;Windows ECS 实例，忽略该参数。默认为空。即使填写了该参数，仍旧只执行 &lt;code&gt;Password&lt;/code&gt; 的内容。&lt;/li&gt; &lt;li&gt;Linux ECS 实例的密码登录方式会被初始化成禁止。&lt;/li&gt;&lt;/ul&gt;"/>
            <in value="query"/>
            <name value="KeyPairName"/>
            <required value="false"/>
            <type value="string"/>
          </parameters>
          <parameters>
            <description value="新的系统盘容量，单位为 GB。取值范围为：&lt;ul&gt;&lt;li&gt;[Max{40, ImageId.size}, 500]。&lt;/li&gt;&lt;/ul&gt; 默认值：Max{40, ImageId.size}"/>
            <in value="query"/>
            <maximum value="500"/>
            <name value="SystemDisk.Size"/>
            <required value="false"/>
            <type value="integer"/>
          </parameters>
          <parameters>
            <description value="用于保证请求的幂等性。由客户端生成该参数值，要保证在不同请求间唯一，最大不能超过 64 个 ASCII 字符。&lt;br&gt;具体参见附录：&lt;a href=&quot;/document_detail/25693.html&quot;&gt;如何保证幂等性&lt;/a&gt;。"/>
            <in value="query"/>
            <maxLength value="64"/>
            <name value="ClientToken"/>
            <required value="false"/>
            <type value="string"/>
          </parameters>
          <parameters>
            <description value="是否开启安全加固，取值范围：&lt;ul&gt;&lt;li&gt;Active：启用安全加固，只对系统镜像生效&lt;/li&gt;&lt;li&gt;Deactive：不启用安全加固，对所有镜像类型生效&lt;/li&gt;&lt;/ul&gt;"/>
            <enum nodeType="array">
              <enum value="Active"/>
              <enum value="Deactive"/>
            </enum>
            <in value="query"/>
            <name value="SecurityEnhancementStrategy"/>
            <required value="false"/>
            <type value="string"/>
          </parameters>
        </parameters>
        <produces nodeType="array">
          <produces value="application/xml"/>
          <produces value="application/json"/>
        </produces>
        <responses>
          <node nodeName="200">
            <description value="Accept"/>
            <schema>
              <properties>
                <DiskId>
                  <description value="新系统盘的磁盘 ID"/>
                  <name value="DiskId"/>
                  <type value="string"/>
                </DiskId>
              </properties>
              <type value="object"/>
            </schema>
          </node>
          <node nodeName="400">
            <description value="{code: IdempotentParameterMismatch, describeen: The request is retried with updated parameters.}, {code: IllegalTimestamp, describeen: The input parameter “Timestamp” that is mandatory for processing this request is not supplied.}, {code: IncompleteSignature, describeen: The request signature does not conform to Aliyun standards.}, {code: InsufficientBalance, describeen: Your account does not have enough balance.}, {code: InvalidAccessKeyId.NotFound, describeen: The specified Access Key ID does not exist.}, {code: InvalidOwner, describeen: OwnerId and OwnerAccount can’t be used at one API access.}, {code: InvalidOwnerAccount, describeen: The specified OwnerAccount is not valid.}, {code: InvalidOwnerId, describeen: The specified OwnerId is not valid.}, {code: InvalidParamater, describeen: The specified parameter “SignatureMethod” is not valid.}, {code: InvalidParamater, describeen: The specified parameter “SignatureVersion” is not valid.}, {code: InvalidParameter, describeen: The specified parameter is not valid}, {code: InvalidParameter, describeen: The specified parameter “Action or Version” is not valid.}, {code: InvalidParameter.IsNull, describeen: The required parameter must be not null.}, {code: MissingParameter, describeen: The input parameter “Action” that is mandatory for processing this request is not supplied}, {code: MissingParameter, describeen: The input parameter “AccessKeyId” that is mandatory for processing this request is not supplied}, {code: MissingParameter, describeen: The input parameter “Signature” that is mandatory for processing the request is not supplied.}, {code: MissingParameter, describeen: The input parameter “TimeStamp” that is mandatory for processing this request is not supplied}, {code: MissingParameter, describeen: The input parameter “Version” that is mandatory for processing this request is not supplied}, {code: SignatureNonceUsed, describeen: The request signature nonce has been used.}, {code: Throttling, describeen: You have made too many requests within a short time; your request is denied due to request throttling.}, {code: UnsupportedParameter, describeen: },{code: InvalidParameter.Conflict, describeen: The specified image does not support the specified instance type., describecn: 指定的镜像不支持创建这一类规格的实例。}, {code: InvalidPassword.Malformed, describeen: The specified parameter “Password” is not valid., describecn: 指定的 Password 格式不合法。}, {code: InvalidSystemDiskSize, describeen: The specified parameter SystemDisk.Size is invalid., describecn: 指定的参数 SystemDisk.Size 不合法。}, {code: InvalidSystemDiskSize.ImageNotSupportResize, describeen: The specified image does not support resize., describecn: 指定的镜像不支持磁盘扩容。}, {code: InvalidSystemDiskSize.ValueNotSupported, describeen: The specified parameter SystemDisk.Size is invalid., describecn: 指定的参数 SystemDisk.Size 不合法。}, {code: OperationDenied, describeen: The specified image contains the snapshot of the data disk,does not support this operation., describecn: 包含数据盘快照的镜像不能进行更换系统盘操作。}"/>
          </node>
          <node nodeName="403">
            <description value="{code: ChargeTypeViolation, describeen: The operation is not permitted due to charge type of the instance.}, {code: Forbidden.AccessKeyDisabled, describeen: The Access Key is disabled.}, {code: Forbidden.NotSupportRAM, describeen: This action does not support accessed by RAM mode.}, {code: Forbidden.RAM, describeen: User not authorized to operate on the specified resource, or this API doesn&amp;#39;t support RAM.}, {code: Forbidden.RiskControl, describeen: This operation is forbidden by Aliyun RiskControl system.}, {code: Forbidden.SubUser, describeen: The specified action is not available for you.}, {code: Forbidden.Unauthorized, describeen: User not authorized to operate on the specified resource.}, {code: InvalidAccount.NotFound, describeen: The specified Account does not exist.}, {code: InvalidAction, describeen: Specified action is not valid.}, {code: InvalidIdempotenceParameter.Mismatch, describeen: The specified parameters are different from before.}, {code: InvalidParameter.OwnerAccount, describeen: OwnerAccount is Invalid.}, {code: InvalidParameter.ResourceOwnerAccount, describeen: ResourceOwnerAccount is Invalid.}, {code: LastTokenProcessing, describeen: The last token request is processing.}, {code: MissingParameter, describeen: The input parameter OwnerId,OwnerAccount that is mandatory for processing this request is not supplied.}, {code: RealNameAuthenticationError, describeen: Your account has not passed the real-name authentication yet.}, {code: UnsupportedHTTPMethod, describeen: This http method is not supported.},{code: ChargeTypeViolation, describeen: The operation is not permitted due to charge type of the instance., describecn: 指定实例的付费方式不支持更换系统盘。}, {code: DiskCreatingSnapshot, describeen: The operation is denied due to a snapshot of the specified disk is not completed yet., describecn: 指定的磁盘正在创建快照。}, {code: ImageNotSubscribed, describeen: The specified image has not be subscribed., describecn: 指定的镜像未在镜像市场订阅。}, {code: ImageNotSupportInstanceType, describeen: The specified image don not support the InstanceType instance., describecn: 指定镜像不支持该实例类型。}, {code: ImageRemovedInMarket, describeen: The specified market image is not available, Or the specified user defined image includes product code because it is based on an image subscribed from marketplace, and that image in marketplace includeing exact the same product code has been removed., describecn: 指定的镜像已经从镜像市场中下架。}, {code: IncorrectInstanceStatus, describeen: The current status of the resource does not support this operation., describecn: 指定的实例状态不正确。}, {code: INST_HAS_UNPAID_ORDER, describeen: The instance has unpaid order., describecn: 该实例有未支付的订单。}, {code: InstanceExpiredOrInArrears, describeen: The specified operation is denied as your prepay instance is expired (prepay mode) or in arrears (afterpay mode)., describecn: 指定的实例已欠费。}, {code: InstanceLockedForSecurity, describeen: The instance is locked due to security., describecn: 指定的实例被安全锁定。}, {code: IoOptimized.NotSupported, describeen: The specified image is not support IoOptimized Instance., describecn: 镜像必须支持 I/O 优化实例。}, {code: QuotaExceed.BuyImage, describeen: The specified image is from the image market,You have not bought it or your quota has been exceeded., describecn: 指定镜像来自镜像市场，您需要先购买再使用，或者您的镜像个数已超出最大限制。}"/>
          </node>
          <node nodeName="404">
            <description value="{code: InvalidDiskId.NotFound, describeen: The specified DiskId does not exist.}, {code: InvalidImageId.NotFound, describeen: The specified ImageId does not exist.}, {code: InvalidInstanceId.NotFound, describeen: The specified InstanceId does not exist.}, {code: InvalidRegionId.NotFound, describeen: The specified RegionId does not exist.}, {code: InvalidSecurityGroupId.NotFound, describeen: The specified SecurityGroupId does not exist.}, {code: InvalidSnapshotId.NotFound, describeen: The specified SnapshotId does not exist.},{code: InvalidImageId.NotFound, describeen: The specified ImageId does not exist., describecn: 指定的镜像不存在。}, {code: InvalidInstanceId.NotFound, describeen: The specified InstanceId does not exist., describecn: 指定的实例不存在。}, {code: InvalidSystemDiskSize.LessThanImageSize, describeen: The specified parameter SystemDisk.Size is less than the image size., describecn: 指定的参数 SystemDisk.Size 小于镜像大小。}, {code: InvalidSystemDiskSize.LessThanMinSize, describeen: The specified parameter SystemDisk.Size is less than the min size., describecn: 指定的参数 SystemDisk.Size 小于磁盘大小下限。}, {code: InvalidSystemDiskSize.MoreThanMaxSize, describeen: The specified SystemDisk.Size parameter exceeds the maximum size., describecn: 指定的参数 SystemDisk.Size 大于磁盘大小上限。}, {code: NoSuchResource, describeen: The specified resource is not found., describecn: 指定资源不存在。}"/>
          </node>
          <node nodeName="409">
            <description value="{code: OperationConflict, describeen: Request was denied due to conflict with a previous request.}"/>
          </node>
          <node nodeName="500">
            <description value="{code: InternalError, describeen: The request processing has failed due to some unknown error, exception or failure.},{code: OperationDenied, describeen: Internal Error., describecn: 内部错误}"/>
          </node>
          <node nodeName="503">
            <description value="{code: ServiceUnavailable, describeen: The request has failed due to a temporary failure of the server.}, {code: ServiceUnavailable.RegionMaintaining, describeen: System maintenance is in progress on the selected region, please wait a few minutes before trying again.}"/>
          </node>
        </responses>
      </get>
      <parameter>
        <node nodeName="$ref" value="#/paths/&quot;/public&quot;/request/parameters"/>
      </parameter>
      <summary value="更换系统盘"/>
      <x-requestsample nodeType="array">
        <x-requestsample>
          <description value="&lt;pre class=&quot;prettyprint linenums prettyprinted&quot; style=&quot;&quot;&gt;&lt;ol class=&quot;linenums&quot;&gt;&lt;li class=&quot;L0&quot;&gt;&lt;code class=&quot;lang-shell&quot;&gt;&lt;span class=&quot;pln&quot;&gt;https&lt;/span&gt;&lt;span class=&quot;pun&quot;&gt;:&lt;/span&gt;&lt;span class=&quot;com&quot;&gt;//ecs.aliyuncs.com/?Action=ReplaceSystemDisk&lt;/span&gt;&lt;/code&gt;&lt;/li&gt;&lt;li class=&quot;L1&quot;&gt;&lt;code class=&quot;lang-shell&quot;&gt;&lt;span class=&quot;pun&quot;&gt;&amp;amp;&lt;/span&gt;&lt;span class=&quot;typ&quot;&gt;InstanceId&lt;/span&gt;&lt;span class=&quot;pun&quot;&gt;=&lt;/span&gt;&lt;span class=&quot;pln&quot;&gt;i&lt;/span&gt;&lt;span class=&quot;pun&quot;&gt;-&lt;/span&gt;&lt;span class=&quot;lit&quot;&gt;23jggx34b&lt;/span&gt;&lt;/code&gt;&lt;/li&gt;&lt;li class=&quot;L2&quot;&gt;&lt;code class=&quot;lang-shell&quot;&gt;&lt;span class=&quot;pun&quot;&gt;&amp;amp;&lt;/span&gt;&lt;span class=&quot;typ&quot;&gt;ImageId&lt;/span&gt;&lt;span class=&quot;pun&quot;&gt;=&lt;/span&gt;&lt;span class=&quot;pln&quot;&gt;m&lt;/span&gt;&lt;span class=&quot;pun&quot;&gt;-&lt;/span&gt;&lt;span class=&quot;pln&quot;&gt;myimage11&lt;/span&gt;&lt;/code&gt;&lt;/li&gt;&lt;li class=&quot;L3&quot;&gt;&lt;code class=&quot;lang-shell&quot;&gt;&lt;span class=&quot;pun&quot;&gt;&amp;amp;&amp;lt;公共请求参数&amp;gt;&lt;/span&gt;&lt;/code&gt;&lt;/li&gt;&lt;/ol&gt;&lt;/pre&gt;"/>
          <id value="1"/>
        </x-requestsample>
        <x-requestsample>
          <description value="&lt;pre class=&quot;prettyprint linenums prettyprinted&quot; style=&quot;&quot;&gt;&lt;ol class=&quot;linenums&quot;&gt;&lt;li class=&quot;L0&quot;&gt;&lt;code class=&quot;lang-shell&quot;&gt;&lt;span class=&quot;pln&quot;&gt;https&lt;/span&gt;&lt;span class=&quot;pun&quot;&gt;:&lt;/span&gt;&lt;span class=&quot;com&quot;&gt;//ecs.aliyuncs.com/?Action=ReplaceSystemDisk&lt;/span&gt;&lt;/code&gt;&lt;/li&gt;&lt;li class=&quot;L1&quot;&gt;&lt;code class=&quot;lang-shell&quot;&gt;&lt;span class=&quot;pun&quot;&gt;&amp;amp;&lt;/span&gt;&lt;span class=&quot;typ&quot;&gt;InstanceId&lt;/span&gt;&lt;span class=&quot;pun&quot;&gt;=&lt;/span&gt;&lt;span class=&quot;pln&quot;&gt;i&lt;/span&gt;&lt;span class=&quot;pun&quot;&gt;-&lt;/span&gt;&lt;span class=&quot;lit&quot;&gt;23jggx34b&lt;/span&gt;&lt;/code&gt;&lt;/li&gt;&lt;li class=&quot;L2&quot;&gt;&lt;code class=&quot;lang-shell&quot;&gt;&lt;span class=&quot;pun&quot;&gt;&amp;amp;&lt;/span&gt;&lt;span class=&quot;typ&quot;&gt;ImageId&lt;/span&gt;&lt;span class=&quot;pun&quot;&gt;=&lt;/span&gt;&lt;span class=&quot;pln&quot;&gt;m&lt;/span&gt;&lt;span class=&quot;pun&quot;&gt;-&lt;/span&gt;&lt;span class=&quot;pln&quot;&gt;myimage11&lt;/span&gt;&lt;/code&gt;&lt;/li&gt;&lt;li class=&quot;L3&quot;&gt;&lt;code class=&quot;lang-shell&quot;&gt;&lt;span class=&quot;pun&quot;&gt;&amp;amp;&amp;lt;公共请求参数&amp;gt;&lt;/span&gt;&lt;/code&gt;&lt;/li&gt;&lt;/ol&gt;&lt;/pre&gt;"/>
          <id value="2"/>
        </x-requestsample>
      </x-requestsample>
      <x-responsesample nodeType="array">
        <x-responsesample>
          <description value="&lt;pre class=&quot;prettyprint linenums prettyprinted&quot; style=&quot;&quot;&gt;&lt;ol class=&quot;linenums&quot;&gt;&lt;li class=&quot;L0&quot;&gt;&lt;code class=&quot;lang-xml&quot;&gt;&lt;span class=&quot;tag&quot;&gt;&amp;lt;ResetDiskResponse&amp;gt;&lt;/span&gt;&lt;/code&gt;&lt;/li&gt;&lt;li class=&quot;L1&quot;&gt;&lt;code class=&quot;lang-xml&quot;&gt;&lt;span class=&quot;pln&quot;&gt;    &lt;/span&gt;&lt;span class=&quot;tag&quot;&gt;&amp;lt;DiskId&amp;gt;&lt;/span&gt;&lt;span class=&quot;pln&quot;&gt;d-23jbf2v5m&lt;/span&gt;&lt;span class=&quot;tag&quot;&gt;&amp;lt;/DiskId&amp;gt;&lt;/span&gt;&lt;/code&gt;&lt;/li&gt;&lt;li class=&quot;L2&quot;&gt;&lt;code class=&quot;lang-xml&quot;&gt;&lt;span class=&quot;pln&quot;&gt;    &lt;/span&gt;&lt;span class=&quot;tag&quot;&gt;&amp;lt;RequestId&amp;gt;&lt;/span&gt;&lt;span class=&quot;pln&quot;&gt;F3CD6886-D8D0-4FEE-B93E-1B73239673DE&lt;/span&gt;&lt;span class=&quot;tag&quot;&gt;&amp;lt;/RequestId&amp;gt;&lt;/span&gt;&lt;/code&gt;&lt;/li&gt;&lt;li class=&quot;L3&quot;&gt;&lt;code class=&quot;lang-xml&quot;&gt;&lt;span class=&quot;tag&quot;&gt;&amp;lt;/ResetDiskResponse&amp;gt;&lt;/span&gt;&lt;/code&gt;&lt;/li&gt;&lt;/ol&gt;&lt;/pre&gt;"/>
          <id value="1"/>
          <note value="XML格式"/>
        </x-responsesample>
        <x-responsesample>
          <description value="&lt;pre class=&quot;prettyprint linenums prettyprinted&quot; style=&quot;&quot;&gt;&lt;ol class=&quot;linenums&quot;&gt;&lt;li class=&quot;L0&quot;&gt;&lt;code class=&quot;lang-json&quot;&gt;&lt;span class=&quot;pun&quot;&gt;{&lt;/span&gt;&lt;/code&gt;&lt;/li&gt;&lt;li class=&quot;L1&quot;&gt;&lt;code class=&quot;lang-json&quot;&gt;&lt;span class=&quot;pln&quot;&gt;    &lt;/span&gt;&lt;span class=&quot;str&quot;&gt;&quot;RequestId&quot;&lt;/span&gt;&lt;span class=&quot;pun&quot;&gt;:&lt;/span&gt;&lt;span class=&quot;str&quot;&gt;&quot;337568C5-64F3-4B76-8CDD-D3D8C57B5B8C&quot;&lt;/span&gt;&lt;span class=&quot;pun&quot;&gt;,&lt;/span&gt;&lt;/code&gt;&lt;/li&gt;&lt;li class=&quot;L2&quot;&gt;&lt;code class=&quot;lang-json&quot;&gt;&lt;span class=&quot;pln&quot;&gt;    &lt;/span&gt;&lt;span class=&quot;str&quot;&gt;&quot;DiskId&quot;&lt;/span&gt;&lt;span class=&quot;pun&quot;&gt;:&lt;/span&gt;&lt;span class=&quot;str&quot;&gt;&quot;d-j6cam2z21u4ks3dj6flb&quot;&lt;/span&gt;&lt;/code&gt;&lt;/li&gt;&lt;li class=&quot;L3&quot;&gt;&lt;code class=&quot;lang-json&quot;&gt;&lt;span class=&quot;pun&quot;&gt;}&lt;/span&gt;&lt;/code&gt;&lt;/li&gt;&lt;/ol&gt;&lt;/pre&gt;"/>
          <id value="2"/>
          <note value="JSON格式"/>
        </x-responsesample>
      </x-responsesample>
    </node>
    <node nodeName="/public">
      <request>
        <parameters nodeType="array">
          <parameters>
            <default value="XML"/>
            <description value="返回值的类型，支持 JSON 与 XML。默认为 XML。"/>
            <enum nodeType="array">
              <enum value="XML"/>
              <enum value="JSON"/>
            </enum>
            <in value="query"/>
            <name value="Format"/>
            <required value="false"/>
            <type value="string"/>
          </parameters>
          <parameters>
            <description value="API 版本号，为日期形式：YYYY-MM-DD，本版本对应为 2014-05-26。"/>
            <in value="query"/>
            <name value="Version"/>
            <required value="true"/>
            <type value="string"/>
          </parameters>
          <parameters>
            <description value="阿里云颁发给用户的访问服务所用的密钥 ID。"/>
            <in value="query"/>
            <name value="AccessKeyId"/>
            <required value="true"/>
            <type value="string"/>
          </parameters>
          <parameters>
            <description value="签名结果串，关于签名的计算方法，请参见&amp;lt;&lt;a href=&quot;/document_detail/25492.html&quot;&gt;签名机制&lt;/a&gt;&amp;gt;。"/>
            <in value="query"/>
            <name value="Signature"/>
            <required value="true"/>
            <type value="string"/>
          </parameters>
          <parameters>
            <description value="签名方式，目前支持 HMAC-SHA1。"/>
            <in value="query"/>
            <name value="SignatureMethod"/>
            <required value="true"/>
            <type value="string"/>
          </parameters>
          <parameters>
            <description value="        请求的时间戳。日期格式按照 &lt;a href=&quot;/document_detail/25696.html&quot;&gt;ISO8601&lt;/a&gt; 标准表示，并需要使用 UTC 时间。格式为： &lt;br /&gt;        YYYY-MM-DDThh:mm:ssZ &lt;br /&gt;        例如，2014-05-26T12:00:00Z（为北京时间 2014 年 5 月 26 日 20 点 0 分 0 秒）。    "/>
            <in value="query"/>
            <name value="Timestamp"/>
            <required value="true"/>
            <type value="string"/>
          </parameters>
          <parameters>
            <description value="签名算法版本，目前版本是 1.0。"/>
            <in value="query"/>
            <name value="SignatureVersion"/>
            <required value="true"/>
            <type value="string"/>
          </parameters>
          <parameters>
            <description value="唯一随机数，用于防止网络重放攻击。用户在不同请求间要使用不同的随机数值"/>
            <in value="query"/>
            <name value="SignatureNonce"/>
            <required value="true"/>
            <type value="string"/>
          </parameters>
          <parameters>
            <description value="        本次 API 请求访问到的资源拥有者账户，即登录用户名。 &lt;br /&gt;        此参数的使用方法，详见&amp;lt; &lt;a href=&quot;/document_detail/25494.html&quot;&gt;借助 RAM 实现子账号对主账号的 ECS 资源访问&lt;/a&gt; &amp;gt;，（只能在 &lt;a href=&quot;/document_detail/25496.html&quot;&gt;RAM 中可对 ECS 资源进行授权的 Action&lt;/a&gt; 中才能使用此参数，否则访问会被拒绝）    "/>
            <in value="query"/>
            <name value="        ResourceOwnerAccount    "/>
            <required value="false"/>
            <type value="string"/>
          </parameters>
        </parameters>
      </request>
      <response>
        <RequestId>
          <description value="用户发送的每次接口调用请求，无论成功与否，系统都会返回一个唯一识别码"/>
          <in value="body"/>
          <name value="RequestId"/>
          <type value="string"/>
        </RequestId>
      </response>
    </node>
  </paths>
  <swagger value="2.0"/>
  <x-vee value="2.0 AS"/>
</root>
