<?xml version="1.0" encoding="UTF-8"?>
<root>
  <host value=""/>
  <info>
    <description value="阿里云对象存储服务（Object Storage Service，简称OSS），是阿里云对外提供的海量，安全，低成本，高可靠的云存储服务。用户可以通过本文档提供的简单的REST接口，在任何时间、任何地点、任何互联网设备上进行上传和下载数据。基于OSS，用户可以搭建出各种多媒体分享网站、网盘、个人和企业数据备份等基于大规模数据的服务。"/>
    <title value="aliyun oss api"/>
    <version value="1.0"/>
  </info>
  <paths>
    <node nodeName="/{BucketName}.oss-cn-hangzhou.aliyuncs.com/GetObjectMeta/{ObjectName}?objectMeta">
      <get>
        <consumes nodeType="array">
          <consumes value="application/x-www-form-urlencoded"/>
        </consumes>
        <description value="Get Object Meta用来获取某个Bucket下的某个Object的基本meta信息，包括该Object的ETag、Size（文件大小）、LastModified，并不返回其内容。 1.&#9;无论正常返回还是非正常返回，Get Object Meta均不返回消息体。 2.&#9;Get Object Meta需包含objectMeta请求参数，否则表示Get Object请求。 3.&#9;如果文件不存在返回404 Not Found错误。 4.&#9;Get Object Meta相比Head Object更轻量，仅返回指定Object的少量基本meta信息，包括该 Object的ETag、Size（文件大小）、LastModified，其中Size由响应头Content-Length的数值表示。 5. 如果文件类型为符号链接，返回符号链接自身信息。"/>
        <parameters nodeType="array">
          <parameters>
            <description value="对象名"/>
            <in value="path"/>
            <name value="BucketName"/>
            <required value="true"/>
            <type value="string"/>
          </parameters>
          <parameters>
            <description value="容器名"/>
            <in value="path"/>
            <name value="ObjectName"/>
            <required value="true"/>
            <type value="string"/>
          </parameters>
        </parameters>
        <produces nodeType="array">
          <produces value="application/x-www-form-urlencoded"/>
        </produces>
        <responses>
          <node nodeName="200">
            <description value="success response"/>
          </node>
          <node nodeName="400">
            <description value="如果文件不存在返回404 Not Found错误。"/>
          </node>
        </responses>
      </get>
      <x-requestformat value=" GET /ObjectName?objectMeta HTTP/1.1 Host: BucketName.oss-cn-hangzhou.aliyuncs.com Date: GMT Date Authorization: SignatureValue&#10;"/>
      <x-requestsample nodeType="array">
        <x-requestsample>
          <description value=" GET /oss.jpg?objectMeta HTTP/1.1 Host: oss-example.oss-cn-hangzhou.aliyuncs.com Date: Wed, 29 Apr 2015 05:21:12 GMT Authorization: OSS qn6qrrqxo2oawuk53otfjbyc:CTkuxpLAi4XZ+WwIfNm0FmgbrQ0=&#10;"/>
          <id value="1"/>
        </x-requestsample>
      </x-requestsample>
      <x-responsesample nodeType="array">
        <x-responsesample>
          <description value=" HTTP/1.1 200 OK x-oss-request-id: 559CC9BDC755F95A64485981 Date: Wed, 29 Apr 2015 05:21:12 GMT ETag: &quot;5B3C1A2E053D763E1B002CC607C5A0FE&quot; Last-Modified: Fri, 24 Feb 2012 06:07:48 GMT Content-Length: 344606 Connection: keep-alive Server: AliyunOSS&#10;"/>
          <id value="1"/>
        </x-responsesample>
      </x-responsesample>
    </node>
  </paths>
  <swagger value="2.0"/>
  <x-vee value="2.0 AS"/>
</root>
