<?xml version="1.0" encoding="UTF-8"?>
<root>
  <host value=""/>
  <info>
    <description value="阿里云对象存储服务（Object Storage Service，简称OSS），是阿里云对外提供的海量，安全，低成本，高可靠的云存储服务。用户可以通过本文档提供的简单的REST接口，在任何时间、任何地点、任何互联网设备上进行上传和下载数据。基于OSS，用户可以搭建出各种多媒体分享网站、网盘、个人和企业数据备份等基于大规模数据的服务。"/>
    <title value="aliyun oss api"/>
    <version value="1.0"/>
  </info>
  <paths>
    <node nodeName="/{BucketName}.oss-cn-hangzhou.aliyuncs.com/GetBucketInfo/?bucketinfo">
      <get>
        <consumes nodeType="array">
          <consumes value="application/x-www-form-urlencoded"/>
        </consumes>
        <description value="Get Bucket Info操作用于查看bucket的相关信息。 包括如下内容： 创建时间 外网访问Endpoint 内网访问Endpoint bucket的拥有者信息 bucket的ACL（AccessControlList） 1.&#9;如果Bucket不存在，返回404错误。错误码：NoSuchBucket。 2.&#9;只有Bucket的拥有者才能查看Bucket的信息，否则返回403 Forbidden错误,错误码：AccessDenied。 3. 请求可以从任何一个OSS的Endpoint发起。"/>
        <parameters nodeType="array">
          <parameters>
            <description value="对象名"/>
            <in value="path"/>
            <name value="BucketName"/>
            <required value="true"/>
            <type value="string"/>
          </parameters>
        </parameters>
        <produces nodeType="array">
          <produces value="application/x-www-form-urlencoded"/>
        </produces>
        <responses>
          <node nodeName="200">
            <description value="success response"/>
            <schema>
              <properties>
                <BucketInfo>
                  <description value="保存Bucket信息内容的容器    类型：容器     子节点：Bucket节点    父节点：无"/>
                  <in value="formData"/>
                  <name value="BucketInfo"/>
                  <properties>
                    <Bucket>
                      <description value="保存Bucket具体信息的容器    类型：容器     子节点：Bucket节点    父节点：BucketInfo节点"/>
                      <in value="formData"/>
                      <name value="Bucket"/>
                      <properties>
                        <AccessControlList>
                          <description value="存储ACL信息的容器 类型：容器 父节点：BucketInfo.Bucket"/>
                          <in value="formData"/>
                          <name value="AccessControlList"/>
                          <properties>
                            <Grant>
                              <description value="Bucket的ACL权限。 类型：枚举字符串 有效值：private、public-read、public-read-write 父节点：BucketInfo.Bucket.AccessControlList"/>
                              <enum nodeType="array">
                                <enum value="private"/>
                                <enum value="public-read"/>
                                <enum value="public-read-write"/>
                              </enum>
                              <in value="formData"/>
                              <name value="Grant"/>
                              <type value="string"/>
                            </Grant>
                          </properties>
                          <type value="object"/>
                        </AccessControlList>
                        <Location>
                          <description value="Bucket所在数据中心的区域 类型：字符串 父节点：BucketInfo.Bucket"/>
                          <in value="formData"/>
                          <name value="Location"/>
                          <type value="string"/>
                        </Location>
                        <Name>
                          <description value="Bucket名字 类型：字符串 父节点：BucketInfo.Bucket"/>
                          <in value="formData"/>
                          <name value="Location"/>
                          <type value="string"/>
                        </Name>
                        <Owner>
                          <description value="用于存放Bucket拥有者信息的容器。类型：容器 父节点：BucketInfo.Bucket"/>
                          <in value="formData"/>
                          <name value="Bucket"/>
                          <properties>
                            <CreationDate>
                              <description value="Bucket创建时间。时间格式 2013-07-31T10:56:21.000Z    类型：时间 父节点：BucketInfo.Bucket"/>
                              <in value="formData"/>
                              <name value="CreationDate"/>
                              <type value="string"/>
                            </CreationDate>
                            <ExtranetEndpoint>
                              <description value="Bucket访问的外网域名 类型：字符串 父节点：BucketInfo.Bucket"/>
                              <in value="formData"/>
                              <name value="IntranetEndpoint"/>
                              <type value="string"/>
                            </ExtranetEndpoint>
                            <ID>
                              <description value="Bucket拥有者的用户ID。 类型：字符串 父节点：BucketInfo.Bucket.Owner"/>
                              <in value="formData"/>
                              <name value="ID"/>
                              <type value="string"/>
                            </ID>
                            <IntranetEndpoint>
                              <description value="同区域ECS访问Bucket的内网域名  类型：字符串 父节点：BucketInfo.Bucket"/>
                              <in value="formData"/>
                              <name value="IntranetEndpoint"/>
                              <type value="string"/>
                            </IntranetEndpoint>
                            <Name>
                              <description value="Bucket名字  类型：字符串 父节点：BucketInfo.Bucket"/>
                              <in value="formData"/>
                              <name value="Name"/>
                              <type value="string"/>
                            </Name>
                          </properties>
                          <type value="object"/>
                        </Owner>
                      </properties>
                      <type value="object"/>
                    </Bucket>
                  </properties>
                  <type value="object"/>
                </BucketInfo>
              </properties>
              <type value="object"/>
            </schema>
          </node>
          <node nodeName="403">
            <description value="只有Bucket的拥有者才能查看Bucket的信息，否则返回403 Forbidden错误,错误码：AccessDenied。"/>
          </node>
          <node nodeName="404">
            <description value="如果Bucket不存在，返回404错误。错误码：NoSuchBucket。"/>
          </node>
        </responses>
      </get>
      <summary value="获取Bucket信息"/>
      <x-requestformat value=" GET /?bucketInfo HTTP/1.1 Host: BucketName.oss.aliyuncs.com Date: GMT Date Authorization: SignatureValue&#10;"/>
      <x-requestsample nodeType="array">
        <x-requestsample>
          <description value=" Get /?bucketInfo HTTP/1.1 Host: oss-example.oss.aliyuncs.com Date: Sat, 12 Sep 2015 07:51:28 GMT Authorization: OSS qn6qrrqxo2oawuk53otfjbyc: BuG4rRK+zNhH1AcF51NNHD39zXw= "/>
          <id value="1"/>
        </x-requestsample>
        <x-requestsample>
          <description value=" Get /?bucketInfo HTTP/1.1 Host: oss-example.oss.aliyuncs.com Date: Sat, 12 Sep 2015 07:51:28 GMT Authorization: OSS qn6qrrqxo2oawuk53otfjbyc: BuG4rRK+zNhH1AcF51NNHD39zXw= "/>
          <id value="2"/>
        </x-requestsample>
        <x-requestsample>
          <description value=" Get /?bucketInfo HTTP/1.1 Host: oss-example.oss.aliyuncs.com Date: Sat, 12 Sep 2015 07:51:28 GMT Authorization: OSS qn6qrrqxo2oawuk53otfjbyc: BuG4rRK+zNhH1AcF51NNHD39zXw= "/>
          <id value="3"/>
        </x-requestsample>
      </x-requestsample>
      <x-responsesample nodeType="array">
        <x-responsesample>
          <description value=" HTTP/1.1 200 x-oss-request-id: 534B371674E88A4D8906008B Date: Sat, 12 Sep 2015 07:51:28 GMT Connection: keep-alive Content-Length: 531 Server: AliyunOSS &lt;?xml version=&quot;1.0&quot; encoding=&quot;UTF-8&quot;?&gt; &lt;BucketInfo&gt; &lt;Bucket&gt; &lt;CreationDate&gt;2013-07-31T10:56:21.000Z&lt;/CreationDate&gt; &lt;ExtranetEndpoint&gt;oss-cn-hangzhou.aliyuncs.com&lt;/ExtranetEndpoint&gt; &lt;IntranetEndpoint&gt;oss-cn-hangzhou-internal.aliyuncs.com&lt;/IntranetEndpoint&gt; &lt;Location&gt;oss-cn-hangzhou&lt;/Location&gt; &lt;Name&gt;oss-example&lt;/Name&gt; &lt;Owner&gt; &lt;DisplayName&gt;username&lt;/DisplayName&gt; &lt;ID&gt;271834739143143&lt;/ID&gt; &lt;/Owner&gt; &lt;AccessControlList&gt; &lt;Grant&gt;private&lt;/Grant&gt; &lt;/AccessControlList&gt; &lt;/Bucket&gt; &lt;/BucketInfo&gt;&#10;"/>
          <id value="1"/>
          <note value="成功获取Bucket信息的返回示例"/>
        </x-responsesample>
        <x-responsesample>
          <description value=" HTTP/1.1 404 x-oss-request-id: 534B371674E88A4D8906009B Date: Sat, 12 Sep 2015 07:51:28 GMT Connection: keep-alive Content-Length: 308 Server: AliyunOSS &lt;?xml version=&quot;1.0&quot; encoding=&quot;UTF-8&quot;?&gt; &lt;Error&gt; &lt;Code&gt;NoSuchBucket&lt;/Code&gt; &lt;Message&gt;The specified bucket does not exist.&lt;/Message&gt; &lt;RequestId&gt;568D547F31243C673BA14274&lt;/RequestId&gt; &lt;HostId&gt;nosuchbucket.oss.aliyuncs.com&lt;/HostId&gt; &lt;BucketName&gt;nosuchbucket&lt;/BucketName&gt; &lt;/Error&gt;&#10;"/>
          <id value="2"/>
          <note value="获取不存在的Bucket信息的返回示例"/>
        </x-responsesample>
        <x-responsesample>
          <description value=" HTTP/1.1 403 x-oss-request-id: 534B371674E88A4D8906008C Date: Sat, 12 Sep 2015 07:51:28 GMT Connection: keep-alive Content-Length: 209 Server: AliyunOSS &lt;?xml version=&quot;1.0&quot; encoding=&quot;UTF-8&quot;?&gt; &lt;Error&gt; &lt;Code&gt;AccessDenied&lt;/Code&gt; &lt;Message&gt;AccessDenied&lt;/Message&gt; &lt;RequestId&gt;568D5566F2D0F89F5C0EB66E&lt;/RequestId&gt; &lt;HostId&gt;test.oss.aliyuncs.com&lt;/HostId&gt; &lt;/Error&gt;&#10;"/>
          <id value="3"/>
          <note value="获取没有权限访问的Bucket信息的返回示例"/>
        </x-responsesample>
      </x-responsesample>
    </node>
  </paths>
  <swagger value="2.0"/>
  <x-vee value="2.0 AS"/>
</root>
