<?xml version="1.0" encoding="UTF-8"?>
<root>
  <host value="vpc.aliyuncs.com"/>
  <info>
    <description value="专有网络VPC（Virtual Private Cloud）是用户基于阿里云创建的自定义私有网络, 不同的专有网络之间二层逻辑隔离，用户可以在自己创建的专有网络内创建和管理云产品实例，比如ECS、负载均衡、RDS等。"/>
    <title value="VPC"/>
    <version value="1.0"/>
  </info>
  <paths>
    <node nodeName="/CreateVSwitch">
      <get>
        <consumes nodeType="array">
          <consumes value="application/x-www-form-urlencoded"/>
        </consumes>
        <description value="&lt;h2 id=&quot;h2--em-em-&quot;&gt;&lt;a name=&quot;&lt;em&gt;描述&lt;/em&gt;&quot; class=&quot;reference-link&quot;&gt;&lt;/a&gt;&lt;span class=&quot;header-link octicon octicon-link&quot;&gt;&lt;/span&gt;&lt;em&gt;描述&lt;/em&gt;&lt;/h2&gt;&lt;p&gt;在指定 VPC 内创建一个新的VSwitch。&lt;/p&gt;&lt;ul&gt;&lt;li&gt;VSwitch 下的云产品实例不能分布在不同可用区。&lt;/li&gt;&lt;li&gt;每个 VPC 的 VSwitch 数量不允许超过 24 个。&lt;/li&gt;&lt;li&gt;每个 VSwitch 的掩码为 16 - 29 位，可以提供 8 - 65535 个 IP 地址。&lt;/li&gt;&lt;li&gt;每个 VSwitch 的第 1 个和最后 3 个 IP 地址为系统保留(以 192.168.1.0 / 24 为例，192.168.1.0 和 192.168.1.255 以及 192.168.1.253 - 254 这些地址是系统保留地址)。&lt;/li&gt;&lt;li&gt;VSwitch 不支持组播和广播。&lt;/li&gt;&lt;li&gt;VSwitch 的 CIDRBlock，必须从属于所在 VPC 的 CIDRBlock。&lt;/li&gt;&lt;li&gt;VSwitch 的 CIDRBlock 可以与所在 VPC 的 CIDRBlock 相同，但这意味着您的 VPC 只能拥有 1 个 VSwitch。&lt;/li&gt;&lt;li&gt;VSwitch 的 CIDRBlock，不能与所在 VPC 当前 RouteEntry 的 DestCIDRBlock 相同。&lt;/li&gt;&lt;li&gt;VSwitch 的 CIDRBlock，不能包含所在 VPC 当前 RouteEntry 的 DestCIDRBlock，但可以是当前 RouteEntry 的 DestCIDRBlock 的子集。&lt;/li&gt;&lt;li&gt;VSwitch 创建成功后，CidrBlock 无法修改。&lt;/li&gt;&lt;li&gt;VSwitch 下的云产品实例数量不允许超过 VPC 剩余的可用云产品实例数量（10000 - 当前云产品实例数量）。&lt;/li&gt;&lt;li&gt;1 个云产品实例只能属于 1 个 VSwitch。&lt;/li&gt;&lt;/ul&gt;"/>
        <parameters nodeType="array">
          <parameters>
            <description value="系统规定参数，取值：CreateVSwitch"/>
            <enum nodeType="array">
              <enum value="CreateVSwitch"/>
            </enum>
            <in value="query"/>
            <name value="Action"/>
            <required value="true"/>
            <type value="string"/>
          </parameters>
          <parameters>
            <description value="可用区 Id"/>
            <in value="query"/>
            <name value="ZoneId"/>
            <required value="true"/>
            <type value="string"/>
          </parameters>
          <parameters>
            <description value="指定VSwitch的网段"/>
            <in value="query"/>
            <name value="CidrBlock"/>
            <required value="true"/>
            <type value="string"/>
          </parameters>
          <parameters>
            <description value="指定VSwitch所在的 VPC"/>
            <in value="query"/>
            <name value="VpcId"/>
            <required value="true"/>
            <type value="string"/>
          </parameters>
          <parameters>
            <default value=""/>
            <description value="VSwitch名称，不填则为空，默认值为空，[2, 128] 英文或中文字符，必须以大小字母或中文开头，可包含数字，”_”或”-”，这个值会展示在控制台。不能以 http:// 和 https:// 开头"/>
            <in value="query"/>
            <maxLength value="128"/>
            <minLength value="2"/>
            <name value="VSwitchName"/>
            <required value="false"/>
            <type value="string"/>
          </parameters>
          <parameters>
            <default value=""/>
            <description value="VSwitch 描述，不填则为空，默认值为空，[2, 256] 英文或中文字符，不能以 http:// 和 https:// 开头"/>
            <in value="query"/>
            <maxLength value="256"/>
            <minLength value="2"/>
            <name value="Description"/>
            <required value="false"/>
            <type value="string"/>
          </parameters>
          <parameters>
            <description value="用于保证请求的幂等性。由客户端生成该参数值，要保证在不同请求间唯一，最大不值过 64 个 ASCII 字符"/>
            <in value="query"/>
            <maxLength value="64"/>
            <name value="ClientToken"/>
            <required value="false"/>
            <type value="string"/>
          </parameters>
        </parameters>
        <produces nodeType="array">
          <produces value="application/xml"/>
          <produces value="application/json"/>
        </produces>
        <responses>
          <node nodeName="200">
            <description value="Accept"/>
            <schema>
              <properties>
                <VSwitchId>
                  <description value="系统分配的 VSwitchID"/>
                  <name value="VSwitchId"/>
                  <type value="string"/>
                </VSwitchId>
              </properties>
              <type value="object"/>
            </schema>
          </node>
          <node nodeName="400">
            <description value="{code: MissingParameter, describeen: The input parameter “Action” that is mandatory for processing this request is not supplied, describecn: 缺少 Action 字段}, {code: MissingParameter, describeen: The input parameter “AccessKeyId” that is mandatory for processing this request is not supplied, describecn: 缺少 AccessKeyId 字段}, {code: MissingParameter, describeen: An input parameter “Signature” that is mandatory for processing the request is not supplied., describecn: 缺少 Signature 字段}, {code: MissingParameter, describeen: The input parameter “TimeStamp” that is mandatory for processing this request is not supplied, describecn: 缺少 Timestamp 字段}, {code: MissingParameter, describeen: The input parameter “Version” that is mandatory for processing this request is not supplied, describecn: 缺少 Version 字段}, {code: InvalidParameter, describeen: The specified parameter “Action or Version” is not valid., describecn: 无效的 Action 值（该 API 不存在）}, {code: InvalidAccessKeyId.NotFound, describeen: The Access Key ID provided does not exist in our records., describecn: 无效的 AccessKeyId 值（该 key 不存在）}, {code: IncompleteSignature, describeen: The request signature does not conform to Aliyun standards., describecn: 无效的 Signature 取值（签名结果错误）}, {code: InvalidParamater, describeen: The specified parameter “SignatureMethod” is not valid., describecn: 无效的 SignatureMethod 取值}, {code: InvalidParamater, describeen: The specified parameter “SignatureVersion” is not valid., describecn: 无效的 SignatureVersion 取值}, {code: IllegalTimestamp, describeen: The input parameter “Timestamp” that is mandatory for processing this request is not supplied., describecn: 无效的 Timestamp 取值（Timestamp 与服务器时间相差超过了 1 个小时）}, {code: SignatureNonceUsed, describeen: The request signature nonce has been used., describecn: 无效的 SignatureNonce（该 SignatureNonce 值已被使用过）}, {code: InvalidParameter, describeen: The specified parameter “Action or Version” is not valid., describecn: 无效的 Version 取值}, {code: InvalidOwnerId, describeen: The specified OwnerId is not valid., describecn: 无效的 OwnerId 取值}, {code: InvalidOwnerAccount, describeen: The specified OwnerAccount is not valid., describecn: 无效的 OwnerAccount 取值}, {code: InvalidOwner, describeen: OwnerId and OwnerAccount can’t be used at one API access., describecn: 同时使用了 OwnerId 和 OwnerAccount}, {code: Throttling, describeen: Request was denied due to request throttling., describecn: 因系统流控拒绝访问}, {code: Throttling, describeen: Request was denied due to request throttling., describecn: 该 key 的调用 quota 已用完}, {code: UnsupportedParameter, describeen: The parameter ”&amp;lt;parameter name&amp;gt;” is not supported., describecn: 使用了无效的参数}, {code: UnsupportedParameter, describeen: The parameter ”&amp;lt;parameter name&amp;gt;” is not supported., describecn: 该参数无权使用}, {code: InsufficientBalance, describeen: Your account does not have enough balance., describecn: 余额不足}, {code: IdempotentParameterMismatch, describeen: Request uses a client token in a previous request but is not identical to that request., describecn: 使用了一个已经使用过的 ClientToken，但此次请求内容却又与上一次使用该 Token 的 request 不一样.}, {code: InvalidParameter, describeen: The specified parameter is not valid, describecn: 参数校验失败},{code: InvalidVRouterName.Malformed, describeen: Specified virtual router name is not valid., describecn: 指定的路由器名字格式不符合要求}, {code: InvalidVRouterDiscription.Malformed, describeen: Specified virtual router description is not valid., describecn: 指定的路由器描述信息格式不符合要求},{code: InvalidCidrBlock.Malformed, describeen: Specified CIDR block is not valid., describecn: 指定的 CIDR 格式不正确}, {code: InvalidVSwitchName.Malformed, describeen: Specified virtual switch name is not valid., describecn: 指定的 VSwitch 名字格式不正确}, {code: InvalidVSwitchDiscription.Malformed, describeen: Specified  virtual switch description is not valid., describecn: 指定的 VSwitch 描述信息格式不正确}, {code: ResourceNotAvailable, describeen: Resource you requested is not available in this region or zone., describecn: 指定的 Region 或者可用区不支持 VPC}, {code: InvalidParameter, describeen: Specified CIDR block is not valid in VPC., describecn: 指定的 CIDR 不正确}, {code: InvalidCidrBlock.Overlapped, describeen: Specified CIDR block overlapped with other subnets., describecn: 指定的 CIDR 与其他 VSwitch 的 CIDR 重叠}, {code: InvalidCidrBlock.Overlapped, describeen: Specified CIDR block overlapped with other entry, describecn: 指定的 CIDR 与已有的自定义路由的 CIDR 重叠}, {code: QuotaExceeded.VSwitch, describeen: Virtual switch quota exceeded., describecn: VSwitch 数量达到配额上限}, {code: IncorretRouteEntryStatus, describeen: Some route entry status blocked this operation., describecn: 部分自定义路由处于 pending 状态，创建 VSwitch 失败}, {code: IncorretVSwitchStatus, describeen: Some virtual switch is modifying within the same VPC., describecn: 部分 VSwitch 处于 pending 状态，创建 VSwitch 失败}, {code: InvalidCirdrBlock.MaskLength, describeen: Specified CIDR block is not valid., describecn: 指定的 CIDR 网段格式不正确}, {code: IncorrectVpcStatus, describeen: Current VPC status does not support this operation., describecn: 指定的 VPC 处于 pending 状态，创建 VSwitch 失败}"/>
          </node>
          <node nodeName="403">
            <description value="{code: Forbidden.AccessKeyDisabled, describeen: The Access Key is disabled., describecn: 该 AccessKey 处于禁用状态}, {code: InvalidAction, describeen: Specified action is not valid., describecn: 该 key 无权调用该 API}, {code: UnsupportedHTTPMethod, describeen: This http method is not supported., describecn: 用户使用了不支持的 Http Method（当前 TOP 只支持 post 和 get）}, {code: MissingParameter, describeen: The input parameter OwnerId,OwnerAccount that is mandatory for processing this request is not supplied., describecn: 调用该接口没有指定 OwnerId}, {code: Forbidden.SubUser, describeen: The specified action is not available for you。, describecn: 无权调用订单类接口}, {code: Forbidden.RAM, describeen: User not authorized to operate the specified resource, or this API doesn’t support RAM., describecn: 使用了 RAM 授权子账号进行资源访问,但是本次操作没有被正确的授权}, {code: Forbidden.NotSupportRAM, describeen: This action does not support accessed by RAM mode., describecn: 该接口不允许使用 RAM 方式进行访问}, {code: RealNameAuthenticationError, describeen: Your account has not passed the real-name authentication yet., describecn: 用户未进行实名认证}, {code: InvalidIdempotenceParameter.Mismatch, describeen: The specified parameters are different from before, describecn: 幂等参数不匹配}, {code: LastTokenProcessing, describeen: The last token request is processing, describecn: 上一次请求还在处理中}"/>
          </node>
          <node nodeName="404">
            <description value="{code: Forbidden.InstanceNotFound, describeen: The specified Instance is not found, so we cann’t get enough information to check permission in RAM., describecn: 使用了 RAM 授权子账号进行资源访问，但是本次访问涉及到的 Instance 不存在}, {code: Forbidden.DiskNotFound, describeen: The specified Disk is not found, so we cann’t get enough information to check permission in RAM., describecn: 使用了 RAM 授权子账号进行资源访问,但是本次访问涉及到的 Disk 不存在}, {code: Forbidden.SecurityGroupNotFound, describeen: The specified SecurityGroup is not found, so we cann’t get enough information to check permission in RAM., describecn: 使用了 RAM 授权子账号进行资源访问,但是本次访问涉及到的 SecurityGroup 不存在}, {code: Forbidden.SnapshotNotFound, describeen: The specified Snapshot is not found, so we cann’t get enough information to check permission in RAM., describecn: 使用了 RAM 授权子账号进行资源访问,但是本次访问涉及到的 Snapshot 不存在}, {code: Forbidden.ImageNotFound, describeen: The specified Image is not found, so we cann’t get enough information to check permission in RAM., describecn: 使用了 RAM 授权子账号进行资源访问,但是本次访问涉及到的 Image 不存在},{code: Forbidden.RegionNotFound, describeen: Specified region is not found during access authentication., describecn: 指定的 Region 不存在},{code: InvalidVRouterId.NotFound, describeen: Specified virtual router does not exist., describecn: 指定的路由器不存在},{code: InvalidZoneId.NotFound, describeen: Specified zone does not exist., describecn: 指定的可用区不存在}, {code: InvalidVpcId.NotFound, describeen: Specified VPC does not exist., describecn: 指定的 VPC 不存在}"/>
          </node>
          <node nodeName="500">
            <description value="{code: ServiceUnavailable, describeen: The request has failed due to a temporary failure of the server., describecn: 服务不可用}, {code: InternalError, describeen: The request processing has failed due to some unknown error, exception or failure., describecn: 其他情况}"/>
          </node>
        </responses>
      </get>
      <parameter>
        <node nodeName="$ref" value="#/paths/&quot;/public&quot;/request/parameters"/>
      </parameter>
      <summary value="在指定专有网络内创建1个新的交换机"/>
      <x-requestsample nodeType="array">
        <x-requestsample>
          <description value="&lt;pre class=&quot;prettyprint linenums prettyprinted&quot;&gt;&lt;ol class=&quot;linenums&quot;&gt;&lt;li class=&quot;L0&quot;&gt;&lt;code&gt;&lt;span class=&quot;pln&quot;&gt;https&lt;/span&gt;&lt;span class=&quot;pun&quot;&gt;:&lt;/span&gt;&lt;span class=&quot;com&quot;&gt;//vpc.aliyuncs.com/?Action=CreateVSwitch&lt;/span&gt;&lt;/code&gt;&lt;/li&gt;&lt;li class=&quot;L1&quot;&gt;&lt;code&gt;&lt;span class=&quot;pun&quot;&gt;&amp;amp;&lt;/span&gt;&lt;span class=&quot;typ&quot;&gt;CidrBlock&lt;/span&gt;&lt;span class=&quot;pun&quot;&gt;=&lt;/span&gt;&lt;span class=&quot;lit&quot;&gt;172.16&lt;/span&gt;&lt;span class=&quot;pun&quot;&gt;.&lt;/span&gt;&lt;span class=&quot;lit&quot;&gt;1.0&lt;/span&gt;&lt;span class=&quot;pun&quot;&gt;/&lt;/span&gt;&lt;span class=&quot;lit&quot;&gt;24&lt;/span&gt;&lt;/code&gt;&lt;/li&gt;&lt;li class=&quot;L2&quot;&gt;&lt;code&gt;&lt;span class=&quot;pun&quot;&gt;&amp;amp;&lt;/span&gt;&lt;span class=&quot;typ&quot;&gt;VpcId&lt;/span&gt;&lt;span class=&quot;pun&quot;&gt;=&lt;/span&gt;&lt;span class=&quot;pln&quot;&gt;vpc&lt;/span&gt;&lt;span class=&quot;pun&quot;&gt;-&lt;/span&gt;&lt;span class=&quot;lit&quot;&gt;257gq642n&lt;/span&gt;&lt;/code&gt;&lt;/li&gt;&lt;li class=&quot;L3&quot;&gt;&lt;code&gt;&lt;span class=&quot;pun&quot;&gt;&amp;amp;&lt;/span&gt;&lt;span class=&quot;typ&quot;&gt;ZoneId&lt;/span&gt;&lt;span class=&quot;pun&quot;&gt;=&lt;/span&gt;&lt;span class=&quot;pln&quot;&gt;cn&lt;/span&gt;&lt;span class=&quot;pun&quot;&gt;-&lt;/span&gt;&lt;span class=&quot;pln&quot;&gt;beijing&lt;/span&gt;&lt;span class=&quot;pun&quot;&gt;-&lt;/span&gt;&lt;span class=&quot;pln&quot;&gt;a&lt;/span&gt;&lt;/code&gt;&lt;/li&gt;&lt;li class=&quot;L4&quot;&gt;&lt;code&gt;&lt;span class=&quot;pun&quot;&gt;&amp;amp;&amp;lt;公共请求参数&amp;gt;&lt;/span&gt;&lt;/code&gt;&lt;/li&gt;&lt;/ol&gt;&lt;/pre&gt;"/>
          <id value="1"/>
        </x-requestsample>
        <x-requestsample>
          <description value="&lt;pre class=&quot;prettyprint linenums prettyprinted&quot;&gt;&lt;ol class=&quot;linenums&quot;&gt;&lt;li class=&quot;L0&quot;&gt;&lt;code&gt;&lt;span class=&quot;pln&quot;&gt;https&lt;/span&gt;&lt;span class=&quot;pun&quot;&gt;:&lt;/span&gt;&lt;span class=&quot;com&quot;&gt;//vpc.aliyuncs.com/?Action=CreateVSwitch&lt;/span&gt;&lt;/code&gt;&lt;/li&gt;&lt;li class=&quot;L1&quot;&gt;&lt;code&gt;&lt;span class=&quot;pun&quot;&gt;&amp;amp;&lt;/span&gt;&lt;span class=&quot;typ&quot;&gt;CidrBlock&lt;/span&gt;&lt;span class=&quot;pun&quot;&gt;=&lt;/span&gt;&lt;span class=&quot;lit&quot;&gt;172.16&lt;/span&gt;&lt;span class=&quot;pun&quot;&gt;.&lt;/span&gt;&lt;span class=&quot;lit&quot;&gt;1.0&lt;/span&gt;&lt;span class=&quot;pun&quot;&gt;/&lt;/span&gt;&lt;span class=&quot;lit&quot;&gt;24&lt;/span&gt;&lt;/code&gt;&lt;/li&gt;&lt;li class=&quot;L2&quot;&gt;&lt;code&gt;&lt;span class=&quot;pun&quot;&gt;&amp;amp;&lt;/span&gt;&lt;span class=&quot;typ&quot;&gt;VpcId&lt;/span&gt;&lt;span class=&quot;pun&quot;&gt;=&lt;/span&gt;&lt;span class=&quot;pln&quot;&gt;vpc&lt;/span&gt;&lt;span class=&quot;pun&quot;&gt;-&lt;/span&gt;&lt;span class=&quot;lit&quot;&gt;257gq642n&lt;/span&gt;&lt;/code&gt;&lt;/li&gt;&lt;li class=&quot;L3&quot;&gt;&lt;code&gt;&lt;span class=&quot;pun&quot;&gt;&amp;amp;&lt;/span&gt;&lt;span class=&quot;typ&quot;&gt;ZoneId&lt;/span&gt;&lt;span class=&quot;pun&quot;&gt;=&lt;/span&gt;&lt;span class=&quot;pln&quot;&gt;cn&lt;/span&gt;&lt;span class=&quot;pun&quot;&gt;-&lt;/span&gt;&lt;span class=&quot;pln&quot;&gt;beijing&lt;/span&gt;&lt;span class=&quot;pun&quot;&gt;-&lt;/span&gt;&lt;span class=&quot;pln&quot;&gt;a&lt;/span&gt;&lt;/code&gt;&lt;/li&gt;&lt;li class=&quot;L4&quot;&gt;&lt;code&gt;&lt;span class=&quot;pun&quot;&gt;&amp;amp;&amp;lt;公共请求参数&amp;gt;&lt;/span&gt;&lt;/code&gt;&lt;/li&gt;&lt;/ol&gt;&lt;/pre&gt;"/>
          <id value="2"/>
        </x-requestsample>
      </x-requestsample>
      <x-responsesample nodeType="array">
        <x-responsesample>
          <description value="&lt;pre class=&quot;prettyprint linenums prettyprinted&quot;&gt;&lt;ol class=&quot;linenums&quot;&gt;&lt;li class=&quot;L0&quot;&gt;&lt;code class=&quot;lang-xml&quot;&gt;&lt;span class=&quot;tag&quot;&gt;&amp;lt;CreateVSwitchResponse&amp;gt;&lt;/span&gt;&lt;/code&gt;&lt;/li&gt;&lt;li class=&quot;L1&quot;&gt;&lt;code class=&quot;lang-xml&quot;&gt;&lt;span class=&quot;pln&quot;&gt;    &lt;/span&gt;&lt;span class=&quot;tag&quot;&gt;&amp;lt;RequestId&amp;gt;&lt;/span&gt;&lt;span class=&quot;pln&quot;&gt;861E6630-AEC0-4B2D-B214-6CB5E44B7F04&lt;/span&gt;&lt;span class=&quot;tag&quot;&gt;&amp;lt;/RequestId&amp;gt;&lt;/span&gt;&lt;/code&gt;&lt;/li&gt;&lt;li class=&quot;L2&quot;&gt;&lt;code class=&quot;lang-xml&quot;&gt;&lt;span class=&quot;pln&quot;&gt;    &lt;/span&gt;&lt;span class=&quot;tag&quot;&gt;&amp;lt;VSwitchId&amp;gt;&lt;/span&gt;&lt;span class=&quot;pln&quot;&gt;vsw-25naue4gz&lt;/span&gt;&lt;span class=&quot;tag&quot;&gt;&amp;lt;/VSwitchId&amp;gt;&lt;/span&gt;&lt;/code&gt;&lt;/li&gt;&lt;li class=&quot;L3&quot;&gt;&lt;code class=&quot;lang-xml&quot;&gt;&lt;span class=&quot;tag&quot;&gt;&amp;lt;/CreateVSwitchResponse&amp;gt;&lt;/span&gt;&lt;/code&gt;&lt;/li&gt;&lt;/ol&gt;&lt;/pre&gt;"/>
          <id value="1"/>
          <note value="XML格式"/>
        </x-responsesample>
        <x-responsesample>
          <description value="&lt;pre class=&quot;prettyprint linenums prettyprinted&quot;&gt;&lt;ol class=&quot;linenums&quot;&gt;&lt;li class=&quot;L0&quot;&gt;&lt;code class=&quot;lang-json&quot;&gt;&lt;span class=&quot;pun&quot;&gt;{&lt;/span&gt;&lt;/code&gt;&lt;/li&gt;&lt;li class=&quot;L1&quot;&gt;&lt;code class=&quot;lang-json&quot;&gt;&lt;span class=&quot;pln&quot;&gt;  &lt;/span&gt;&lt;span class=&quot;str&quot;&gt;&quot;RequestId&quot;&lt;/span&gt;&lt;span class=&quot;pun&quot;&gt;:&lt;/span&gt;&lt;span class=&quot;pln&quot;&gt; &lt;/span&gt;&lt;span class=&quot;str&quot;&gt;&quot;861E6630-AEC0-4B2D-B214-6CB5E44B7F04&quot;&lt;/span&gt;&lt;span class=&quot;pun&quot;&gt;,&lt;/span&gt;&lt;/code&gt;&lt;/li&gt;&lt;li class=&quot;L2&quot;&gt;&lt;code class=&quot;lang-json&quot;&gt;&lt;span class=&quot;pln&quot;&gt;  &lt;/span&gt;&lt;span class=&quot;str&quot;&gt;&quot;VSwitchId&quot;&lt;/span&gt;&lt;span class=&quot;pun&quot;&gt;:&lt;/span&gt;&lt;span class=&quot;pln&quot;&gt; &lt;/span&gt;&lt;span class=&quot;str&quot;&gt;&quot;vsw-25naue4gz&quot;&lt;/span&gt;&lt;/code&gt;&lt;/li&gt;&lt;li class=&quot;L3&quot;&gt;&lt;code class=&quot;lang-json&quot;&gt;&lt;span class=&quot;pun&quot;&gt;}&lt;/span&gt;&lt;/code&gt;&lt;/li&gt;&lt;/ol&gt;&lt;/pre&gt;"/>
          <id value="2"/>
          <note value="JSON格式"/>
        </x-responsesample>
      </x-responsesample>
    </node>
    <node nodeName="/public">
      <request>
        <parameters nodeType="array">
          <parameters>
            <default value="XML"/>
            <description value="返回值的类型，支持 JSON 与 XML。默认为 XML。"/>
            <enum nodeType="array">
              <enum value="XML"/>
              <enum value="JSON"/>
            </enum>
            <in value="query"/>
            <name value="Format"/>
            <required value="false"/>
            <type value="string"/>
          </parameters>
          <parameters>
            <description value="API 版本号，为日期形式：YYYY-MM-DD，本版本对应为 2014-05-26。"/>
            <in value="query"/>
            <name value="Version"/>
            <required value="true"/>
            <type value="string"/>
          </parameters>
          <parameters>
            <description value="阿里云颁发给用户的访问服务所用的密钥 ID。"/>
            <in value="query"/>
            <name value="AccessKeyId"/>
            <required value="true"/>
            <type value="string"/>
          </parameters>
          <parameters>
            <description value="签名结果串，关于签名的计算方法，请参见&amp;lt;&lt;a href=&quot;/document_detail/25492.html&quot;&gt;签名机制&lt;/a&gt;&amp;gt;。"/>
            <in value="query"/>
            <name value="Signature"/>
            <required value="true"/>
            <type value="string"/>
          </parameters>
          <parameters>
            <description value="签名方式，目前支持 HMAC-SHA1。"/>
            <in value="query"/>
            <name value="SignatureMethod"/>
            <required value="true"/>
            <type value="string"/>
          </parameters>
          <parameters>
            <description value="        请求的时间戳。日期格式按照 &lt;a href=&quot;/document_detail/25696.html&quot;&gt;ISO8601&lt;/a&gt; 标准表示，并需要使用 UTC 时间。格式为： &lt;br /&gt;        YYYY-MM-DDThh:mm:ssZ &lt;br /&gt;        例如，2014-05-26T12:00:00Z（为北京时间 2014 年 5 月 26 日 20 点 0 分 0 秒）。    "/>
            <in value="query"/>
            <name value="Timestamp"/>
            <required value="true"/>
            <type value="string"/>
          </parameters>
          <parameters>
            <description value="签名算法版本，目前版本是 1.0。"/>
            <in value="query"/>
            <name value="SignatureVersion"/>
            <required value="true"/>
            <type value="string"/>
          </parameters>
          <parameters>
            <description value="唯一随机数，用于防止网络重放攻击。用户在不同请求间要使用不同的随机数值"/>
            <in value="query"/>
            <name value="SignatureNonce"/>
            <required value="true"/>
            <type value="string"/>
          </parameters>
          <parameters>
            <description value="本次 API 请求访问到的资源拥有者账户，即登录用户名。 &lt;br /&gt;        此参数的使用方法，详见&amp;lt; &lt;a href=&quot;/document_detail/25494.html&quot;&gt;借助 RAM 实现子账号对主账号的 ECS 资源访问&lt;/a&gt; &amp;gt;，（只能在 &lt;a href=&quot;/document_detail/25496.html&quot;&gt;RAM 中可对 ECS 资源进行授权的 Action&lt;/a&gt; 中才能使用此参数，否则访问会被拒绝）    "/>
            <in value="query"/>
            <name value="ResourceOwnerAccount"/>
            <required value="false"/>
            <type value="string"/>
          </parameters>
        </parameters>
      </request>
      <response>
        <RequestId>
          <description value="用户发送的每次接口调用请求，无论成功与否，系统都会返回一个唯一识别码"/>
          <in value="body"/>
          <name value="RequestId"/>
          <type value="string"/>
        </RequestId>
      </response>
    </node>
  </paths>
  <swagger value="2.0"/>
  <x-vee value="2.0 AS"/>
</root>
