<?xml version="1.0" encoding="UTF-8"?>
<root>
  <host value="ecs.aliyuncs.com"/>
  <info>
    <description value="云服务器（Elastic Compute Service，简称 ECS）是一种简单高效、处理能力可弹性伸缩的计算服务，帮助您快速构建更稳定、安全的应用，提升运维效率，降低 IT 成本，使您更专注于核心业务创新。"/>
    <title value="instance"/>
    <version value="1.0"/>
  </info>
  <paths>
    <node nodeName="/DescribeSecurityGroups">
      <get>
        <consumes nodeType="array">
          <consumes value="application/x-www-form-urlencoded"/>
        </consumes>
        <description value="&lt;h2 id=&quot;h2--em-em-&quot;&gt;&lt;a name=&quot;&lt;em&gt;描述&lt;/em&gt;&quot; class=&quot;reference-link&quot;&gt;&lt;/a&gt;&lt;span class=&quot;header-link octicon octicon-link&quot;&gt;&lt;/span&gt;&lt;em&gt;描述&lt;/em&gt;&lt;/h2&gt;&lt;p&gt;分页查询用户定义的所有安全组基本信息。每页的数量默认为10条，数据按照安全组ID降序排列。&lt;/p&gt;"/>
        <parameters nodeType="array">
          <parameters>
            <description value="系统规定参数，取值：DescribeSecurityGroups"/>
            <enum nodeType="array">
              <enum value="DescribeSecurityGroups"/>
            </enum>
            <in value="query"/>
            <name value="Action"/>
            <required value="true"/>
            <type value="string"/>
          </parameters>
          <parameters>
            <description value="地域"/>
            <in value="query"/>
            <name value="RegionId"/>
            <required value="true"/>
            <type value="string"/>
          </parameters>
          <parameters>
            <description value="安全组所在的专有网络"/>
            <in value="query"/>
            <name value="VpcId"/>
            <required value="false"/>
            <type value="string"/>
          </parameters>
          <parameters>
            <description value="标签"/>
            <in value="query"/>
            <items>
              <x-schema>
                <properties>
                  <Key>
                    <description value="标签key，n 的取值范围为 [1, 5]。&lt;br&gt;不允许为空字符串。"/>
                    <minLength value="1"/>
                    <name value="Tag.n.Key"/>
                    <required value="false"/>
                    <type value="string"/>
                  </Key>
                  <Value>
                    <description value="标签value，n 的取值范围为 [1, 5]。&lt;br&gt;允许为空字符串。"/>
                    <name value="Tag.n.Value"/>
                    <required value="false"/>
                    <type value="string"/>
                  </Value>
                </properties>
                <type value="object"/>
              </x-schema>
            </items>
            <maxItems value="5"/>
            <minItems value="1"/>
            <name value="Tag"/>
            <required value="false"/>
            <type value="array"/>
          </parameters>
          <parameters>
            <default value="1"/>
            <description value="当前页码，起始值为 1，默认值为 1"/>
            <in value="query"/>
            <name value="PageNumber"/>
            <required value="false"/>
            <type value="integer"/>
          </parameters>
          <parameters>
            <default value="10"/>
            <description value="分页查询时设置的每页行数，最大值 50，默认值为 10"/>
            <in value="query"/>
            <maximum value="50"/>
            <name value="PageSize"/>
            <required value="false"/>
            <type value="integer"/>
          </parameters>
        </parameters>
        <produces nodeType="array">
          <produces value="application/xml"/>
          <produces value="application/json"/>
        </produces>
        <responses>
          <node nodeName="200">
            <description value="Accept"/>
            <schema>
              <properties>
                <PageNumber>
                  <description value="当前页码"/>
                  <name value="PageNumber"/>
                  <type value="integer"/>
                </PageNumber>
                <PageSize>
                  <description value="每页行数"/>
                  <name value="PageSize"/>
                  <type value="integer"/>
                </PageSize>
                <RegionId>
                  <description value="安全组所属地域 Id"/>
                  <name value="RegionId"/>
                  <type value="string"/>
                </RegionId>
                <SecurityGroups>
                  <description value="安全组信息，由 SecurityGroupItemType 组成的集合"/>
                  <name value="SecurityGroups"/>
                  <properties>
                    <CreationTime>
                      <description value="创建时间。按照&lt;a href=&quot;/document_detail/25696.html&quot;&gt;ISO8601&lt;/a&gt;标准表示，并需要使用UTC时间。格式为：&lt;br&gt;YYYY-MM-DDThh:mmZ"/>
                      <name value="CreationTime"/>
                      <type value="string"/>
                    </CreationTime>
                    <Description>
                      <description value="描述信息"/>
                      <name value="Description"/>
                      <type value="string"/>
                    </Description>
                    <SecurityGroupId>
                      <description value="安全组ID"/>
                      <name value="SecurityGroupId"/>
                      <type value="string"/>
                    </SecurityGroupId>
                    <SecurityGroupName>
                      <description value="安全组名称"/>
                      <name value="SecurityGroupName"/>
                      <type value="string"/>
                    </SecurityGroupName>
                    <VpcId>
                      <description value="安全组所属的专有网络"/>
                      <name value="VpcId"/>
                      <type value="string"/>
                    </VpcId>
                  </properties>
                  <type value="object"/>
                </SecurityGroups>
                <TotalCount>
                  <description value="安全组的总数"/>
                  <name value="TotalCount"/>
                  <type value="integer"/>
                </TotalCount>
              </properties>
              <type value="object"/>
            </schema>
          </node>
          <node nodeName="400">
            <description value="{code: IdempotentParameterMismatch, describeen: The request is retried with updated parameters.}, {code: IllegalTimestamp, describeen: The input parameter “Timestamp” that is mandatory for processing this request is not supplied.}, {code: IncompleteSignature, describeen: The request signature does not conform to Aliyun standards.}, {code: InsufficientBalance, describeen: Your account does not have enough balance.}, {code: InvalidAccessKeyId.NotFound, describeen: The specified Access Key ID does not exist.}, {code: InvalidOwner, describeen: OwnerId and OwnerAccount can’t be used at one API access.}, {code: InvalidOwnerAccount, describeen: The specified OwnerAccount is not valid.}, {code: InvalidOwnerId, describeen: The specified OwnerId is not valid.}, {code: InvalidParamater, describeen: The specified parameter “SignatureMethod” is not valid.}, {code: InvalidParamater, describeen: The specified parameter “SignatureVersion” is not valid.}, {code: InvalidParameter, describeen: The specified parameter is not valid}, {code: InvalidParameter, describeen: The specified parameter “Action or Version” is not valid.}, {code: InvalidParameter.IsNull, describeen: The required parameter must be not null.}, {code: MissingParameter, describeen: The input parameter “Action” that is mandatory for processing this request is not supplied}, {code: MissingParameter, describeen: The input parameter “AccessKeyId” that is mandatory for processing this request is not supplied}, {code: MissingParameter, describeen: The input parameter “Signature” that is mandatory for processing the request is not supplied.}, {code: MissingParameter, describeen: The input parameter “TimeStamp” that is mandatory for processing this request is not supplied}, {code: MissingParameter, describeen: The input parameter “Version” that is mandatory for processing this request is not supplied}, {code: SignatureNonceUsed, describeen: The request signature nonce has been used.}, {code: Throttling, describeen: You have made too many requests within a short time; your request is denied due to request throttling.}, {code: UnsupportedParameter, describeen: }"/>
          </node>
          <node nodeName="403">
            <description value="{code: ChargeTypeViolation, describeen: The operation is not permitted due to charge type of the instance.}, {code: Forbidden.AccessKeyDisabled, describeen: The Access Key is disabled.}, {code: Forbidden.NotSupportRAM, describeen: This action does not support accessed by RAM mode.}, {code: Forbidden.RAM, describeen: User not authorized to operate on the specified resource, or this API doesn&amp;#39;t support RAM.}, {code: Forbidden.RiskControl, describeen: This operation is forbidden by Aliyun RiskControl system.}, {code: Forbidden.SubUser, describeen: The specified action is not available for you.}, {code: Forbidden.Unauthorized, describeen: User not authorized to operate on the specified resource.}, {code: InvalidAccount.NotFound, describeen: The specified Account does not exist.}, {code: InvalidAction, describeen: Specified action is not valid.}, {code: InvalidIdempotenceParameter.Mismatch, describeen: The specified parameters are different from before.}, {code: InvalidParameter.OwnerAccount, describeen: OwnerAccount is Invalid.}, {code: InvalidParameter.ResourceOwnerAccount, describeen: ResourceOwnerAccount is Invalid.}, {code: LastTokenProcessing, describeen: The last token request is processing.}, {code: MissingParameter, describeen: The input parameter OwnerId,OwnerAccount that is mandatory for processing this request is not supplied.}, {code: RealNameAuthenticationError, describeen: Your account has not passed the real-name authentication yet.}, {code: UnsupportedHTTPMethod, describeen: This http method is not supported.}"/>
          </node>
          <node nodeName="404">
            <description value="{code: InvalidDiskId.NotFound, describeen: The specified DiskId does not exist.}, {code: InvalidImageId.NotFound, describeen: The specified ImageId does not exist.}, {code: InvalidInstanceId.NotFound, describeen: The specified InstanceId does not exist.}, {code: InvalidRegionId.NotFound, describeen: The specified RegionId does not exist.}, {code: InvalidSecurityGroupId.NotFound, describeen: The specified SecurityGroupId does not exist.}, {code: InvalidSnapshotId.NotFound, describeen: The specified SnapshotId does not exist.}"/>
          </node>
          <node nodeName="409">
            <description value="{code: OperationConflict, describeen: Request was denied due to conflict with a previous request.}"/>
          </node>
          <node nodeName="500">
            <description value="{code: InternalError, describeen: The request processing has failed due to some unknown error, exception or failure.}"/>
          </node>
          <node nodeName="503">
            <description value="{code: ServiceUnavailable, describeen: The request has failed due to a temporary failure of the server.}, {code: ServiceUnavailable.RegionMaintaining, describeen: System maintenance is in progress on the selected region, please wait a few minutes before trying again.}"/>
          </node>
        </responses>
      </get>
      <parameter>
        <node nodeName="$ref" value="#/paths/&quot;/public&quot;/request/parameters"/>
      </parameter>
      <summary value="分页查询用户定义的所有安全组基本信息"/>
      <x-requestsample nodeType="array">
        <x-requestsample>
          <description value="&lt;pre class=&quot;prettyprint linenums prettyprinted&quot; style=&quot;&quot;&gt;&lt;ol class=&quot;linenums&quot;&gt;&lt;li class=&quot;L0&quot;&gt;&lt;code&gt;&lt;span class=&quot;pln&quot;&gt;https&lt;/span&gt;&lt;span class=&quot;pun&quot;&gt;:&lt;/span&gt;&lt;span class=&quot;com&quot;&gt;//ecs.aliyuncs.com/?Action=DescribeSecurityGroups&lt;/span&gt;&lt;/code&gt;&lt;/li&gt;&lt;li class=&quot;L1&quot;&gt;&lt;code&gt;&lt;span class=&quot;pun&quot;&gt;&amp;amp;&lt;/span&gt;&lt;span class=&quot;typ&quot;&gt;RegionId&lt;/span&gt;&lt;span class=&quot;pun&quot;&gt;=&lt;/span&gt;&lt;span class=&quot;pln&quot;&gt;cn&lt;/span&gt;&lt;span class=&quot;pun&quot;&gt;-&lt;/span&gt;&lt;span class=&quot;pln&quot;&gt;hangzhou&lt;/span&gt;&lt;/code&gt;&lt;/li&gt;&lt;li class=&quot;L2&quot;&gt;&lt;code&gt;&lt;span class=&quot;pun&quot;&gt;&amp;amp;&amp;lt;公共请求参数&amp;gt;&lt;/span&gt;&lt;/code&gt;&lt;/li&gt;&lt;/ol&gt;&lt;/pre&gt;"/>
          <id value="1"/>
        </x-requestsample>
        <x-requestsample>
          <description value="&lt;pre class=&quot;prettyprint linenums prettyprinted&quot; style=&quot;&quot;&gt;&lt;ol class=&quot;linenums&quot;&gt;&lt;li class=&quot;L0&quot;&gt;&lt;code&gt;&lt;span class=&quot;pln&quot;&gt;https&lt;/span&gt;&lt;span class=&quot;pun&quot;&gt;:&lt;/span&gt;&lt;span class=&quot;com&quot;&gt;//ecs.aliyuncs.com/?Action=DescribeSecurityGroups&lt;/span&gt;&lt;/code&gt;&lt;/li&gt;&lt;li class=&quot;L1&quot;&gt;&lt;code&gt;&lt;span class=&quot;pun&quot;&gt;&amp;amp;&lt;/span&gt;&lt;span class=&quot;typ&quot;&gt;RegionId&lt;/span&gt;&lt;span class=&quot;pun&quot;&gt;=&lt;/span&gt;&lt;span class=&quot;pln&quot;&gt;cn&lt;/span&gt;&lt;span class=&quot;pun&quot;&gt;-&lt;/span&gt;&lt;span class=&quot;pln&quot;&gt;hangzhou&lt;/span&gt;&lt;/code&gt;&lt;/li&gt;&lt;li class=&quot;L2&quot;&gt;&lt;code&gt;&lt;span class=&quot;pun&quot;&gt;&amp;amp;&amp;lt;公共请求参数&amp;gt;&lt;/span&gt;&lt;/code&gt;&lt;/li&gt;&lt;/ol&gt;&lt;/pre&gt;"/>
          <id value="2"/>
        </x-requestsample>
      </x-requestsample>
      <x-responsesample nodeType="array">
        <x-responsesample>
          <description value="&lt;pre class=&quot;prettyprint linenums prettyprinted&quot; style=&quot;&quot;&gt;&lt;ol class=&quot;linenums&quot;&gt;&lt;li class=&quot;L0&quot;&gt;&lt;code class=&quot;lang-xml&quot;&gt;&lt;span class=&quot;tag&quot;&gt;&amp;lt;DescribeSecurityGroupsResponse&amp;gt;&lt;/span&gt;&lt;/code&gt;&lt;/li&gt;&lt;li class=&quot;L1&quot;&gt;&lt;code class=&quot;lang-xml&quot;&gt;&lt;span class=&quot;pln&quot;&gt;    &lt;/span&gt;&lt;span class=&quot;tag&quot;&gt;&amp;lt;RequestId&amp;gt;&lt;/span&gt;&lt;span class=&quot;pln&quot;&gt;94D38899-626D-434A-891F-7E1F77A81525&lt;/span&gt;&lt;span class=&quot;tag&quot;&gt;&amp;lt;/RequestId&amp;gt;&lt;/span&gt;&lt;/code&gt;&lt;/li&gt;&lt;li class=&quot;L2&quot;&gt;&lt;code class=&quot;lang-xml&quot;&gt;&lt;span class=&quot;pln&quot;&gt;    &lt;/span&gt;&lt;span class=&quot;tag&quot;&gt;&amp;lt;TotalCount&amp;gt;&lt;/span&gt;&lt;span class=&quot;pln&quot;&gt;4&lt;/span&gt;&lt;span class=&quot;tag&quot;&gt;&amp;lt;/TotalCount&amp;gt;&lt;/span&gt;&lt;/code&gt;&lt;/li&gt;&lt;li class=&quot;L3&quot;&gt;&lt;code class=&quot;lang-xml&quot;&gt;&lt;span class=&quot;pln&quot;&gt;    &lt;/span&gt;&lt;span class=&quot;tag&quot;&gt;&amp;lt;PageNumber&amp;gt;&lt;/span&gt;&lt;span class=&quot;pln&quot;&gt;1&lt;/span&gt;&lt;span class=&quot;tag&quot;&gt;&amp;lt;/PageNumber&amp;gt;&lt;/span&gt;&lt;/code&gt;&lt;/li&gt;&lt;li class=&quot;L4&quot;&gt;&lt;code class=&quot;lang-xml&quot;&gt;&lt;span class=&quot;pln&quot;&gt;    &lt;/span&gt;&lt;span class=&quot;tag&quot;&gt;&amp;lt;PageSize&amp;gt;&lt;/span&gt;&lt;span class=&quot;pln&quot;&gt;10&lt;/span&gt;&lt;span class=&quot;tag&quot;&gt;&amp;lt;/PageSize&amp;gt;&lt;/span&gt;&lt;/code&gt;&lt;/li&gt;&lt;li class=&quot;L5&quot;&gt;&lt;code class=&quot;lang-xml&quot;&gt;&lt;span class=&quot;pln&quot;&gt;    &lt;/span&gt;&lt;span class=&quot;tag&quot;&gt;&amp;lt;RegionId&amp;gt;&lt;/span&gt;&lt;span class=&quot;pln&quot;&gt;cn-hangzhou&lt;/span&gt;&lt;span class=&quot;tag&quot;&gt;&amp;lt;/RegionId&amp;gt;&lt;/span&gt;&lt;/code&gt;&lt;/li&gt;&lt;li class=&quot;L6&quot;&gt;&lt;code class=&quot;lang-xml&quot;&gt;&lt;span class=&quot;pln&quot;&gt;    &lt;/span&gt;&lt;span class=&quot;tag&quot;&gt;&amp;lt;SecurityGroups&amp;gt;&lt;/span&gt;&lt;/code&gt;&lt;/li&gt;&lt;li class=&quot;L7&quot;&gt;&lt;code class=&quot;lang-xml&quot;&gt;&lt;span class=&quot;pln&quot;&gt;        &lt;/span&gt;&lt;span class=&quot;tag&quot;&gt;&amp;lt;SecurityGroup&amp;gt;&lt;/span&gt;&lt;/code&gt;&lt;/li&gt;&lt;li class=&quot;L8&quot;&gt;&lt;code class=&quot;lang-xml&quot;&gt;&lt;span class=&quot;pln&quot;&gt;            &lt;/span&gt;&lt;span class=&quot;tag&quot;&gt;&amp;lt;SecurityGroupId&amp;gt;&lt;/span&gt;&lt;span class=&quot;pln&quot;&gt;sg-F876FF7BA&lt;/span&gt;&lt;span class=&quot;tag&quot;&gt;&amp;lt;/SecurityGroupId&amp;gt;&lt;/span&gt;&lt;/code&gt;&lt;/li&gt;&lt;li class=&quot;L9&quot;&gt;&lt;code class=&quot;lang-xml&quot;&gt;&lt;span class=&quot;pln&quot;&gt;            &lt;/span&gt;&lt;span class=&quot;tag&quot;&gt;&amp;lt;Description&amp;gt;&lt;/span&gt;&lt;span class=&quot;pln&quot;&gt;Test&lt;/span&gt;&lt;span class=&quot;tag&quot;&gt;&amp;lt;/Description&amp;gt;&lt;/span&gt;&lt;/code&gt;&lt;/li&gt;&lt;li class=&quot;L0&quot;&gt;&lt;code class=&quot;lang-xml&quot;&gt;&lt;span class=&quot;pln&quot;&gt;        &lt;/span&gt;&lt;span class=&quot;tag&quot;&gt;&amp;lt;/SecurityGroup&amp;gt;&lt;/span&gt;&lt;/code&gt;&lt;/li&gt;&lt;li class=&quot;L1&quot;&gt;&lt;code class=&quot;lang-xml&quot;&gt;&lt;span class=&quot;pln&quot;&gt;        &lt;/span&gt;&lt;span class=&quot;tag&quot;&gt;&amp;lt;SecurityGroup&amp;gt;&lt;/span&gt;&lt;/code&gt;&lt;/li&gt;&lt;li class=&quot;L2&quot;&gt;&lt;code class=&quot;lang-xml&quot;&gt;&lt;span class=&quot;pln&quot;&gt;            &lt;/span&gt;&lt;span class=&quot;tag&quot;&gt;&amp;lt;SecurityGroupId&amp;gt;&lt;/span&gt;&lt;span class=&quot;pln&quot;&gt;sg-086FFC27A&lt;/span&gt;&lt;span class=&quot;tag&quot;&gt;&amp;lt;/SecurityGroupId&amp;gt;&lt;/span&gt;&lt;/code&gt;&lt;/li&gt;&lt;li class=&quot;L3&quot;&gt;&lt;code class=&quot;lang-xml&quot;&gt;&lt;span class=&quot;pln&quot;&gt;            &lt;/span&gt;&lt;span class=&quot;tag&quot;&gt;&amp;lt;Description&amp;gt;&lt;/span&gt;&lt;span class=&quot;pln&quot;&gt;test00212&lt;/span&gt;&lt;span class=&quot;tag&quot;&gt;&amp;lt;/Description&amp;gt;&lt;/span&gt;&lt;/code&gt;&lt;/li&gt;&lt;li class=&quot;L4&quot;&gt;&lt;code class=&quot;lang-xml&quot;&gt;&lt;span class=&quot;pln&quot;&gt;        &lt;/span&gt;&lt;span class=&quot;tag&quot;&gt;&amp;lt;/SecurityGroup&amp;gt;&lt;/span&gt;&lt;/code&gt;&lt;/li&gt;&lt;li class=&quot;L5&quot;&gt;&lt;code class=&quot;lang-xml&quot;&gt;&lt;span class=&quot;pln&quot;&gt;        &lt;/span&gt;&lt;span class=&quot;tag&quot;&gt;&amp;lt;SecurityGroup&amp;gt;&lt;/span&gt;&lt;/code&gt;&lt;/li&gt;&lt;li class=&quot;L6&quot;&gt;&lt;code class=&quot;lang-xml&quot;&gt;&lt;span class=&quot;pln&quot;&gt;            &lt;/span&gt;&lt;span class=&quot;tag&quot;&gt;&amp;lt;SecurityGroupId&amp;gt;&lt;/span&gt;&lt;span class=&quot;pln&quot;&gt;sg-BA4B7975B&lt;/span&gt;&lt;span class=&quot;tag&quot;&gt;&amp;lt;/SecurityGroupId&amp;gt;&lt;/span&gt;&lt;/code&gt;&lt;/li&gt;&lt;li class=&quot;L7&quot;&gt;&lt;code class=&quot;lang-xml&quot;&gt;&lt;span class=&quot;pln&quot;&gt;            &lt;/span&gt;&lt;span class=&quot;tag&quot;&gt;&amp;lt;Description&amp;gt;&lt;/span&gt;&lt;span class=&quot;pln&quot;&gt;cn-hangzhou test group&lt;/span&gt;&lt;span class=&quot;tag&quot;&gt;&amp;lt;/Description&amp;gt;&lt;/span&gt;&lt;/code&gt;&lt;/li&gt;&lt;li class=&quot;L8&quot;&gt;&lt;code class=&quot;lang-xml&quot;&gt;&lt;span class=&quot;pln&quot;&gt;        &lt;/span&gt;&lt;span class=&quot;tag&quot;&gt;&amp;lt;/SecurityGroup&amp;gt;&lt;/span&gt;&lt;/code&gt;&lt;/li&gt;&lt;li class=&quot;L9&quot;&gt;&lt;code class=&quot;lang-xml&quot;&gt;&lt;span class=&quot;pln&quot;&gt;        &lt;/span&gt;&lt;span class=&quot;tag&quot;&gt;&amp;lt;SecurityGroup&amp;gt;&lt;/span&gt;&lt;/code&gt;&lt;/li&gt;&lt;li class=&quot;L0&quot;&gt;&lt;code class=&quot;lang-xml&quot;&gt;&lt;span class=&quot;pln&quot;&gt;            &lt;/span&gt;&lt;span class=&quot;tag&quot;&gt;&amp;lt;SecurityGroupId&amp;gt;&lt;/span&gt;&lt;span class=&quot;pln&quot;&gt;sg-35F20777C&lt;/span&gt;&lt;span class=&quot;tag&quot;&gt;&amp;lt;/SecurityGroupId&amp;gt;&lt;/span&gt;&lt;/code&gt;&lt;/li&gt;&lt;li class=&quot;L1&quot;&gt;&lt;code class=&quot;lang-xml&quot;&gt;&lt;span class=&quot;pln&quot;&gt;            &lt;/span&gt;&lt;span class=&quot;tag&quot;&gt;&amp;lt;Description&amp;gt;&lt;/span&gt;&lt;span class=&quot;pln&quot;&gt;cn-hangzhou test group&lt;/span&gt;&lt;span class=&quot;tag&quot;&gt;&amp;lt;/Description&amp;gt;&lt;/span&gt;&lt;/code&gt;&lt;/li&gt;&lt;li class=&quot;L2&quot;&gt;&lt;code class=&quot;lang-xml&quot;&gt;&lt;span class=&quot;pln&quot;&gt;        &lt;/span&gt;&lt;span class=&quot;tag&quot;&gt;&amp;lt;/SecurityGroup&amp;gt;&lt;/span&gt;&lt;/code&gt;&lt;/li&gt;&lt;li class=&quot;L3&quot;&gt;&lt;code class=&quot;lang-xml&quot;&gt;&lt;span class=&quot;pln&quot;&gt;    &lt;/span&gt;&lt;span class=&quot;tag&quot;&gt;&amp;lt;/SecurityGroups&amp;gt;&lt;/span&gt;&lt;/code&gt;&lt;/li&gt;&lt;li class=&quot;L4&quot;&gt;&lt;code class=&quot;lang-xml&quot;&gt;&lt;span class=&quot;tag&quot;&gt;&amp;lt;/DescribeSecurityGroupsResponse&amp;gt;&lt;/span&gt;&lt;/code&gt;&lt;/li&gt;&lt;/ol&gt;&lt;/pre&gt;"/>
          <id value="1"/>
          <note value="XML格式"/>
        </x-responsesample>
        <x-responsesample>
          <description value="&lt;pre class=&quot;prettyprint linenums prettyprinted&quot; style=&quot;&quot;&gt;&lt;ol class=&quot;linenums&quot;&gt;&lt;li class=&quot;L0&quot;&gt;&lt;code class=&quot;lang-json&quot;&gt;&lt;span class=&quot;pun&quot;&gt;{&lt;/span&gt;&lt;/code&gt;&lt;/li&gt;&lt;li class=&quot;L1&quot;&gt;&lt;code class=&quot;lang-json&quot;&gt;&lt;span class=&quot;pln&quot;&gt;    &lt;/span&gt;&lt;span class=&quot;str&quot;&gt;&quot;RequestId&quot;&lt;/span&gt;&lt;span class=&quot;pun&quot;&gt;:&lt;/span&gt;&lt;span class=&quot;pln&quot;&gt; &lt;/span&gt;&lt;span class=&quot;str&quot;&gt;&quot;94D38899-626D-434A-891F-7E1F77A81525&quot;&lt;/span&gt;&lt;span class=&quot;pun&quot;&gt;,&lt;/span&gt;&lt;/code&gt;&lt;/li&gt;&lt;li class=&quot;L2&quot;&gt;&lt;code class=&quot;lang-json&quot;&gt;&lt;span class=&quot;pln&quot;&gt;    &lt;/span&gt;&lt;span class=&quot;str&quot;&gt;&quot;TotalCount&quot;&lt;/span&gt;&lt;span class=&quot;pun&quot;&gt;:&lt;/span&gt;&lt;span class=&quot;pln&quot;&gt; &lt;/span&gt;&lt;span class=&quot;lit&quot;&gt;4&lt;/span&gt;&lt;span class=&quot;pun&quot;&gt;,&lt;/span&gt;&lt;/code&gt;&lt;/li&gt;&lt;li class=&quot;L3&quot;&gt;&lt;code class=&quot;lang-json&quot;&gt;&lt;span class=&quot;pln&quot;&gt;    &lt;/span&gt;&lt;span class=&quot;str&quot;&gt;&quot;PageSize&quot;&lt;/span&gt;&lt;span class=&quot;pun&quot;&gt;:&lt;/span&gt;&lt;span class=&quot;pln&quot;&gt; &lt;/span&gt;&lt;span class=&quot;str&quot;&gt;&quot;10&quot;&lt;/span&gt;&lt;span class=&quot;pun&quot;&gt;,&lt;/span&gt;&lt;/code&gt;&lt;/li&gt;&lt;li class=&quot;L4&quot;&gt;&lt;code class=&quot;lang-json&quot;&gt;&lt;span class=&quot;pln&quot;&gt;    &lt;/span&gt;&lt;span class=&quot;str&quot;&gt;&quot;RegionId&quot;&lt;/span&gt;&lt;span class=&quot;pun&quot;&gt;:&lt;/span&gt;&lt;span class=&quot;pln&quot;&gt; &lt;/span&gt;&lt;span class=&quot;str&quot;&gt;&quot;cn-hangzhou&quot;&lt;/span&gt;&lt;span class=&quot;pun&quot;&gt;,&lt;/span&gt;&lt;/code&gt;&lt;/li&gt;&lt;li class=&quot;L5&quot;&gt;&lt;code class=&quot;lang-json&quot;&gt;&lt;span class=&quot;pln&quot;&gt;    &lt;/span&gt;&lt;span class=&quot;str&quot;&gt;&quot;PageNumber&quot;&lt;/span&gt;&lt;span class=&quot;pun&quot;&gt;:&lt;/span&gt;&lt;span class=&quot;pln&quot;&gt; &lt;/span&gt;&lt;span class=&quot;str&quot;&gt;&quot;1&quot;&lt;/span&gt;&lt;span class=&quot;pun&quot;&gt;,&lt;/span&gt;&lt;/code&gt;&lt;/li&gt;&lt;li class=&quot;L6&quot;&gt;&lt;code class=&quot;lang-json&quot;&gt;&lt;span class=&quot;pln&quot;&gt;    &lt;/span&gt;&lt;span class=&quot;str&quot;&gt;&quot;SecurityGroups&quot;&lt;/span&gt;&lt;span class=&quot;pun&quot;&gt;:&lt;/span&gt;&lt;span class=&quot;pln&quot;&gt; &lt;/span&gt;&lt;span class=&quot;pun&quot;&gt;{&lt;/span&gt;&lt;/code&gt;&lt;/li&gt;&lt;li class=&quot;L7&quot;&gt;&lt;code class=&quot;lang-json&quot;&gt;&lt;span class=&quot;pln&quot;&gt;        &lt;/span&gt;&lt;span class=&quot;str&quot;&gt;&quot;SecurityGroup&quot;&lt;/span&gt;&lt;span class=&quot;pun&quot;&gt;:&lt;/span&gt;&lt;span class=&quot;pln&quot;&gt; &lt;/span&gt;&lt;span class=&quot;pun&quot;&gt;[{&lt;/span&gt;&lt;/code&gt;&lt;/li&gt;&lt;li class=&quot;L8&quot;&gt;&lt;code class=&quot;lang-json&quot;&gt;&lt;span class=&quot;pln&quot;&gt;            &lt;/span&gt;&lt;span class=&quot;str&quot;&gt;&quot;SecurityGroupId&quot;&lt;/span&gt;&lt;span class=&quot;pun&quot;&gt;:&lt;/span&gt;&lt;span class=&quot;pln&quot;&gt; &lt;/span&gt;&lt;span class=&quot;str&quot;&gt;&quot;sg-F876FF7BA&quot;&lt;/span&gt;&lt;span class=&quot;pun&quot;&gt;,&lt;/span&gt;&lt;/code&gt;&lt;/li&gt;&lt;li class=&quot;L9&quot;&gt;&lt;code class=&quot;lang-json&quot;&gt;&lt;span class=&quot;pln&quot;&gt;            &lt;/span&gt;&lt;span class=&quot;str&quot;&gt;&quot;Description&quot;&lt;/span&gt;&lt;span class=&quot;pun&quot;&gt;:&lt;/span&gt;&lt;span class=&quot;pln&quot;&gt; &lt;/span&gt;&lt;span class=&quot;str&quot;&gt;&quot;TestByXcf&quot;&lt;/span&gt;&lt;/code&gt;&lt;/li&gt;&lt;li class=&quot;L0&quot;&gt;&lt;code class=&quot;lang-json&quot;&gt;&lt;span class=&quot;pln&quot;&gt;        &lt;/span&gt;&lt;span class=&quot;pun&quot;&gt;},&lt;/span&gt;&lt;/code&gt;&lt;/li&gt;&lt;li class=&quot;L1&quot;&gt;&lt;code class=&quot;lang-json&quot;&gt;&lt;span class=&quot;pln&quot;&gt;        &lt;/span&gt;&lt;span class=&quot;pun&quot;&gt;{&lt;/span&gt;&lt;/code&gt;&lt;/li&gt;&lt;li class=&quot;L2&quot;&gt;&lt;code class=&quot;lang-json&quot;&gt;&lt;span class=&quot;pln&quot;&gt;            &lt;/span&gt;&lt;span class=&quot;str&quot;&gt;&quot;SecurityGroupId&quot;&lt;/span&gt;&lt;span class=&quot;pun&quot;&gt;:&lt;/span&gt;&lt;span class=&quot;pln&quot;&gt; &lt;/span&gt;&lt;span class=&quot;str&quot;&gt;&quot;sg-086FFC27A&quot;&lt;/span&gt;&lt;span class=&quot;pun&quot;&gt;,&lt;/span&gt;&lt;/code&gt;&lt;/li&gt;&lt;li class=&quot;L3&quot;&gt;&lt;code class=&quot;lang-json&quot;&gt;&lt;span class=&quot;pln&quot;&gt;            &lt;/span&gt;&lt;span class=&quot;str&quot;&gt;&quot;Description&quot;&lt;/span&gt;&lt;span class=&quot;pun&quot;&gt;:&lt;/span&gt;&lt;span class=&quot;pln&quot;&gt; &lt;/span&gt;&lt;span class=&quot;str&quot;&gt;&quot;test00212&quot;&lt;/span&gt;&lt;/code&gt;&lt;/li&gt;&lt;li class=&quot;L4&quot;&gt;&lt;code class=&quot;lang-json&quot;&gt;&lt;span class=&quot;pln&quot;&gt;        &lt;/span&gt;&lt;span class=&quot;pun&quot;&gt;},&lt;/span&gt;&lt;/code&gt;&lt;/li&gt;&lt;li class=&quot;L5&quot;&gt;&lt;code class=&quot;lang-json&quot;&gt;&lt;span class=&quot;pln&quot;&gt;        &lt;/span&gt;&lt;span class=&quot;pun&quot;&gt;{&lt;/span&gt;&lt;/code&gt;&lt;/li&gt;&lt;li class=&quot;L6&quot;&gt;&lt;code class=&quot;lang-json&quot;&gt;&lt;span class=&quot;pln&quot;&gt;            &lt;/span&gt;&lt;span class=&quot;str&quot;&gt;&quot;SecurityGroupId&quot;&lt;/span&gt;&lt;span class=&quot;pun&quot;&gt;:&lt;/span&gt;&lt;span class=&quot;pln&quot;&gt; &lt;/span&gt;&lt;span class=&quot;str&quot;&gt;&quot;sg-BA4B7975B&quot;&lt;/span&gt;&lt;span class=&quot;pun&quot;&gt;,&lt;/span&gt;&lt;/code&gt;&lt;/li&gt;&lt;li class=&quot;L7&quot;&gt;&lt;code class=&quot;lang-json&quot;&gt;&lt;span class=&quot;pln&quot;&gt;            &lt;/span&gt;&lt;span class=&quot;str&quot;&gt;&quot;Description&quot;&lt;/span&gt;&lt;span class=&quot;pun&quot;&gt;:&lt;/span&gt;&lt;span class=&quot;pln&quot;&gt; &lt;/span&gt;&lt;span class=&quot;str&quot;&gt;&quot;cn-hangzhou test group&quot;&lt;/span&gt;&lt;/code&gt;&lt;/li&gt;&lt;li class=&quot;L8&quot;&gt;&lt;code class=&quot;lang-json&quot;&gt;&lt;span class=&quot;pln&quot;&gt;        &lt;/span&gt;&lt;span class=&quot;pun&quot;&gt;},&lt;/span&gt;&lt;/code&gt;&lt;/li&gt;&lt;li class=&quot;L9&quot;&gt;&lt;code class=&quot;lang-json&quot;&gt;&lt;span class=&quot;pln&quot;&gt;        &lt;/span&gt;&lt;span class=&quot;pun&quot;&gt;{&lt;/span&gt;&lt;/code&gt;&lt;/li&gt;&lt;li class=&quot;L0&quot;&gt;&lt;code class=&quot;lang-json&quot;&gt;&lt;span class=&quot;pln&quot;&gt;            &lt;/span&gt;&lt;span class=&quot;str&quot;&gt;&quot;SecurityGroupId&quot;&lt;/span&gt;&lt;span class=&quot;pun&quot;&gt;:&lt;/span&gt;&lt;span class=&quot;pln&quot;&gt; &lt;/span&gt;&lt;span class=&quot;str&quot;&gt;&quot;sg-35F20777C&quot;&lt;/span&gt;&lt;span class=&quot;pun&quot;&gt;,&lt;/span&gt;&lt;/code&gt;&lt;/li&gt;&lt;li class=&quot;L1&quot;&gt;&lt;code class=&quot;lang-json&quot;&gt;&lt;span class=&quot;pln&quot;&gt;            &lt;/span&gt;&lt;span class=&quot;str&quot;&gt;&quot;Description&quot;&lt;/span&gt;&lt;span class=&quot;pun&quot;&gt;:&lt;/span&gt;&lt;span class=&quot;pln&quot;&gt; &lt;/span&gt;&lt;span class=&quot;str&quot;&gt;&quot;cn-hangzhou test group&quot;&lt;/span&gt;&lt;/code&gt;&lt;/li&gt;&lt;li class=&quot;L2&quot;&gt;&lt;code class=&quot;lang-json&quot;&gt;&lt;span class=&quot;pln&quot;&gt;        &lt;/span&gt;&lt;span class=&quot;pun&quot;&gt;}]&lt;/span&gt;&lt;/code&gt;&lt;/li&gt;&lt;li class=&quot;L3&quot;&gt;&lt;code class=&quot;lang-json&quot;&gt;&lt;span class=&quot;pln&quot;&gt;    &lt;/span&gt;&lt;span class=&quot;pun&quot;&gt;}&lt;/span&gt;&lt;/code&gt;&lt;/li&gt;&lt;li class=&quot;L4&quot;&gt;&lt;code class=&quot;lang-json&quot;&gt;&lt;span class=&quot;pun&quot;&gt;}&lt;/span&gt;&lt;/code&gt;&lt;/li&gt;&lt;/ol&gt;&lt;/pre&gt;"/>
          <id value="2"/>
          <note value="JSON格式"/>
        </x-responsesample>
      </x-responsesample>
    </node>
    <node nodeName="/public">
      <request>
        <parameters nodeType="array">
          <parameters>
            <default value="XML"/>
            <description value="返回值的类型，支持 JSON 与 XML。默认为 XML。"/>
            <enum nodeType="array">
              <enum value="XML"/>
              <enum value="JSON"/>
            </enum>
            <in value="query"/>
            <name value="Format"/>
            <required value="false"/>
            <type value="string"/>
          </parameters>
          <parameters>
            <description value="API 版本号，为日期形式：YYYY-MM-DD，本版本对应为 2014-05-26。"/>
            <in value="query"/>
            <name value="Version"/>
            <required value="true"/>
            <type value="string"/>
          </parameters>
          <parameters>
            <description value="阿里云颁发给用户的访问服务所用的密钥 ID。"/>
            <in value="query"/>
            <name value="AccessKeyId"/>
            <required value="true"/>
            <type value="string"/>
          </parameters>
          <parameters>
            <description value="签名结果串，关于签名的计算方法，请参见&amp;lt;&lt;a href=&quot;/document_detail/25492.html&quot;&gt;签名机制&lt;/a&gt;&amp;gt;。"/>
            <in value="query"/>
            <name value="Signature"/>
            <required value="true"/>
            <type value="string"/>
          </parameters>
          <parameters>
            <description value="签名方式，目前支持 HMAC-SHA1。"/>
            <in value="query"/>
            <name value="SignatureMethod"/>
            <required value="true"/>
            <type value="string"/>
          </parameters>
          <parameters>
            <description value="        请求的时间戳。日期格式按照 &lt;a href=&quot;/document_detail/25696.html&quot;&gt;ISO8601&lt;/a&gt; 标准表示，并需要使用 UTC 时间。格式为： &lt;br /&gt;        YYYY-MM-DDThh:mm:ssZ &lt;br /&gt;        例如，2014-05-26T12:00:00Z（为北京时间 2014 年 5 月 26 日 20 点 0 分 0 秒）。    "/>
            <in value="query"/>
            <name value="Timestamp"/>
            <required value="true"/>
            <type value="string"/>
          </parameters>
          <parameters>
            <description value="签名算法版本，目前版本是 1.0。"/>
            <in value="query"/>
            <name value="SignatureVersion"/>
            <required value="true"/>
            <type value="string"/>
          </parameters>
          <parameters>
            <description value="唯一随机数，用于防止网络重放攻击。用户在不同请求间要使用不同的随机数值"/>
            <in value="query"/>
            <name value="SignatureNonce"/>
            <required value="true"/>
            <type value="string"/>
          </parameters>
          <parameters>
            <description value="本次 API 请求访问到的资源拥有者账户，即登录用户名。 &lt;br /&gt;        此参数的使用方法，详见&amp;lt; &lt;a href=&quot;/document_detail/25494.html&quot;&gt;借助 RAM 实现子账号对主账号的 ECS 资源访问&lt;/a&gt; &amp;gt;，（只能在 &lt;a href=&quot;/document_detail/25496.html&quot;&gt;RAM 中可对 ECS 资源进行授权的 Action&lt;/a&gt; 中才能使用此参数，否则访问会被拒绝）    "/>
            <in value="query"/>
            <name value="ResourceOwnerAccount"/>
            <required value="false"/>
            <type value="string"/>
          </parameters>
        </parameters>
      </request>
      <response>
        <RequestId>
          <description value="用户发送的每次接口调用请求，无论成功与否，系统都会返回一个唯一识别码"/>
          <in value="body"/>
          <name value="RequestId"/>
          <type value="string"/>
        </RequestId>
      </response>
    </node>
  </paths>
  <swagger value="2.0"/>
  <x-vee value="2.0 AS"/>
</root>
