<?xml version="1.0" encoding="UTF-8"?>
<root>
  <host value="ecs.aliyuncs.com"/>
  <info>
    <description value="云服务器（Elastic Compute Service，简称 ECS）是一种简单高效、处理能力可弹性伸缩的计算服务，帮助您快速构建更稳定、安全的应用，提升运维效率，降低 IT 成本，使您更专注于核心业务创新。"/>
    <title value="instance"/>
    <version value="1.0"/>
  </info>
  <paths>
    <node nodeName="/DescribeDisks">
      <get>
        <consumes nodeType="array">
          <consumes value="application/x-www-form-urlencoded"/>
        </consumes>
        <description value="&lt;h2 id=&quot;h2--em-em-&quot;&gt;&lt;a name=&quot;&lt;em&gt;描述&lt;/em&gt;&quot; class=&quot;reference-link&quot;&gt;&lt;/a&gt;&lt;span class=&quot;header-link octicon octicon-link&quot;&gt;&lt;/span&gt;&lt;em&gt;描述&lt;/em&gt;&lt;/h2&gt;&lt;p&gt;&lt;code&gt;RegionId&lt;/code&gt;，&lt;code&gt;ZoneId&lt;/code&gt;，&lt;code&gt;DiskIds&lt;/code&gt;，&lt;code&gt;InstanceId&lt;/code&gt; 等参数都是过滤器的概念，参数间是逻辑与（&lt;code&gt;AND&lt;/code&gt;）关系。&lt;/p&gt;&lt;p&gt;其中，&lt;code&gt;DiskIds&lt;/code&gt; 是一个 JSON 格式的 Json Array，如果参数为空，则过滤器不起作用，但是 &lt;code&gt;DiskIds&lt;/code&gt; 如果是一个空 Json Array（即&lt;code&gt;[]&lt;/code&gt;），则视为该过滤器有效，且返回空。&lt;/p&gt;"/>
        <parameters nodeType="array">
          <parameters>
            <description value="系统规定参数。取值：DescribeDisks"/>
            <enum nodeType="array">
              <enum value="DescribeDisks"/>
            </enum>
            <in value="query"/>
            <name value="Action"/>
            <required value="true"/>
            <type value="string"/>
          </parameters>
          <parameters>
            <description value="磁盘所属于的 Region ID。"/>
            <in value="query"/>
            <name value="RegionId"/>
            <required value="true"/>
            <type value="string"/>
          </parameters>
          <parameters>
            <default value="false"/>
            <description value="过滤加密磁盘。取值范围:&lt;ul&gt;&lt;li&gt;true：只筛选出加密磁盘。&lt;/li&gt;&lt;li&gt;false：不做加密属性的筛选。&lt;/li&gt;&lt;/ul&gt;默认值：false"/>
            <enum nodeType="array">
              <enum value="true"/>
              <enum value="false"/>
            </enum>
            <in value="query"/>
            <name value="Encrypted "/>
            <required value="false"/>
            <type value="boolean"/>
          </parameters>
          <parameters>
            <default value="空"/>
            <description value="可用区 ID。默认值：空。"/>
            <in value="query"/>
            <name value="ZoneId"/>
            <required value="false"/>
            <type value="string"/>
          </parameters>
          <parameters>
            <description value="磁盘 ID。一个带有格式的 Json Array：[“d-xxxxxxxxx”, ”d-yyyyyyyyy”, … “d-zzzzzzzzz”]，最多 100 个 ID，用半角逗号字符隔开。"/>
            <in value="query"/>
            <name value="DiskIds"/>
            <required value="false"/>
            <type value="string"/>
          </parameters>
          <parameters>
            <description value="实例 ID。"/>
            <in value="query"/>
            <name value="InstanceId"/>
            <required value="false"/>
            <type value="string"/>
          </parameters>
          <parameters>
            <default value="all"/>
            <description value="磁盘类型。取值范围：&lt;ul&gt;&lt;li&gt;all: 系统盘与数据盘&lt;/li&gt;&lt;li&gt;system：系统盘&lt;/li&gt;&lt;li&gt;data：数据盘&lt;/li&gt;&lt;/ul&gt;默认值：all"/>
            <enum nodeType="array">
              <enum value="all"/>
              <enum value="system"/>
              <enum value="data"/>
            </enum>
            <in value="query"/>
            <name value="DiskType"/>
            <required value="false"/>
            <type value="string"/>
          </parameters>
          <parameters>
            <default value="all"/>
            <description value="磁盘种类。取值范围：&lt;ul&gt;&lt;li&gt;all：所有云盘&lt;/li&gt;&lt;li&gt;cloud：普通云盘&lt;/li&gt;&lt;li&gt;cloud_efficiency：高效云盘&lt;/li&gt;&lt;li&gt;cloud_ssd：SSD 云盘&lt;/li&gt;&lt;li&gt;ephemeral：本地磁盘&lt;/li&gt;&lt;li&gt;ephemeral_ssd：本地 SSD 盘&lt;/li&gt;&lt;/ul&gt;默认值：all"/>
            <enum nodeType="array">
              <enum value="all"/>
              <enum value="cloud"/>
              <enum value="cloud_efficiency"/>
              <enum value="cloud_ssd"/>
              <enum value="ephemeral"/>
              <enum value="ephemeral_ssd"/>
            </enum>
            <in value="query"/>
            <name value="Category"/>
            <required value="false"/>
            <type value="string"/>
          </parameters>
          <parameters>
            <default value="All"/>
            <description value="磁盘状态，参考文档&lt;a href=&quot;/document_detail/25689.html&quot;&gt;普通云盘状态表&lt;/a&gt;。取值范围：&lt;ul&gt;&lt;li&gt;In_use&lt;/li&gt;&lt;li&gt;Available&lt;/li&gt;&lt;li&gt;Attaching &lt;/li&gt;&lt;li&gt;Detaching&lt;/li&gt;&lt;li&gt;Creating&lt;/li&gt;&lt;li&gt;ReIniting&lt;/li&gt;&lt;li&gt;All&lt;/li&gt;&lt;/ul&gt;默认值：All"/>
            <enum nodeType="array">
              <enum value="In_use"/>
              <enum value="Available"/>
              <enum value="Attaching"/>
              <enum value="Detaching"/>
              <enum value="Creating"/>
              <enum value="ReIniting"/>
              <enum value="All"/>
            </enum>
            <in value="query"/>
            <name value="Status"/>
            <required value="false"/>
            <type value="string"/>
          </parameters>
          <parameters>
            <description value="创建磁盘使用的快照。"/>
            <in value="query"/>
            <name value="SnapshotId"/>
            <required value="false"/>
            <type value="string"/>
          </parameters>
          <parameters>
            <description value="磁盘名称。"/>
            <in value="query"/>
            <name value="DiskName"/>
            <required value="false"/>
            <type value="string"/>
          </parameters>
          <parameters>
            <description value="磁盘是否支持卸载。这个属性用户不能更改。取值范围：&lt;ul&gt;&lt;li&gt;true：可卸载云盘，可以独立存在且可以自由在可用区内挂载和卸载。&lt;/li&gt;&lt;li&gt;false：不可卸载云盘，不可以独立存在且不可以自由在可用区内挂载和卸载。&lt;/li&gt;&lt;/ul&gt;这个属性为 true 的磁盘才能挂载（attach）和卸载（detach）。&lt;br&gt;其中：&lt;ul&gt;&lt;li&gt;本地磁盘&lt;/li&gt;&lt;li&gt;本地 SSD 盘&lt;/li&gt;&lt;li&gt;普通云盘，高效云盘和 SSD 云盘的系统盘&lt;/li&gt;&lt;li&gt;包年包月的普通云盘、高效云盘、SSD云盘&lt;/li&gt;&lt;/ul&gt;该属性都为 false。&lt;br&gt;"/>
            <enum nodeType="array">
              <enum value="true"/>
              <enum value="false"/>
            </enum>
            <in value="query"/>
            <name value="Portable"/>
            <required value="false"/>
            <type value="string"/>
          </parameters>
          <parameters>
            <default value="false"/>
            <description value="磁盘是否随实例释放。取值范围：&lt;ul&gt;&lt;li&gt;true：实例释放时，这块磁盘随 Instance 一起释放。&lt;/li&gt;&lt;li&gt;false：实例释放时，这块磁盘保留不释放。&lt;/li&gt;&lt;/ul&gt;默认值：false"/>
            <enum nodeType="array">
              <enum value="true"/>
              <enum value="false"/>
            </enum>
            <in value="query"/>
            <name value="DeleteWithInstance"/>
            <required value="false"/>
            <type value="string"/>
          </parameters>
          <parameters>
            <default value="false"/>
            <description value="删除磁盘时，是否同时删除自动快照。取值范围：&lt;ul&gt;&lt;li&gt;true：同时删除自动快照。&lt;/li&gt;&lt;li&gt;false：保留自动快照。&lt;/li&gt;&lt;/ul&gt;默认值：false"/>
            <enum nodeType="array">
              <enum value="true"/>
              <enum value="false"/>
            </enum>
            <in value="query"/>
            <name value="DeleteAutoSnapshot"/>
            <required value="false"/>
            <type value="string"/>
          </parameters>
          <parameters>
            <default value="false"/>
            <description value="磁盘是否执行自动快照策略（前提是用户整体的自动快照策略已经开启）。取值范围：&lt;ul&gt;&lt;li&gt;true：表示这块磁盘执行自动快照策略。&lt;/li&gt;&lt;li&gt;false：表示这块磁盘不执行自动快照策略。&lt;/li&gt;&lt;/ul&gt; 默认值：false"/>
            <enum nodeType="array">
              <enum value="true"/>
              <enum value="false"/>
            </enum>
            <in value="query"/>
            <name value="EnableAutoSnapshot"/>
            <required value="false"/>
            <type value="string"/>
          </parameters>
          <parameters>
            <description value="磁盘的付费方式。取值范围：&lt;ul&gt;&lt;li&gt;PrePaid：预付费，即包年包月。&lt;/li&gt;&lt;li&gt;PostPaid：后付费，即按量付费。&lt;/li&gt;&lt;/ul&gt;"/>
            <enum nodeType="array">
              <enum value="PrePaid"/>
              <enum value="PostPaid"/>
            </enum>
            <in value="query"/>
            <name value="DiskChargeType"/>
            <required value="false"/>
            <type value="string"/>
          </parameters>
          <parameters>
            <description value="标签"/>
            <in value="query"/>
            <items>
              <x-schema>
                <properties>
                  <Key>
                    <description value="标签键，n 的取值范围为 [1, 5]。&lt;br&gt;不允许为空字符串。"/>
                    <minLength value="1"/>
                    <name value="Tag.n.Key"/>
                    <required value="false"/>
                    <type value="string"/>
                  </Key>
                  <Value>
                    <description value="标签值，n 的取值范围为 [1, 5]。&lt;br&gt;允许为空字符串。"/>
                    <name value="Tag.n.Value"/>
                    <required value="false"/>
                    <type value="string"/>
                  </Value>
                </properties>
                <type value="object"/>
              </x-schema>
            </items>
            <maxItems value="5"/>
            <minItems value="1"/>
            <name value="Tag"/>
            <required value="false"/>
            <type value="array"/>
          </parameters>
          <parameters>
            <default value="1"/>
            <description value="磁盘状态列表的页码，起始值为 1。&lt;br&gt;默认值: 1"/>
            <in value="query"/>
            <name value="PageNumber"/>
            <required value="false"/>
            <type value="integer"/>
          </parameters>
          <parameters>
            <default value="10"/>
            <description value="分页查询时设置的每页行数，最大值 100 行。&lt;br&gt;默认值: 10"/>
            <in value="query"/>
            <maximum value="100"/>
            <name value="PageSize"/>
            <required value="false"/>
            <type value="integer"/>
          </parameters>
        </parameters>
        <produces nodeType="array">
          <produces value="application/xml"/>
          <produces value="application/json"/>
        </produces>
        <responses>
          <node nodeName="200">
            <description value="Accept"/>
            <schema>
              <properties>
                <Disks>
                  <description value="磁盘信息 DiskItemType 组成的集合"/>
                  <name value="Disks"/>
                  <properties>
                    <AttachedTime>
                      <description value="挂载时间。按照 &lt;a href=&quot;/document_detail/25696.html&quot;&gt;ISO8601&lt;/a&gt; 标准表示，并需要使用 UTC时间。格式为：YYYY-MM-DDThh:mmZ&lt;br&gt;只有在 &lt;code&gt;Status&lt;/code&gt; 为 &lt;code&gt;In_use&lt;/code&gt; 时才有意义。"/>
                      <enum nodeType="array">
                        <enum value="Status"/>
                        <enum value="In_use"/>
                      </enum>
                      <name value="AttachedTime"/>
                      <type value="string"/>
                    </AttachedTime>
                    <Category>
                      <description value="磁盘种类。取值范围：&lt;ul&gt;&lt;li&gt;cloud: 普通云盘&lt;/li&gt;&lt;li&gt;cloud_efficiency：高效云盘&lt;/li&gt;&lt;li&gt;cloud_ssd：SSD云盘&lt;/li&gt;&lt;li&gt;ephemeral_ssd: 本地 SSD 盘&lt;/li&gt;&lt;li&gt;ephemeral: 本地磁盘&lt;/li&gt;&lt;/ul&gt;"/>
                      <enum nodeType="array">
                        <enum value="cloud"/>
                        <enum value="cloud_efficiency"/>
                        <enum value="cloud_ssd"/>
                        <enum value="ephemeral_ssd"/>
                        <enum value="ephemeral"/>
                      </enum>
                      <name value="Category"/>
                      <type value="string"/>
                    </Category>
                    <CreationTime>
                      <description value="创建时间。按照 &lt;a href=&quot;/document_detail/25696.html&quot;&gt;ISO8601&lt;/a&gt; 标准表示，并需要使用 UTC时间。格式为：YYYY-MM-DDThh:mmZ"/>
                      <name value="CreationTime"/>
                      <type value="string"/>
                    </CreationTime>
                    <DeleteAutoSnapshot>
                      <description value="是否同时删除自动快照。取值范围：&lt;ul&gt;&lt;li&gt;true：删除磁盘上的快照。&lt;/li&gt;&lt;li&gt;false：保留磁盘上的快照。&lt;/li&gt;&lt;/ul&gt;通过 &lt;a href=&quot;/document_detail/ 25524.html&quot;&gt;CreateSnapshot&lt;/a&gt; 或者在控制台创建的快照，不受这个参数的影响，会始终保留。"/>
                      <enum nodeType="array">
                        <enum value="true"/>
                        <enum value="false"/>
                      </enum>
                      <name value="DeleteAutoSnapshot"/>
                      <type value="string"/>
                    </DeleteAutoSnapshot>
                    <DeleteWithInstance>
                      <description value="是否随实例释放。取值范围：&lt;ul&gt;&lt;li&gt;true：释放实例时，这块磁盘随实例一起释放。&lt;/li&gt;&lt;li&gt;false：释放实例时，这块磁盘保留不释放。&lt;/li&gt;&lt;/ul&gt;"/>
                      <enum nodeType="array">
                        <enum value="true"/>
                        <enum value="false"/>
                      </enum>
                      <name value="DeleteWithInstance"/>
                      <type value="string"/>
                    </DeleteWithInstance>
                    <Description>
                      <description value="磁盘描述。"/>
                      <name value="Description"/>
                      <type value="string"/>
                    </Description>
                    <DetachedTime>
                      <description value="卸载时间。按照 &lt;a href=&quot;/document_detail/25696.html&quot;&gt;ISO8601&lt;/a&gt; 标准表示，并需要使用 UTC 时间。格式为：YYYY-MM-DDThh:mmZ&lt;br&gt;只有在&lt;code&gt;Status&lt;/code&gt; 为 &lt;code&gt;Available&lt;/code&gt; 时才有意义。"/>
                      <enum nodeType="array">
                        <enum value="Status"/>
                        <enum value="Available"/>
                      </enum>
                      <name value="DetachedTime"/>
                      <type value="string"/>
                    </DetachedTime>
                    <Device>
                      <description value="所属 Instance 的 Device 信息（例如：/dev/xvdb）。&lt;br&gt;只有在 &lt;code&gt;Status&lt;/code&gt; 为 &lt;code&gt;In_use&lt;/code&gt; 是才有值，其他状态为空。"/>
                      <enum nodeType="array">
                        <enum value="Status"/>
                        <enum value="In_use"/>
                      </enum>
                      <name value="Device"/>
                      <type value="string"/>
                    </Device>
                    <DiskChargeType>
                      <description value="磁盘的付费方式。取值范围：&lt;ul&gt;&lt;li&gt;PrePaid：预付费，即包年包月。&lt;/li&gt;&lt;li&gt;PostPaid：后付费，即按量付费。&lt;/li&gt;&lt;/ul&gt;"/>
                      <enum nodeType="array">
                        <enum value="PrePaid"/>
                        <enum value="PostPaid"/>
                      </enum>
                      <name value="DiskChargeType"/>
                      <type value="string"/>
                    </DiskChargeType>
                    <DiskId>
                      <description value="磁盘 ID。"/>
                      <name value="DiskId"/>
                      <type value="string"/>
                    </DiskId>
                    <DiskName>
                      <description value="磁盘名。"/>
                      <name value="DiskName"/>
                      <type value="string"/>
                    </DiskName>
                    <EnableAutoSnapshot>
                      <default value="false"/>
                      <description value="磁盘是否执行自动快照策略。取值范围：&lt;ul&gt;&lt;li&gt;true：这块磁盘执行自动快照策略。&lt;/li&gt;&lt;li&gt;false：这块磁盘不执行自动快照策略。&lt;/li&gt;&lt;/ul&gt;默认值：false"/>
                      <enum nodeType="array">
                        <enum value="true"/>
                        <enum value="false"/>
                      </enum>
                      <name value="EnableAutoSnapshot"/>
                      <type value="string"/>
                    </EnableAutoSnapshot>
                    <Encrypted>
                      <description value="是否为加密磁盘。取值范围：&lt;ul&gt;&lt;li&gt;true: 是加密磁盘。&lt;/li&gt;&lt;li&gt;false：不是加密磁盘。&lt;/li&gt;&lt;/ul&gt;"/>
                      <enum nodeType="array">
                        <enum value="true"/>
                        <enum value="false"/>
                      </enum>
                      <name value="Encrypted"/>
                      <type value="boolean"/>
                    </Encrypted>
                    <ImageId>
                      <description value="创建磁盘的镜像 ID，只有通过镜像创建的磁盘才有值，否则为空。这个值在磁盘的生命周期内始终不变。"/>
                      <name value="ImageId"/>
                      <type value="string"/>
                    </ImageId>
                    <InstanceId>
                      <description value="所属 Instance ID。&lt;br&gt;只有在 &lt;code&gt;Status&lt;/code&gt; 为 &lt;code&gt;In_use&lt;/code&gt; 时才有值，其他状态为空。"/>
                      <enum nodeType="array">
                        <enum value="Status"/>
                        <enum value="In_use"/>
                      </enum>
                      <name value="InstanceId"/>
                      <type value="string"/>
                    </InstanceId>
                    <OperationLocks>
                      <description value="磁盘锁定原因类型。"/>
                      <name value="OperationLocks"/>
                      <properties>
                        <LockReason>
                          <description value="&lt;ul&gt;&lt;li&gt;financial：因欠费被锁定&lt;/li&gt;&lt;li&gt;security：因安全原因被锁定&lt;/li&gt;&lt;li&gt;recycling：竞价实例的待释放锁定状态&lt;/li&gt;&lt;/ul&gt;"/>
                          <name value="LockReason"/>
                          <type value="string"/>
                        </LockReason>
                      </properties>
                      <type value="object"/>
                    </OperationLocks>
                    <Portable>
                      <description value="磁盘是否可卸载。取值范围：&lt;br&gt;&lt;ul&gt;&lt;li&gt;true：独立普通云盘，可以独立存在且可以自由在可用区内挂载和卸载。&lt;/li&gt;&lt;li&gt;false：非独立普通云盘，不可以独立存在，不可以在可用区内挂载和卸载，生命周期与实例等同。&lt;/li&gt;&lt;/ul&gt;用户如果需要挂载或卸载磁盘，必须事先查询，&lt;code&gt;Portable&lt;/code&gt; 属性为 &lt;code&gt;true&lt;/code&gt; 的磁盘才能操作。本地磁盘，本地SSD盘，普通云盘，SSD 云盘的系统盘和包年包月的普通云盘，该属性都为 &lt;code&gt;false&lt;/code&gt;。不支持修改该属性。"/>
                      <enum nodeType="array">
                        <enum value="true"/>
                        <enum value="false"/>
                      </enum>
                      <name value="Portable"/>
                      <type value="string"/>
                    </Portable>
                    <ProductCode>
                      <description value="镜像市场的商品标识。 "/>
                      <name value="ProductCode"/>
                      <type value="string"/>
                    </ProductCode>
                    <RegionId>
                      <description value="磁盘所属的地域 ID。RegionId 的列表详见 &lt;a href=&quot;/document_detail/40654.html&quot;&gt;地域列表&lt;/a&gt;。"/>
                      <name value="RegionId"/>
                      <type value="string"/>
                    </RegionId>
                    <Size>
                      <description value="磁盘大小，单位 GB。"/>
                      <name value="Size"/>
                      <type value="integer"/>
                    </Size>
                    <SourceSnapshotId>
                      <description value="创建磁盘使用的快照，如果创建磁盘时，没有指定快照，则为空。这个值在磁盘的生命周期内始终不变。"/>
                      <name value="SourceSnapshotId"/>
                      <type value="string"/>
                    </SourceSnapshotId>
                    <Status>
                      <description value="磁盘状态。取值范围：&lt;ul&gt;&lt;li&gt;In_use&lt;/li&gt;&lt;li&gt;Available&lt;/li&gt;&lt;li&gt;Attaching&lt;/li&gt;&lt;li&gt;Detaching&lt;/li&gt;&lt;li&gt;Creating&lt;/li&gt;&lt;li&gt;ReIniting&lt;/li&gt;&lt;/ul&gt;"/>
                      <enum nodeType="array">
                        <enum value="In_use"/>
                        <enum value="Available"/>
                        <enum value="Attaching"/>
                        <enum value="Detaching"/>
                        <enum value="Creating"/>
                        <enum value="ReIniting"/>
                      </enum>
                      <name value="Status"/>
                      <type value="string"/>
                    </Status>
                    <Type>
                      <description value="磁盘类型。取值范围：&lt;ul&gt;&lt;li&gt;system: 系统盘&lt;/li&gt;&lt;li&gt;data: 数据盘&lt;/li&gt;&lt;/ul&gt;"/>
                      <enum nodeType="array">
                        <enum value="system"/>
                        <enum value="data"/>
                      </enum>
                      <name value="Type"/>
                      <type value="string"/>
                    </Type>
                    <ZoneId>
                      <description value="磁盘所属的可用区 ID。"/>
                      <name value="ZoneId"/>
                      <type value="string"/>
                    </ZoneId>
                  </properties>
                  <type value="object"/>
                </Disks>
                <Encrypted>
                  <description value="是否为加密磁盘"/>
                  <name value="Encrypted"/>
                  <type value="boolean"/>
                </Encrypted>
                <PageNumber>
                  <description value="磁盘列表的页码"/>
                  <name value="PageNumber"/>
                  <type value="integer"/>
                </PageNumber>
                <PageSize>
                  <description value="输入时设置的每页行数"/>
                  <name value="PageSize"/>
                  <type value="integer"/>
                </PageSize>
                <TotalCount>
                  <description value="磁盘总个数"/>
                  <name value="TotalCount"/>
                  <type value="integer"/>
                </TotalCount>
              </properties>
              <type value="object"/>
            </schema>
          </node>
          <node nodeName="400">
            <description value="{code: IdempotentParameterMismatch, describeen: The request is retried with updated parameters.}, {code: IllegalTimestamp, describeen: The input parameter “Timestamp” that is mandatory for processing this request is not supplied.}, {code: IncompleteSignature, describeen: The request signature does not conform to Aliyun standards.}, {code: InsufficientBalance, describeen: Your account does not have enough balance.}, {code: InvalidAccessKeyId.NotFound, describeen: The specified Access Key ID does not exist.}, {code: InvalidOwner, describeen: OwnerId and OwnerAccount can’t be used at one API access.}, {code: InvalidOwnerAccount, describeen: The specified OwnerAccount is not valid.}, {code: InvalidOwnerId, describeen: The specified OwnerId is not valid.}, {code: InvalidParamater, describeen: The specified parameter “SignatureMethod” is not valid.}, {code: InvalidParamater, describeen: The specified parameter “SignatureVersion” is not valid.}, {code: InvalidParameter, describeen: The specified parameter is not valid}, {code: InvalidParameter, describeen: The specified parameter “Action or Version” is not valid.}, {code: InvalidParameter.IsNull, describeen: The required parameter must be not null.}, {code: MissingParameter, describeen: The input parameter “Action” that is mandatory for processing this request is not supplied}, {code: MissingParameter, describeen: The input parameter “AccessKeyId” that is mandatory for processing this request is not supplied}, {code: MissingParameter, describeen: The input parameter “Signature” that is mandatory for processing the request is not supplied.}, {code: MissingParameter, describeen: The input parameter “TimeStamp” that is mandatory for processing this request is not supplied}, {code: MissingParameter, describeen: The input parameter “Version” that is mandatory for processing this request is not supplied}, {code: SignatureNonceUsed, describeen: The request signature nonce has been used.}, {code: Throttling, describeen: You have made too many requests within a short time; your request is denied due to request throttling.}, {code: UnsupportedParameter, describeen: },{code: InvalidDiskType.ValueNotSupported, describeen: The specified disk type is not supported., describecn: 指定的磁盘属性不支持。}, {code: InvalidCategory.ValueNotSupported, describeen: The specified disk category is not supported., describecn: 指定的磁盘种类不支持或者无权限。}, {code: InvalidStatus.ValueNotSupported, describeen: The specified disk status is not supported., describecn: 指定的磁盘状态不支持。}, {code: InvalidTag.Mismatch, describeen: The specified Tag.n.Key and Tag.n.Value are not match., describecn: 指定的 Tag.n.Key 和 Tag.n.Value 不匹配。}, {code: InvalidTagCount, describeen: The specified tags are beyond the permitted range., describecn: 指定的 Tag 数超过了 5 个。}, {code: InvalidRegion.NotFound, describeen: The specified parameter RegionId is not valid., describecn: 指定的 RegionId 不存在。}, {code: InvalidZoneId.NotFound, describeen: The ZoneId provided does not exist., describecn: 指定的 ZoneId 不存在。}"/>
          </node>
          <node nodeName="403">
            <description value="{code: ChargeTypeViolation, describeen: The operation is not permitted due to charge type of the instance.}, {code: Forbidden.AccessKeyDisabled, describeen: The Access Key is disabled.}, {code: Forbidden.NotSupportRAM, describeen: This action does not support accessed by RAM mode.}, {code: Forbidden.RAM, describeen: User not authorized to operate on the specified resource, or this API doesn&amp;#39;t support RAM.}, {code: Forbidden.RiskControl, describeen: This operation is forbidden by Aliyun RiskControl system.}, {code: Forbidden.SubUser, describeen: The specified action is not available for you.}, {code: Forbidden.Unauthorized, describeen: User not authorized to operate on the specified resource.}, {code: InvalidAccount.NotFound, describeen: The specified Account does not exist.}, {code: InvalidAction, describeen: Specified action is not valid.}, {code: InvalidIdempotenceParameter.Mismatch, describeen: The specified parameters are different from before.}, {code: InvalidParameter.OwnerAccount, describeen: OwnerAccount is Invalid.}, {code: InvalidParameter.ResourceOwnerAccount, describeen: ResourceOwnerAccount is Invalid.}, {code: LastTokenProcessing, describeen: The last token request is processing.}, {code: MissingParameter, describeen: The input parameter OwnerId,OwnerAccount that is mandatory for processing this request is not supplied.}, {code: RealNameAuthenticationError, describeen: Your account has not passed the real-name authentication yet.}, {code: UnsupportedHTTPMethod, describeen: This http method is not supported.},{code: InvalidDiskIds.Malformed, describeen: The amount of specified disk Ids exceeds the limit., describecn: 指定的 DiskId 格式不正确。}"/>
          </node>
          <node nodeName="404">
            <description value="{code: InvalidDiskId.NotFound, describeen: The specified DiskId does not exist.}, {code: InvalidImageId.NotFound, describeen: The specified ImageId does not exist.}, {code: InvalidInstanceId.NotFound, describeen: The specified InstanceId does not exist.}, {code: InvalidRegionId.NotFound, describeen: The specified RegionId does not exist.}, {code: InvalidSecurityGroupId.NotFound, describeen: The specified SecurityGroupId does not exist.}, {code: InvalidSnapshotId.NotFound, describeen: The specified SnapshotId does not exist.},{code: InvalidDiskChargeType.NotFound, describeen: The DiskChargeType does not exist., describecn: 指定的 DiskChargeType 不存在。}, {code: InvalidLockReason.NotFound, describeen: The specified LockReason is not found, describecn: 指定的 LockReason 不存在。}"/>
          </node>
          <node nodeName="409">
            <description value="{code: OperationConflict, describeen: Request was denied due to conflict with a previous request.}"/>
          </node>
          <node nodeName="500">
            <description value="{code: InternalError, describeen: The request processing has failed due to some unknown error, exception or failure.}"/>
          </node>
          <node nodeName="503">
            <description value="{code: ServiceUnavailable, describeen: The request has failed due to a temporary failure of the server.}, {code: ServiceUnavailable.RegionMaintaining, describeen: System maintenance is in progress on the selected region, please wait a few minutes before trying again.}"/>
          </node>
        </responses>
      </get>
      <parameter>
        <node nodeName="$ref" value="#/paths/&quot;/public&quot;/request/parameters"/>
      </parameter>
      <summary value="查询磁盘信息"/>
      <x-requestsample nodeType="array">
        <x-requestsample>
          <description value="&lt;pre class=&quot;prettyprint linenums prettyprinted&quot; style=&quot;&quot;&gt;&lt;ol class=&quot;linenums&quot;&gt;&lt;li class=&quot;L0&quot;&gt;&lt;code class=&quot;lang-shell&quot;&gt;&lt;span class=&quot;pln&quot;&gt;https&lt;/span&gt;&lt;span class=&quot;pun&quot;&gt;:&lt;/span&gt;&lt;span class=&quot;com&quot;&gt;//ecs.aliyuncs.com/?action=DescribeDisks&lt;/span&gt;&lt;/code&gt;&lt;/li&gt;&lt;li class=&quot;L1&quot;&gt;&lt;code class=&quot;lang-shell&quot;&gt;&lt;span class=&quot;pun&quot;&gt;&amp;amp;&lt;/span&gt;&lt;span class=&quot;typ&quot;&gt;RegionId&lt;/span&gt;&lt;span class=&quot;pun&quot;&gt;=&lt;/span&gt;&lt;span class=&quot;pln&quot;&gt;cn&lt;/span&gt;&lt;span class=&quot;pun&quot;&gt;-&lt;/span&gt;&lt;span class=&quot;pln&quot;&gt;qingdao&lt;/span&gt;&lt;/code&gt;&lt;/li&gt;&lt;li class=&quot;L2&quot;&gt;&lt;code class=&quot;lang-shell&quot;&gt;&lt;span class=&quot;pun&quot;&gt;&amp;amp;&lt;/span&gt;&lt;span class=&quot;typ&quot;&gt;PageNumber&lt;/span&gt;&lt;span class=&quot;pun&quot;&gt;=&lt;/span&gt;&lt;span class=&quot;lit&quot;&gt;1&lt;/span&gt;&lt;/code&gt;&lt;/li&gt;&lt;li class=&quot;L3&quot;&gt;&lt;code class=&quot;lang-shell&quot;&gt;&lt;span class=&quot;pun&quot;&gt;&amp;amp;&lt;/span&gt;&lt;span class=&quot;typ&quot;&gt;ZoneId&lt;/span&gt;&lt;span class=&quot;pun&quot;&gt;=&lt;/span&gt;&lt;span class=&quot;pln&quot;&gt;cn&lt;/span&gt;&lt;span class=&quot;pun&quot;&gt;-&lt;/span&gt;&lt;span class=&quot;pln&quot;&gt;qingdao&lt;/span&gt;&lt;span class=&quot;pun&quot;&gt;-&lt;/span&gt;&lt;span class=&quot;pln&quot;&gt;b&lt;/span&gt;&lt;/code&gt;&lt;/li&gt;&lt;li class=&quot;L4&quot;&gt;&lt;code class=&quot;lang-shell&quot;&gt;&lt;span class=&quot;pun&quot;&gt;&amp;amp;&amp;lt;公共请求参数&amp;gt;&lt;/span&gt;&lt;/code&gt;&lt;/li&gt;&lt;/ol&gt;&lt;/pre&gt;"/>
          <id value="1"/>
        </x-requestsample>
        <x-requestsample>
          <description value="&lt;pre class=&quot;prettyprint linenums prettyprinted&quot; style=&quot;&quot;&gt;&lt;ol class=&quot;linenums&quot;&gt;&lt;li class=&quot;L0&quot;&gt;&lt;code class=&quot;lang-shell&quot;&gt;&lt;span class=&quot;pln&quot;&gt;https&lt;/span&gt;&lt;span class=&quot;pun&quot;&gt;:&lt;/span&gt;&lt;span class=&quot;com&quot;&gt;//ecs.aliyuncs.com/?action=DescribeDisks&lt;/span&gt;&lt;/code&gt;&lt;/li&gt;&lt;li class=&quot;L1&quot;&gt;&lt;code class=&quot;lang-shell&quot;&gt;&lt;span class=&quot;pun&quot;&gt;&amp;amp;&lt;/span&gt;&lt;span class=&quot;typ&quot;&gt;RegionId&lt;/span&gt;&lt;span class=&quot;pun&quot;&gt;=&lt;/span&gt;&lt;span class=&quot;pln&quot;&gt;cn&lt;/span&gt;&lt;span class=&quot;pun&quot;&gt;-&lt;/span&gt;&lt;span class=&quot;pln&quot;&gt;qingdao&lt;/span&gt;&lt;/code&gt;&lt;/li&gt;&lt;li class=&quot;L2&quot;&gt;&lt;code class=&quot;lang-shell&quot;&gt;&lt;span class=&quot;pun&quot;&gt;&amp;amp;&lt;/span&gt;&lt;span class=&quot;typ&quot;&gt;PageNumber&lt;/span&gt;&lt;span class=&quot;pun&quot;&gt;=&lt;/span&gt;&lt;span class=&quot;lit&quot;&gt;1&lt;/span&gt;&lt;/code&gt;&lt;/li&gt;&lt;li class=&quot;L3&quot;&gt;&lt;code class=&quot;lang-shell&quot;&gt;&lt;span class=&quot;pun&quot;&gt;&amp;amp;&lt;/span&gt;&lt;span class=&quot;typ&quot;&gt;ZoneId&lt;/span&gt;&lt;span class=&quot;pun&quot;&gt;=&lt;/span&gt;&lt;span class=&quot;pln&quot;&gt;cn&lt;/span&gt;&lt;span class=&quot;pun&quot;&gt;-&lt;/span&gt;&lt;span class=&quot;pln&quot;&gt;qingdao&lt;/span&gt;&lt;span class=&quot;pun&quot;&gt;-&lt;/span&gt;&lt;span class=&quot;pln&quot;&gt;b&lt;/span&gt;&lt;/code&gt;&lt;/li&gt;&lt;li class=&quot;L4&quot;&gt;&lt;code class=&quot;lang-shell&quot;&gt;&lt;span class=&quot;pun&quot;&gt;&amp;amp;&amp;lt;公共请求参数&amp;gt;&lt;/span&gt;&lt;/code&gt;&lt;/li&gt;&lt;/ol&gt;&lt;/pre&gt;"/>
          <id value="2"/>
        </x-requestsample>
      </x-requestsample>
      <x-responsesample nodeType="array">
        <x-responsesample>
          <description value="&lt;pre class=&quot;prettyprint linenums prettyprinted&quot; style=&quot;&quot;&gt;&lt;ol class=&quot;linenums&quot;&gt;&lt;li class=&quot;L0&quot;&gt;&lt;code class=&quot;lang-xml&quot;&gt;&lt;span class=&quot;tag&quot;&gt;&amp;lt;DescribeDisksResponse&amp;gt;&lt;/span&gt;&lt;/code&gt;&lt;/li&gt;&lt;li class=&quot;L1&quot;&gt;&lt;code class=&quot;lang-xml&quot;&gt;&lt;span class=&quot;pln&quot;&gt;    &lt;/span&gt;&lt;span class=&quot;tag&quot;&gt;&amp;lt;Disks&amp;gt;&lt;/span&gt;&lt;/code&gt;&lt;/li&gt;&lt;li class=&quot;L2&quot;&gt;&lt;code class=&quot;lang-xml&quot;&gt;&lt;span class=&quot;pln&quot;&gt;        &lt;/span&gt;&lt;span class=&quot;tag&quot;&gt;&amp;lt;Disk&amp;gt;&lt;/span&gt;&lt;/code&gt;&lt;/li&gt;&lt;li class=&quot;L3&quot;&gt;&lt;code class=&quot;lang-xml&quot;&gt;&lt;span class=&quot;pln&quot;&gt;            &lt;/span&gt;&lt;span class=&quot;tag&quot;&gt;&amp;lt;DeleteAutoSnapshot&amp;gt;&lt;/span&gt;&lt;span class=&quot;pln&quot;&gt;true&lt;/span&gt;&lt;span class=&quot;tag&quot;&gt;&amp;lt;/DeleteAutoSnapshot&amp;gt;&lt;/span&gt;&lt;/code&gt;&lt;/li&gt;&lt;li class=&quot;L4&quot;&gt;&lt;code class=&quot;lang-xml&quot;&gt;&lt;span class=&quot;pln&quot;&gt;            &lt;/span&gt;&lt;span class=&quot;tag&quot;&gt;&amp;lt;DeleteWithInstance&amp;gt;&lt;/span&gt;&lt;span class=&quot;pln&quot;&gt;false&lt;/span&gt;&lt;span class=&quot;tag&quot;&gt;&amp;lt;/DeleteWithInstance&amp;gt;&lt;/span&gt;&lt;/code&gt;&lt;/li&gt;&lt;li class=&quot;L5&quot;&gt;&lt;code class=&quot;lang-xml&quot;&gt;&lt;span class=&quot;pln&quot;&gt;            &lt;/span&gt;&lt;span class=&quot;tag&quot;&gt;&amp;lt;EnableAutoSnapshot&amp;gt;&lt;/span&gt;&lt;span class=&quot;pln&quot;&gt;false&lt;/span&gt;&lt;span class=&quot;tag&quot;&gt;&amp;lt;/EnableAutoSnapshot&amp;gt;&lt;/span&gt;&lt;/code&gt;&lt;/li&gt;&lt;li class=&quot;L6&quot;&gt;&lt;code class=&quot;lang-xml&quot;&gt;&lt;span class=&quot;pln&quot;&gt;            &lt;/span&gt;&lt;span class=&quot;tag&quot;&gt;&amp;lt;Category&amp;gt;&lt;/span&gt;&lt;span class=&quot;pln&quot;&gt;cloud&lt;/span&gt;&lt;span class=&quot;tag&quot;&gt;&amp;lt;/Category&amp;gt;&lt;/span&gt;&lt;/code&gt;&lt;/li&gt;&lt;li class=&quot;L7&quot;&gt;&lt;code class=&quot;lang-xml&quot;&gt;&lt;span class=&quot;pln&quot;&gt;            &lt;/span&gt;&lt;span class=&quot;tag&quot;&gt;&amp;lt;Description&amp;gt;&amp;lt;/Description&amp;gt;&lt;/span&gt;&lt;/code&gt;&lt;/li&gt;&lt;li class=&quot;L8&quot;&gt;&lt;code class=&quot;lang-xml&quot;&gt;&lt;span class=&quot;pln&quot;&gt;            &lt;/span&gt;&lt;span class=&quot;tag&quot;&gt;&amp;lt;DiskName&amp;gt;&amp;lt;/DiskName&amp;gt;&lt;/span&gt;&lt;/code&gt;&lt;/li&gt;&lt;li class=&quot;L9&quot;&gt;&lt;code class=&quot;lang-xml&quot;&gt;&lt;span class=&quot;pln&quot;&gt;            &lt;/span&gt;&lt;span class=&quot;tag&quot;&gt;&amp;lt;Size&amp;gt;&lt;/span&gt;&lt;span class=&quot;pln&quot;&gt;5&lt;/span&gt;&lt;span class=&quot;tag&quot;&gt;&amp;lt;/Size&amp;gt;&lt;/span&gt;&lt;/code&gt;&lt;/li&gt;&lt;li class=&quot;L0&quot;&gt;&lt;code class=&quot;lang-xml&quot;&gt;&lt;span class=&quot;pln&quot;&gt;            &lt;/span&gt;&lt;span class=&quot;tag&quot;&gt;&amp;lt;Type&amp;gt;&lt;/span&gt;&lt;span class=&quot;pln&quot;&gt;data&lt;/span&gt;&lt;span class=&quot;tag&quot;&gt;&amp;lt;/Type&amp;gt;&lt;/span&gt;&lt;/code&gt;&lt;/li&gt;&lt;li class=&quot;L1&quot;&gt;&lt;code class=&quot;lang-xml&quot;&gt;&lt;span class=&quot;pln&quot;&gt;            &lt;/span&gt;&lt;span class=&quot;tag&quot;&gt;&amp;lt;InstanceId&amp;gt;&amp;lt;/InstanceId&amp;gt;&lt;/span&gt;&lt;/code&gt;&lt;/li&gt;&lt;li class=&quot;L2&quot;&gt;&lt;code class=&quot;lang-xml&quot;&gt;&lt;span class=&quot;pln&quot;&gt;            &lt;/span&gt;&lt;span class=&quot;tag&quot;&gt;&amp;lt;CreationTime&amp;gt;&lt;/span&gt;&lt;span class=&quot;pln&quot;&gt;2014-07-23T02:44:07Z&lt;/span&gt;&lt;span class=&quot;tag&quot;&gt;&amp;lt;/CreationTime&amp;gt;&lt;/span&gt;&lt;/code&gt;&lt;/li&gt;&lt;li class=&quot;L3&quot;&gt;&lt;code class=&quot;lang-xml&quot;&gt;&lt;span class=&quot;pln&quot;&gt;            &lt;/span&gt;&lt;span class=&quot;tag&quot;&gt;&amp;lt;ImageId&amp;gt;&amp;lt;/ImageId&amp;gt;&lt;/span&gt;&lt;/code&gt;&lt;/li&gt;&lt;li class=&quot;L4&quot;&gt;&lt;code class=&quot;lang-xml&quot;&gt;&lt;span class=&quot;pln&quot;&gt;            &lt;/span&gt;&lt;span class=&quot;tag&quot;&gt;&amp;lt;ZoneId&amp;gt;&lt;/span&gt;&lt;span class=&quot;pln&quot;&gt;cn-qingdao-b&lt;/span&gt;&lt;span class=&quot;tag&quot;&gt;&amp;lt;/ZoneId&amp;gt;&lt;/span&gt;&lt;/code&gt;&lt;/li&gt;&lt;li class=&quot;L5&quot;&gt;&lt;code class=&quot;lang-xml&quot;&gt;&lt;span class=&quot;pln&quot;&gt;            &lt;/span&gt;&lt;span class=&quot;tag&quot;&gt;&amp;lt;AttachedTime&amp;gt;&lt;/span&gt;&lt;span class=&quot;pln&quot;&gt;2014-07-23T07:47:35Z&lt;/span&gt;&lt;span class=&quot;tag&quot;&gt;&amp;lt;/AttachedTime&amp;gt;&lt;/span&gt;&lt;/code&gt;&lt;/li&gt;&lt;li class=&quot;L6&quot;&gt;&lt;code class=&quot;lang-xml&quot;&gt;&lt;span class=&quot;pln&quot;&gt;            &lt;/span&gt;&lt;span class=&quot;tag&quot;&gt;&amp;lt;DetachedTime&amp;gt;&lt;/span&gt;&lt;span class=&quot;pln&quot;&gt;2014-07-23T08:28:48Z&lt;/span&gt;&lt;span class=&quot;tag&quot;&gt;&amp;lt;/DetachedTime&amp;gt;&lt;/span&gt;&lt;/code&gt;&lt;/li&gt;&lt;li class=&quot;L7&quot;&gt;&lt;code class=&quot;lang-xml&quot;&gt;&lt;span class=&quot;pln&quot;&gt;            &lt;/span&gt;&lt;span class=&quot;tag&quot;&gt;&amp;lt;Device&amp;gt;&amp;lt;/Device&amp;gt;&lt;/span&gt;&lt;/code&gt;&lt;/li&gt;&lt;li class=&quot;L8&quot;&gt;&lt;code class=&quot;lang-xml&quot;&gt;&lt;span class=&quot;pln&quot;&gt;            &lt;/span&gt;&lt;span class=&quot;tag&quot;&gt;&amp;lt;OperationLocks&amp;gt;&amp;lt;/OperationLocks&amp;gt;&lt;/span&gt;&lt;/code&gt;&lt;/li&gt;&lt;li class=&quot;L9&quot;&gt;&lt;code class=&quot;lang-xml&quot;&gt;&lt;span class=&quot;pln&quot;&gt;            &lt;/span&gt;&lt;span class=&quot;tag&quot;&gt;&amp;lt;Portable&amp;gt;&lt;/span&gt;&lt;span class=&quot;pln&quot;&gt;true&lt;/span&gt;&lt;span class=&quot;tag&quot;&gt;&amp;lt;/Portable&amp;gt;&lt;/span&gt;&lt;/code&gt;&lt;/li&gt;&lt;li class=&quot;L0&quot;&gt;&lt;code class=&quot;lang-xml&quot;&gt;&lt;span class=&quot;pln&quot;&gt;            &lt;/span&gt;&lt;span class=&quot;tag&quot;&gt;&amp;lt;ProductCode&amp;gt;&amp;lt;/ProductCode&amp;gt;&lt;/span&gt;&lt;/code&gt;&lt;/li&gt;&lt;li class=&quot;L1&quot;&gt;&lt;code class=&quot;lang-xml&quot;&gt;&lt;span class=&quot;pln&quot;&gt;            &lt;/span&gt;&lt;span class=&quot;tag&quot;&gt;&amp;lt;RegionId&amp;gt;&lt;/span&gt;&lt;span class=&quot;pln&quot;&gt;cn-qingdao&lt;/span&gt;&lt;span class=&quot;tag&quot;&gt;&amp;lt;/RegionId&amp;gt;&lt;/span&gt;&lt;/code&gt;&lt;/li&gt;&lt;li class=&quot;L2&quot;&gt;&lt;code class=&quot;lang-xml&quot;&gt;&lt;span class=&quot;pln&quot;&gt;            &lt;/span&gt;&lt;span class=&quot;tag&quot;&gt;&amp;lt;DiskId&amp;gt;&lt;/span&gt;&lt;span class=&quot;pln&quot;&gt;d-28m5zbua0&lt;/span&gt;&lt;span class=&quot;tag&quot;&gt;&amp;lt;/DiskId&amp;gt;&lt;/span&gt;&lt;/code&gt;&lt;/li&gt;&lt;li class=&quot;L3&quot;&gt;&lt;code class=&quot;lang-xml&quot;&gt;&lt;span class=&quot;pln&quot;&gt;            &lt;/span&gt;&lt;span class=&quot;tag&quot;&gt;&amp;lt;SourceSnapshotId&amp;gt;&amp;lt;/SourceSnapshotId&amp;gt;&lt;/span&gt;&lt;/code&gt;&lt;/li&gt;&lt;li class=&quot;L4&quot;&gt;&lt;code class=&quot;lang-xml&quot;&gt;&lt;span class=&quot;pln&quot;&gt;            &lt;/span&gt;&lt;span class=&quot;tag&quot;&gt;&amp;lt;Status&amp;gt;&lt;/span&gt;&lt;span class=&quot;pln&quot;&gt;Available&lt;/span&gt;&lt;span class=&quot;tag&quot;&gt;&amp;lt;/Status&amp;gt;&lt;/span&gt;&lt;/code&gt;&lt;/li&gt;&lt;li class=&quot;L5&quot;&gt;&lt;code class=&quot;lang-xml&quot;&gt;&lt;span class=&quot;pln&quot;&gt;        &lt;/span&gt;&lt;span class=&quot;tag&quot;&gt;&amp;lt;/Disk&amp;gt;&lt;/span&gt;&lt;/code&gt;&lt;/li&gt;&lt;li class=&quot;L6&quot;&gt;&lt;code class=&quot;lang-xml&quot;&gt;&lt;span class=&quot;pln&quot;&gt;        &lt;/span&gt;&lt;span class=&quot;tag&quot;&gt;&amp;lt;Disk&amp;gt;&lt;/span&gt;&lt;/code&gt;&lt;/li&gt;&lt;li class=&quot;L7&quot;&gt;&lt;code class=&quot;lang-xml&quot;&gt;&lt;span class=&quot;pln&quot;&gt;            &lt;/span&gt;&lt;span class=&quot;tag&quot;&gt;&amp;lt;DeleteAutoSnapshot&amp;gt;&lt;/span&gt;&lt;span class=&quot;pln&quot;&gt;true&lt;/span&gt;&lt;span class=&quot;tag&quot;&gt;&amp;lt;/DeleteAutoSnapshot&amp;gt;&lt;/span&gt;&lt;/code&gt;&lt;/li&gt;&lt;li class=&quot;L8&quot;&gt;&lt;code class=&quot;lang-xml&quot;&gt;&lt;span class=&quot;pln&quot;&gt;            &lt;/span&gt;&lt;span class=&quot;tag&quot;&gt;&amp;lt;DeleteWithInstance&amp;gt;&lt;/span&gt;&lt;span class=&quot;pln&quot;&gt;false&lt;/span&gt;&lt;span class=&quot;tag&quot;&gt;&amp;lt;/DeleteWithInstance&amp;gt;&lt;/span&gt;&lt;/code&gt;&lt;/li&gt;&lt;li class=&quot;L9&quot;&gt;&lt;code class=&quot;lang-xml&quot;&gt;&lt;span class=&quot;pln&quot;&gt;            &lt;/span&gt;&lt;span class=&quot;tag&quot;&gt;&amp;lt;EnableAutoSnapshot&amp;gt;&lt;/span&gt;&lt;span class=&quot;pln&quot;&gt;false&lt;/span&gt;&lt;span class=&quot;tag&quot;&gt;&amp;lt;/EnableAutoSnapshot&amp;gt;&lt;/span&gt;&lt;/code&gt;&lt;/li&gt;&lt;li class=&quot;L0&quot;&gt;&lt;code class=&quot;lang-xml&quot;&gt;&lt;span class=&quot;pln&quot;&gt;            &lt;/span&gt;&lt;span class=&quot;tag&quot;&gt;&amp;lt;Category&amp;gt;&lt;/span&gt;&lt;span class=&quot;pln&quot;&gt;cloud&lt;/span&gt;&lt;span class=&quot;tag&quot;&gt;&amp;lt;/Category&amp;gt;&lt;/span&gt;&lt;/code&gt;&lt;/li&gt;&lt;li class=&quot;L1&quot;&gt;&lt;code class=&quot;lang-xml&quot;&gt;&lt;span class=&quot;pln&quot;&gt;            &lt;/span&gt;&lt;span class=&quot;tag&quot;&gt;&amp;lt;Description&amp;gt;&amp;lt;/Description&amp;gt;&lt;/span&gt;&lt;/code&gt;&lt;/li&gt;&lt;li class=&quot;L2&quot;&gt;&lt;code class=&quot;lang-xml&quot;&gt;&lt;span class=&quot;pln&quot;&gt;            &lt;/span&gt;&lt;span class=&quot;tag&quot;&gt;&amp;lt;DiskName&amp;gt;&amp;lt;/DiskName&amp;gt;&lt;/span&gt;&lt;/code&gt;&lt;/li&gt;&lt;li class=&quot;L3&quot;&gt;&lt;code class=&quot;lang-xml&quot;&gt;&lt;span class=&quot;pln&quot;&gt;            &lt;/span&gt;&lt;span class=&quot;tag&quot;&gt;&amp;lt;Size&amp;gt;&lt;/span&gt;&lt;span class=&quot;pln&quot;&gt;5&lt;/span&gt;&lt;span class=&quot;tag&quot;&gt;&amp;lt;/Size&amp;gt;&lt;/span&gt;&lt;/code&gt;&lt;/li&gt;&lt;li class=&quot;L4&quot;&gt;&lt;code class=&quot;lang-xml&quot;&gt;&lt;span class=&quot;pln&quot;&gt;            &lt;/span&gt;&lt;span class=&quot;tag&quot;&gt;&amp;lt;Type&amp;gt;&lt;/span&gt;&lt;span class=&quot;pln&quot;&gt;data&lt;/span&gt;&lt;span class=&quot;tag&quot;&gt;&amp;lt;/Type&amp;gt;&lt;/span&gt;&lt;/code&gt;&lt;/li&gt;&lt;li class=&quot;L5&quot;&gt;&lt;code class=&quot;lang-xml&quot;&gt;&lt;span class=&quot;pln&quot;&gt;            &lt;/span&gt;&lt;span class=&quot;tag&quot;&gt;&amp;lt;InstanceId&amp;gt;&amp;lt;/InstanceId&amp;gt;&lt;/span&gt;&lt;/code&gt;&lt;/li&gt;&lt;li class=&quot;L6&quot;&gt;&lt;code class=&quot;lang-xml&quot;&gt;&lt;span class=&quot;pln&quot;&gt;            &lt;/span&gt;&lt;span class=&quot;tag&quot;&gt;&amp;lt;CreationTime&amp;gt;&lt;/span&gt;&lt;span class=&quot;pln&quot;&gt;2014-07-23T02:44:06Z&lt;/span&gt;&lt;span class=&quot;tag&quot;&gt;&amp;lt;/CreationTime&amp;gt;&lt;/span&gt;&lt;/code&gt;&lt;/li&gt;&lt;li class=&quot;L7&quot;&gt;&lt;code class=&quot;lang-xml&quot;&gt;&lt;span class=&quot;pln&quot;&gt;            &lt;/span&gt;&lt;span class=&quot;tag&quot;&gt;&amp;lt;ImageId&amp;gt;&amp;lt;/ImageId&amp;gt;&lt;/span&gt;&lt;/code&gt;&lt;/li&gt;&lt;li class=&quot;L8&quot;&gt;&lt;code class=&quot;lang-xml&quot;&gt;&lt;span class=&quot;pln&quot;&gt;            &lt;/span&gt;&lt;span class=&quot;tag&quot;&gt;&amp;lt;ZoneId&amp;gt;&lt;/span&gt;&lt;span class=&quot;pln&quot;&gt;cn-qingdao-b&lt;/span&gt;&lt;span class=&quot;tag&quot;&gt;&amp;lt;/ZoneId&amp;gt;&lt;/span&gt;&lt;/code&gt;&lt;/li&gt;&lt;li class=&quot;L9&quot;&gt;&lt;code class=&quot;lang-xml&quot;&gt;&lt;span class=&quot;pln&quot;&gt;            &lt;/span&gt;&lt;span class=&quot;tag&quot;&gt;&amp;lt;AttachedTime&amp;gt;&amp;lt;/AttachedTime&amp;gt;&lt;/span&gt;&lt;/code&gt;&lt;/li&gt;&lt;li class=&quot;L0&quot;&gt;&lt;code class=&quot;lang-xml&quot;&gt;&lt;span class=&quot;pln&quot;&gt;            &lt;/span&gt;&lt;span class=&quot;tag&quot;&gt;&amp;lt;DetachedTime&amp;gt;&amp;lt;/DetachedTime&amp;gt;&lt;/span&gt;&lt;/code&gt;&lt;/li&gt;&lt;li class=&quot;L1&quot;&gt;&lt;code class=&quot;lang-xml&quot;&gt;&lt;span class=&quot;pln&quot;&gt;            &lt;/span&gt;&lt;span class=&quot;tag&quot;&gt;&amp;lt;Device&amp;gt;&amp;lt;/Device&amp;gt;&lt;/span&gt;&lt;/code&gt;&lt;/li&gt;&lt;li class=&quot;L2&quot;&gt;&lt;code class=&quot;lang-xml&quot;&gt;&lt;span class=&quot;pln&quot;&gt;            &lt;/span&gt;&lt;span class=&quot;tag&quot;&gt;&amp;lt;OperationLocks&amp;gt;&amp;lt;/OperationLocks&amp;gt;&lt;/span&gt;&lt;/code&gt;&lt;/li&gt;&lt;li class=&quot;L3&quot;&gt;&lt;code class=&quot;lang-xml&quot;&gt;&lt;span class=&quot;pln&quot;&gt;            &lt;/span&gt;&lt;span class=&quot;tag&quot;&gt;&amp;lt;Portable&amp;gt;&lt;/span&gt;&lt;span class=&quot;pln&quot;&gt;true&lt;/span&gt;&lt;span class=&quot;tag&quot;&gt;&amp;lt;/Portable&amp;gt;&lt;/span&gt;&lt;/code&gt;&lt;/li&gt;&lt;li class=&quot;L4&quot;&gt;&lt;code class=&quot;lang-xml&quot;&gt;&lt;span class=&quot;pln&quot;&gt;            &lt;/span&gt;&lt;span class=&quot;tag&quot;&gt;&amp;lt;ProductCode&amp;gt;&amp;lt;/ProductCode&amp;gt;&lt;/span&gt;&lt;/code&gt;&lt;/li&gt;&lt;li class=&quot;L5&quot;&gt;&lt;code class=&quot;lang-xml&quot;&gt;&lt;span class=&quot;pln&quot;&gt;            &lt;/span&gt;&lt;span class=&quot;tag&quot;&gt;&amp;lt;RegionId&amp;gt;&lt;/span&gt;&lt;span class=&quot;pln&quot;&gt;cn-qingdao&lt;/span&gt;&lt;span class=&quot;tag&quot;&gt;&amp;lt;/RegionId&amp;gt;&lt;/span&gt;&lt;/code&gt;&lt;/li&gt;&lt;li class=&quot;L6&quot;&gt;&lt;code class=&quot;lang-xml&quot;&gt;&lt;span class=&quot;pln&quot;&gt;            &lt;/span&gt;&lt;span class=&quot;tag&quot;&gt;&amp;lt;DiskId&amp;gt;&lt;/span&gt;&lt;span class=&quot;pln&quot;&gt;d-28zfrmo13&lt;/span&gt;&lt;span class=&quot;tag&quot;&gt;&amp;lt;/DiskId&amp;gt;&lt;/span&gt;&lt;/code&gt;&lt;/li&gt;&lt;li class=&quot;L7&quot;&gt;&lt;code class=&quot;lang-xml&quot;&gt;&lt;span class=&quot;pln&quot;&gt;            &lt;/span&gt;&lt;span class=&quot;tag&quot;&gt;&amp;lt;SourceSnapshotId&amp;gt;&amp;lt;/SourceSnapshotId&amp;gt;&lt;/span&gt;&lt;/code&gt;&lt;/li&gt;&lt;li class=&quot;L8&quot;&gt;&lt;code class=&quot;lang-xml&quot;&gt;&lt;span class=&quot;pln&quot;&gt;            &lt;/span&gt;&lt;span class=&quot;tag&quot;&gt;&amp;lt;Status&amp;gt;&lt;/span&gt;&lt;span class=&quot;pln&quot;&gt;Available&lt;/span&gt;&lt;span class=&quot;tag&quot;&gt;&amp;lt;/Status&amp;gt;&lt;/span&gt;&lt;/code&gt;&lt;/li&gt;&lt;li class=&quot;L9&quot;&gt;&lt;code class=&quot;lang-xml&quot;&gt;&lt;span class=&quot;pln&quot;&gt;        &lt;/span&gt;&lt;span class=&quot;tag&quot;&gt;&amp;lt;/Disk&amp;gt;&lt;/span&gt;&lt;/code&gt;&lt;/li&gt;&lt;li class=&quot;L0&quot;&gt;&lt;code class=&quot;lang-xml&quot;&gt;&lt;span class=&quot;pln&quot;&gt;    &lt;/span&gt;&lt;span class=&quot;tag&quot;&gt;&amp;lt;/Disks&amp;gt;&lt;/span&gt;&lt;/code&gt;&lt;/li&gt;&lt;li class=&quot;L1&quot;&gt;&lt;code class=&quot;lang-xml&quot;&gt;&lt;span class=&quot;pln&quot;&gt;    &lt;/span&gt;&lt;span class=&quot;tag&quot;&gt;&amp;lt;PageNumber&amp;gt;&lt;/span&gt;&lt;span class=&quot;pln&quot;&gt;1&lt;/span&gt;&lt;span class=&quot;tag&quot;&gt;&amp;lt;/PageNumber&amp;gt;&lt;/span&gt;&lt;/code&gt;&lt;/li&gt;&lt;li class=&quot;L2&quot;&gt;&lt;code class=&quot;lang-xml&quot;&gt;&lt;span class=&quot;pln&quot;&gt;    &lt;/span&gt;&lt;span class=&quot;tag&quot;&gt;&amp;lt;PageSize&amp;gt;&lt;/span&gt;&lt;span class=&quot;pln&quot;&gt;2&lt;/span&gt;&lt;span class=&quot;tag&quot;&gt;&amp;lt;/PageSize&amp;gt;&lt;/span&gt;&lt;/code&gt;&lt;/li&gt;&lt;li class=&quot;L3&quot;&gt;&lt;code class=&quot;lang-xml&quot;&gt;&lt;span class=&quot;pln&quot;&gt;    &lt;/span&gt;&lt;span class=&quot;tag&quot;&gt;&amp;lt;TotalCount&amp;gt;&lt;/span&gt;&lt;span class=&quot;pln&quot;&gt;9&lt;/span&gt;&lt;span class=&quot;tag&quot;&gt;&amp;lt;/TotalCount&amp;gt;&lt;/span&gt;&lt;/code&gt;&lt;/li&gt;&lt;li class=&quot;L4&quot;&gt;&lt;code class=&quot;lang-xml&quot;&gt;&lt;span class=&quot;pln&quot;&gt;    &lt;/span&gt;&lt;span class=&quot;tag&quot;&gt;&amp;lt;RequestId&amp;gt;&lt;/span&gt;&lt;span class=&quot;pln&quot;&gt;ED5CF6DD-71CA-462C-9C94-A61A78A01479&lt;/span&gt;&lt;span class=&quot;tag&quot;&gt;&amp;lt;/RequestId&amp;gt;&lt;/span&gt;&lt;/code&gt;&lt;/li&gt;&lt;li class=&quot;L5&quot;&gt;&lt;code class=&quot;lang-xml&quot;&gt;&lt;span class=&quot;tag&quot;&gt;&amp;lt;/DescribeDisksResponse&amp;gt;&lt;/span&gt;&lt;/code&gt;&lt;/li&gt;&lt;/ol&gt;&lt;/pre&gt;"/>
          <id value="1"/>
          <note value="XML格式"/>
        </x-responsesample>
        <x-responsesample>
          <description value="&lt;pre class=&quot;prettyprint linenums prettyprinted&quot; style=&quot;&quot;&gt;&lt;ol class=&quot;linenums&quot;&gt;&lt;li class=&quot;L0&quot;&gt;&lt;code class=&quot;lang-json&quot;&gt;&lt;span class=&quot;pun&quot;&gt;{&lt;/span&gt;&lt;/code&gt;&lt;/li&gt;&lt;li class=&quot;L1&quot;&gt;&lt;code class=&quot;lang-json&quot;&gt;&lt;span class=&quot;pln&quot;&gt;  &lt;/span&gt;&lt;span class=&quot;str&quot;&gt;&quot;Disks&quot;&lt;/span&gt;&lt;span class=&quot;pun&quot;&gt;:&lt;/span&gt;&lt;span class=&quot;pln&quot;&gt; &lt;/span&gt;&lt;span class=&quot;pun&quot;&gt;{&lt;/span&gt;&lt;/code&gt;&lt;/li&gt;&lt;li class=&quot;L2&quot;&gt;&lt;code class=&quot;lang-json&quot;&gt;&lt;span class=&quot;pln&quot;&gt;    &lt;/span&gt;&lt;span class=&quot;str&quot;&gt;&quot;Disk&quot;&lt;/span&gt;&lt;span class=&quot;pun&quot;&gt;:&lt;/span&gt;&lt;span class=&quot;pln&quot;&gt; &lt;/span&gt;&lt;span class=&quot;pun&quot;&gt;[&lt;/span&gt;&lt;/code&gt;&lt;/li&gt;&lt;li class=&quot;L3&quot;&gt;&lt;code class=&quot;lang-json&quot;&gt;&lt;span class=&quot;pln&quot;&gt;      &lt;/span&gt;&lt;span class=&quot;pun&quot;&gt;{&lt;/span&gt;&lt;/code&gt;&lt;/li&gt;&lt;li class=&quot;L4&quot;&gt;&lt;code class=&quot;lang-json&quot;&gt;&lt;span class=&quot;pln&quot;&gt;        &lt;/span&gt;&lt;span class=&quot;str&quot;&gt;&quot;AttachedTime&quot;&lt;/span&gt;&lt;span class=&quot;pun&quot;&gt;:&lt;/span&gt;&lt;span class=&quot;pln&quot;&gt; &lt;/span&gt;&lt;span class=&quot;str&quot;&gt;&quot;2014-07-23T07:47:35Z&quot;&lt;/span&gt;&lt;span class=&quot;pun&quot;&gt;,&lt;/span&gt;&lt;/code&gt;&lt;/li&gt;&lt;li class=&quot;L5&quot;&gt;&lt;code class=&quot;lang-json&quot;&gt;&lt;span class=&quot;pln&quot;&gt;        &lt;/span&gt;&lt;span class=&quot;str&quot;&gt;&quot;Category&quot;&lt;/span&gt;&lt;span class=&quot;pun&quot;&gt;:&lt;/span&gt;&lt;span class=&quot;pln&quot;&gt; &lt;/span&gt;&lt;span class=&quot;str&quot;&gt;&quot;cloud&quot;&lt;/span&gt;&lt;span class=&quot;pun&quot;&gt;,&lt;/span&gt;&lt;/code&gt;&lt;/li&gt;&lt;li class=&quot;L6&quot;&gt;&lt;code class=&quot;lang-json&quot;&gt;&lt;span class=&quot;pln&quot;&gt;        &lt;/span&gt;&lt;span class=&quot;str&quot;&gt;&quot;CreationTime&quot;&lt;/span&gt;&lt;span class=&quot;pun&quot;&gt;:&lt;/span&gt;&lt;span class=&quot;pln&quot;&gt; &lt;/span&gt;&lt;span class=&quot;str&quot;&gt;&quot;2014-07-23T02:44:07Z&quot;&lt;/span&gt;&lt;span class=&quot;pun&quot;&gt;,&lt;/span&gt;&lt;/code&gt;&lt;/li&gt;&lt;li class=&quot;L7&quot;&gt;&lt;code class=&quot;lang-json&quot;&gt;&lt;span class=&quot;pln&quot;&gt;        &lt;/span&gt;&lt;span class=&quot;str&quot;&gt;&quot;DeleteAutoSnapshot&quot;&lt;/span&gt;&lt;span class=&quot;pun&quot;&gt;:&lt;/span&gt;&lt;span class=&quot;pln&quot;&gt; &lt;/span&gt;&lt;span class=&quot;kwd&quot;&gt;true&lt;/span&gt;&lt;span class=&quot;pun&quot;&gt;,&lt;/span&gt;&lt;/code&gt;&lt;/li&gt;&lt;li class=&quot;L8&quot;&gt;&lt;code class=&quot;lang-json&quot;&gt;&lt;span class=&quot;pln&quot;&gt;        &lt;/span&gt;&lt;span class=&quot;str&quot;&gt;&quot;DeleteWithInstance&quot;&lt;/span&gt;&lt;span class=&quot;pun&quot;&gt;:&lt;/span&gt;&lt;span class=&quot;pln&quot;&gt; &lt;/span&gt;&lt;span class=&quot;kwd&quot;&gt;false&lt;/span&gt;&lt;span class=&quot;pun&quot;&gt;,&lt;/span&gt;&lt;/code&gt;&lt;/li&gt;&lt;li class=&quot;L9&quot;&gt;&lt;code class=&quot;lang-json&quot;&gt;&lt;span class=&quot;pln&quot;&gt;        &lt;/span&gt;&lt;span class=&quot;str&quot;&gt;&quot;EnableAutoSnapshot&quot;&lt;/span&gt;&lt;span class=&quot;pun&quot;&gt;:&lt;/span&gt;&lt;span class=&quot;pln&quot;&gt; &lt;/span&gt;&lt;span class=&quot;kwd&quot;&gt;false&lt;/span&gt;&lt;/code&gt;&lt;/li&gt;&lt;li class=&quot;L0&quot;&gt;&lt;code class=&quot;lang-json&quot;&gt;&lt;span class=&quot;pln&quot;&gt;        &lt;/span&gt;&lt;span class=&quot;str&quot;&gt;&quot;Description&quot;&lt;/span&gt;&lt;span class=&quot;pun&quot;&gt;:&lt;/span&gt;&lt;span class=&quot;pln&quot;&gt; &lt;/span&gt;&lt;span class=&quot;str&quot;&gt;&quot;&quot;&lt;/span&gt;&lt;span class=&quot;pun&quot;&gt;,&lt;/span&gt;&lt;/code&gt;&lt;/li&gt;&lt;li class=&quot;L1&quot;&gt;&lt;code class=&quot;lang-json&quot;&gt;&lt;span class=&quot;pln&quot;&gt;        &lt;/span&gt;&lt;span class=&quot;str&quot;&gt;&quot;DetachedTime&quot;&lt;/span&gt;&lt;span class=&quot;pun&quot;&gt;:&lt;/span&gt;&lt;span class=&quot;pln&quot;&gt; &lt;/span&gt;&lt;span class=&quot;str&quot;&gt;&quot;2014-07-23T08:28:48Z&quot;&lt;/span&gt;&lt;span class=&quot;pun&quot;&gt;,&lt;/span&gt;&lt;/code&gt;&lt;/li&gt;&lt;li class=&quot;L2&quot;&gt;&lt;code class=&quot;lang-json&quot;&gt;&lt;span class=&quot;pln&quot;&gt;        &lt;/span&gt;&lt;span class=&quot;str&quot;&gt;&quot;Device&quot;&lt;/span&gt;&lt;span class=&quot;pun&quot;&gt;:&lt;/span&gt;&lt;span class=&quot;pln&quot;&gt; &lt;/span&gt;&lt;span class=&quot;str&quot;&gt;&quot;&quot;&lt;/span&gt;&lt;span class=&quot;pun&quot;&gt;,&lt;/span&gt;&lt;/code&gt;&lt;/li&gt;&lt;li class=&quot;L3&quot;&gt;&lt;code class=&quot;lang-json&quot;&gt;&lt;span class=&quot;pln&quot;&gt;        &lt;/span&gt;&lt;span class=&quot;str&quot;&gt;&quot;DiskId&quot;&lt;/span&gt;&lt;span class=&quot;pun&quot;&gt;:&lt;/span&gt;&lt;span class=&quot;pln&quot;&gt; &lt;/span&gt;&lt;span class=&quot;str&quot;&gt;&quot;d-28m5zbua0&quot;&lt;/span&gt;&lt;span class=&quot;pun&quot;&gt;,&lt;/span&gt;&lt;/code&gt;&lt;/li&gt;&lt;li class=&quot;L4&quot;&gt;&lt;code class=&quot;lang-json&quot;&gt;&lt;span class=&quot;pln&quot;&gt;        &lt;/span&gt;&lt;span class=&quot;str&quot;&gt;&quot;DiskName&quot;&lt;/span&gt;&lt;span class=&quot;pun&quot;&gt;:&lt;/span&gt;&lt;span class=&quot;pln&quot;&gt; &lt;/span&gt;&lt;span class=&quot;str&quot;&gt;&quot;&quot;&lt;/span&gt;&lt;span class=&quot;pun&quot;&gt;,&lt;/span&gt;&lt;/code&gt;&lt;/li&gt;&lt;li class=&quot;L5&quot;&gt;&lt;code class=&quot;lang-json&quot;&gt;&lt;span class=&quot;pln&quot;&gt;        &lt;/span&gt;&lt;span class=&quot;str&quot;&gt;&quot;ImageId&quot;&lt;/span&gt;&lt;span class=&quot;pun&quot;&gt;:&lt;/span&gt;&lt;span class=&quot;pln&quot;&gt; &lt;/span&gt;&lt;span class=&quot;str&quot;&gt;&quot;&quot;&lt;/span&gt;&lt;span class=&quot;pun&quot;&gt;,&lt;/span&gt;&lt;/code&gt;&lt;/li&gt;&lt;li class=&quot;L6&quot;&gt;&lt;code class=&quot;lang-json&quot;&gt;&lt;span class=&quot;pln&quot;&gt;        &lt;/span&gt;&lt;span class=&quot;str&quot;&gt;&quot;InstanceId&quot;&lt;/span&gt;&lt;span class=&quot;pun&quot;&gt;:&lt;/span&gt;&lt;span class=&quot;pln&quot;&gt; &lt;/span&gt;&lt;span class=&quot;str&quot;&gt;&quot;&quot;&lt;/span&gt;&lt;span class=&quot;pun&quot;&gt;,&lt;/span&gt;&lt;/code&gt;&lt;/li&gt;&lt;li class=&quot;L7&quot;&gt;&lt;code class=&quot;lang-json&quot;&gt;&lt;span class=&quot;pln&quot;&gt;        &lt;/span&gt;&lt;span class=&quot;str&quot;&gt;&quot;OperationLocks&quot;&lt;/span&gt;&lt;span class=&quot;pun&quot;&gt;:&lt;/span&gt;&lt;span class=&quot;pln&quot;&gt; &lt;/span&gt;&lt;span class=&quot;pun&quot;&gt;{&lt;/span&gt;&lt;/code&gt;&lt;/li&gt;&lt;li class=&quot;L8&quot;&gt;&lt;code class=&quot;lang-json&quot;&gt;&lt;span class=&quot;pln&quot;&gt;            &lt;/span&gt;&lt;span class=&quot;str&quot;&gt;&quot;OperationLock&quot;&lt;/span&gt;&lt;span class=&quot;pun&quot;&gt;:&lt;/span&gt;&lt;span class=&quot;pln&quot;&gt; &lt;/span&gt;&lt;span class=&quot;pun&quot;&gt;[]&lt;/span&gt;&lt;/code&gt;&lt;/li&gt;&lt;li class=&quot;L9&quot;&gt;&lt;code class=&quot;lang-json&quot;&gt;&lt;span class=&quot;pln&quot;&gt;        &lt;/span&gt;&lt;span class=&quot;pun&quot;&gt;},&lt;/span&gt;&lt;/code&gt;&lt;/li&gt;&lt;li class=&quot;L0&quot;&gt;&lt;code class=&quot;lang-json&quot;&gt;&lt;span class=&quot;pln&quot;&gt;        &lt;/span&gt;&lt;span class=&quot;str&quot;&gt;&quot;Portable&quot;&lt;/span&gt;&lt;span class=&quot;pun&quot;&gt;:&lt;/span&gt;&lt;span class=&quot;pln&quot;&gt; &lt;/span&gt;&lt;span class=&quot;kwd&quot;&gt;true&lt;/span&gt;&lt;span class=&quot;pun&quot;&gt;,&lt;/span&gt;&lt;/code&gt;&lt;/li&gt;&lt;li class=&quot;L1&quot;&gt;&lt;code class=&quot;lang-json&quot;&gt;&lt;span class=&quot;pln&quot;&gt;        &lt;/span&gt;&lt;span class=&quot;str&quot;&gt;&quot;ProductCode&quot;&lt;/span&gt;&lt;span class=&quot;pun&quot;&gt;:&lt;/span&gt;&lt;span class=&quot;pln&quot;&gt; &lt;/span&gt;&lt;span class=&quot;str&quot;&gt;&quot;&quot;&lt;/span&gt;&lt;span class=&quot;pun&quot;&gt;,&lt;/span&gt;&lt;/code&gt;&lt;/li&gt;&lt;li class=&quot;L2&quot;&gt;&lt;code class=&quot;lang-json&quot;&gt;&lt;span class=&quot;pln&quot;&gt;        &lt;/span&gt;&lt;span class=&quot;str&quot;&gt;&quot;RegionId&quot;&lt;/span&gt;&lt;span class=&quot;pun&quot;&gt;:&lt;/span&gt;&lt;span class=&quot;pln&quot;&gt; &lt;/span&gt;&lt;span class=&quot;str&quot;&gt;&quot;cn-qingdao&quot;&lt;/span&gt;&lt;span class=&quot;pun&quot;&gt;,&lt;/span&gt;&lt;/code&gt;&lt;/li&gt;&lt;li class=&quot;L3&quot;&gt;&lt;code class=&quot;lang-json&quot;&gt;&lt;span class=&quot;pln&quot;&gt;        &lt;/span&gt;&lt;span class=&quot;str&quot;&gt;&quot;Size&quot;&lt;/span&gt;&lt;span class=&quot;pun&quot;&gt;:&lt;/span&gt;&lt;span class=&quot;pln&quot;&gt; &lt;/span&gt;&lt;span class=&quot;lit&quot;&gt;5&lt;/span&gt;&lt;span class=&quot;pun&quot;&gt;,&lt;/span&gt;&lt;/code&gt;&lt;/li&gt;&lt;li class=&quot;L4&quot;&gt;&lt;code class=&quot;lang-json&quot;&gt;&lt;span class=&quot;pln&quot;&gt;        &lt;/span&gt;&lt;span class=&quot;str&quot;&gt;&quot;SourceSnapshotId&quot;&lt;/span&gt;&lt;span class=&quot;pun&quot;&gt;:&lt;/span&gt;&lt;span class=&quot;pln&quot;&gt; &lt;/span&gt;&lt;span class=&quot;str&quot;&gt;&quot;&quot;&lt;/span&gt;&lt;span class=&quot;pun&quot;&gt;,&lt;/span&gt;&lt;/code&gt;&lt;/li&gt;&lt;li class=&quot;L5&quot;&gt;&lt;code class=&quot;lang-json&quot;&gt;&lt;span class=&quot;pln&quot;&gt;        &lt;/span&gt;&lt;span class=&quot;str&quot;&gt;&quot;Status&quot;&lt;/span&gt;&lt;span class=&quot;pun&quot;&gt;:&lt;/span&gt;&lt;span class=&quot;pln&quot;&gt; &lt;/span&gt;&lt;span class=&quot;str&quot;&gt;&quot;Available&quot;&lt;/span&gt;&lt;span class=&quot;pun&quot;&gt;,&lt;/span&gt;&lt;/code&gt;&lt;/li&gt;&lt;li class=&quot;L6&quot;&gt;&lt;code class=&quot;lang-json&quot;&gt;&lt;span class=&quot;pln&quot;&gt;        &lt;/span&gt;&lt;span class=&quot;str&quot;&gt;&quot;Type&quot;&lt;/span&gt;&lt;span class=&quot;pun&quot;&gt;:&lt;/span&gt;&lt;span class=&quot;pln&quot;&gt; &lt;/span&gt;&lt;span class=&quot;str&quot;&gt;&quot;data&quot;&lt;/span&gt;&lt;span class=&quot;pun&quot;&gt;,&lt;/span&gt;&lt;/code&gt;&lt;/li&gt;&lt;li class=&quot;L7&quot;&gt;&lt;code class=&quot;lang-json&quot;&gt;&lt;span class=&quot;pln&quot;&gt;        &lt;/span&gt;&lt;span class=&quot;str&quot;&gt;&quot;ZoneId&quot;&lt;/span&gt;&lt;span class=&quot;pun&quot;&gt;:&lt;/span&gt;&lt;span class=&quot;pln&quot;&gt; &lt;/span&gt;&lt;span class=&quot;str&quot;&gt;&quot;cn-qingdao-b&quot;&lt;/span&gt;&lt;/code&gt;&lt;/li&gt;&lt;li class=&quot;L8&quot;&gt;&lt;code class=&quot;lang-json&quot;&gt;&lt;span class=&quot;pln&quot;&gt;      &lt;/span&gt;&lt;span class=&quot;pun&quot;&gt;},&lt;/span&gt;&lt;/code&gt;&lt;/li&gt;&lt;li class=&quot;L9&quot;&gt;&lt;code class=&quot;lang-json&quot;&gt;&lt;span class=&quot;pln&quot;&gt;      &lt;/span&gt;&lt;span class=&quot;pun&quot;&gt;{&lt;/span&gt;&lt;/code&gt;&lt;/li&gt;&lt;li class=&quot;L0&quot;&gt;&lt;code class=&quot;lang-json&quot;&gt;&lt;span class=&quot;pln&quot;&gt;        &lt;/span&gt;&lt;span class=&quot;str&quot;&gt;&quot;AttachedTime&quot;&lt;/span&gt;&lt;span class=&quot;pun&quot;&gt;:&lt;/span&gt;&lt;span class=&quot;pln&quot;&gt; &lt;/span&gt;&lt;span class=&quot;str&quot;&gt;&quot;&quot;&lt;/span&gt;&lt;span class=&quot;pun&quot;&gt;,&lt;/span&gt;&lt;/code&gt;&lt;/li&gt;&lt;li class=&quot;L1&quot;&gt;&lt;code class=&quot;lang-json&quot;&gt;&lt;span class=&quot;pln&quot;&gt;        &lt;/span&gt;&lt;span class=&quot;str&quot;&gt;&quot;Category&quot;&lt;/span&gt;&lt;span class=&quot;pun&quot;&gt;:&lt;/span&gt;&lt;span class=&quot;pln&quot;&gt; &lt;/span&gt;&lt;span class=&quot;str&quot;&gt;&quot;cloud&quot;&lt;/span&gt;&lt;span class=&quot;pun&quot;&gt;,&lt;/span&gt;&lt;/code&gt;&lt;/li&gt;&lt;li class=&quot;L2&quot;&gt;&lt;code class=&quot;lang-json&quot;&gt;&lt;span class=&quot;pln&quot;&gt;        &lt;/span&gt;&lt;span class=&quot;str&quot;&gt;&quot;CreationTime&quot;&lt;/span&gt;&lt;span class=&quot;pun&quot;&gt;:&lt;/span&gt;&lt;span class=&quot;pln&quot;&gt; &lt;/span&gt;&lt;span class=&quot;str&quot;&gt;&quot;2014-07-23T02:44:06Z&quot;&lt;/span&gt;&lt;span class=&quot;pun&quot;&gt;,&lt;/span&gt;&lt;/code&gt;&lt;/li&gt;&lt;li class=&quot;L3&quot;&gt;&lt;code class=&quot;lang-json&quot;&gt;&lt;span class=&quot;pln&quot;&gt;        &lt;/span&gt;&lt;span class=&quot;str&quot;&gt;&quot;DeleteAutoSnapshot&quot;&lt;/span&gt;&lt;span class=&quot;pun&quot;&gt;:&lt;/span&gt;&lt;span class=&quot;pln&quot;&gt; &lt;/span&gt;&lt;span class=&quot;kwd&quot;&gt;true&lt;/span&gt;&lt;span class=&quot;pun&quot;&gt;,&lt;/span&gt;&lt;/code&gt;&lt;/li&gt;&lt;li class=&quot;L4&quot;&gt;&lt;code class=&quot;lang-json&quot;&gt;&lt;span class=&quot;pln&quot;&gt;        &lt;/span&gt;&lt;span class=&quot;str&quot;&gt;&quot;DeleteWithInstance&quot;&lt;/span&gt;&lt;span class=&quot;pun&quot;&gt;:&lt;/span&gt;&lt;span class=&quot;pln&quot;&gt; &lt;/span&gt;&lt;span class=&quot;kwd&quot;&gt;false&lt;/span&gt;&lt;span class=&quot;pun&quot;&gt;,&lt;/span&gt;&lt;/code&gt;&lt;/li&gt;&lt;li class=&quot;L5&quot;&gt;&lt;code class=&quot;lang-json&quot;&gt;&lt;span class=&quot;pln&quot;&gt;        &lt;/span&gt;&lt;span class=&quot;str&quot;&gt;&quot;EnableAutoSnapshot&quot;&lt;/span&gt;&lt;span class=&quot;pun&quot;&gt;:&lt;/span&gt;&lt;span class=&quot;pln&quot;&gt; &lt;/span&gt;&lt;span class=&quot;kwd&quot;&gt;false&lt;/span&gt;&lt;/code&gt;&lt;/li&gt;&lt;li class=&quot;L6&quot;&gt;&lt;code class=&quot;lang-json&quot;&gt;&lt;span class=&quot;pln&quot;&gt;        &lt;/span&gt;&lt;span class=&quot;str&quot;&gt;&quot;Description&quot;&lt;/span&gt;&lt;span class=&quot;pun&quot;&gt;:&lt;/span&gt;&lt;span class=&quot;pln&quot;&gt; &lt;/span&gt;&lt;span class=&quot;str&quot;&gt;&quot;&quot;&lt;/span&gt;&lt;span class=&quot;pun&quot;&gt;,&lt;/span&gt;&lt;/code&gt;&lt;/li&gt;&lt;li class=&quot;L7&quot;&gt;&lt;code class=&quot;lang-json&quot;&gt;&lt;span class=&quot;pln&quot;&gt;        &lt;/span&gt;&lt;span class=&quot;str&quot;&gt;&quot;DetachedTime&quot;&lt;/span&gt;&lt;span class=&quot;pun&quot;&gt;:&lt;/span&gt;&lt;span class=&quot;pln&quot;&gt; &lt;/span&gt;&lt;span class=&quot;str&quot;&gt;&quot;&quot;&lt;/span&gt;&lt;span class=&quot;pun&quot;&gt;,&lt;/span&gt;&lt;/code&gt;&lt;/li&gt;&lt;li class=&quot;L8&quot;&gt;&lt;code class=&quot;lang-json&quot;&gt;&lt;span class=&quot;pln&quot;&gt;        &lt;/span&gt;&lt;span class=&quot;str&quot;&gt;&quot;Device&quot;&lt;/span&gt;&lt;span class=&quot;pun&quot;&gt;:&lt;/span&gt;&lt;span class=&quot;pln&quot;&gt; &lt;/span&gt;&lt;span class=&quot;str&quot;&gt;&quot;&quot;&lt;/span&gt;&lt;span class=&quot;pun&quot;&gt;,&lt;/span&gt;&lt;/code&gt;&lt;/li&gt;&lt;li class=&quot;L9&quot;&gt;&lt;code class=&quot;lang-json&quot;&gt;&lt;span class=&quot;pln&quot;&gt;        &lt;/span&gt;&lt;span class=&quot;str&quot;&gt;&quot;DiskId&quot;&lt;/span&gt;&lt;span class=&quot;pun&quot;&gt;:&lt;/span&gt;&lt;span class=&quot;pln&quot;&gt; &lt;/span&gt;&lt;span class=&quot;str&quot;&gt;&quot;d-28zfrmo13&quot;&lt;/span&gt;&lt;span class=&quot;pun&quot;&gt;,&lt;/span&gt;&lt;/code&gt;&lt;/li&gt;&lt;li class=&quot;L0&quot;&gt;&lt;code class=&quot;lang-json&quot;&gt;&lt;span class=&quot;pln&quot;&gt;        &lt;/span&gt;&lt;span class=&quot;str&quot;&gt;&quot;DiskName&quot;&lt;/span&gt;&lt;span class=&quot;pun&quot;&gt;:&lt;/span&gt;&lt;span class=&quot;pln&quot;&gt; &lt;/span&gt;&lt;span class=&quot;str&quot;&gt;&quot;&quot;&lt;/span&gt;&lt;span class=&quot;pun&quot;&gt;,&lt;/span&gt;&lt;/code&gt;&lt;/li&gt;&lt;li class=&quot;L1&quot;&gt;&lt;code class=&quot;lang-json&quot;&gt;&lt;span class=&quot;pln&quot;&gt;        &lt;/span&gt;&lt;span class=&quot;str&quot;&gt;&quot;ImageId&quot;&lt;/span&gt;&lt;span class=&quot;pun&quot;&gt;:&lt;/span&gt;&lt;span class=&quot;pln&quot;&gt; &lt;/span&gt;&lt;span class=&quot;str&quot;&gt;&quot;&quot;&lt;/span&gt;&lt;span class=&quot;pun&quot;&gt;,&lt;/span&gt;&lt;/code&gt;&lt;/li&gt;&lt;li class=&quot;L2&quot;&gt;&lt;code class=&quot;lang-json&quot;&gt;&lt;span class=&quot;pln&quot;&gt;        &lt;/span&gt;&lt;span class=&quot;str&quot;&gt;&quot;InstanceId&quot;&lt;/span&gt;&lt;span class=&quot;pun&quot;&gt;:&lt;/span&gt;&lt;span class=&quot;pln&quot;&gt; &lt;/span&gt;&lt;span class=&quot;str&quot;&gt;&quot;&quot;&lt;/span&gt;&lt;span class=&quot;pun&quot;&gt;,&lt;/span&gt;&lt;/code&gt;&lt;/li&gt;&lt;li class=&quot;L3&quot;&gt;&lt;code class=&quot;lang-json&quot;&gt;&lt;span class=&quot;pln&quot;&gt;        &lt;/span&gt;&lt;span class=&quot;str&quot;&gt;&quot;OperationLocks&quot;&lt;/span&gt;&lt;span class=&quot;pun&quot;&gt;:&lt;/span&gt;&lt;span class=&quot;pln&quot;&gt; &lt;/span&gt;&lt;span class=&quot;pun&quot;&gt;{&lt;/span&gt;&lt;/code&gt;&lt;/li&gt;&lt;li class=&quot;L4&quot;&gt;&lt;code class=&quot;lang-json&quot;&gt;&lt;span class=&quot;pln&quot;&gt;            &lt;/span&gt;&lt;span class=&quot;str&quot;&gt;&quot;OperationLock&quot;&lt;/span&gt;&lt;span class=&quot;pun&quot;&gt;:&lt;/span&gt;&lt;span class=&quot;pln&quot;&gt; &lt;/span&gt;&lt;span class=&quot;pun&quot;&gt;[]&lt;/span&gt;&lt;/code&gt;&lt;/li&gt;&lt;li class=&quot;L5&quot;&gt;&lt;code class=&quot;lang-json&quot;&gt;&lt;span class=&quot;pln&quot;&gt;        &lt;/span&gt;&lt;span class=&quot;pun&quot;&gt;},&lt;/span&gt;&lt;/code&gt;&lt;/li&gt;&lt;li class=&quot;L6&quot;&gt;&lt;code class=&quot;lang-json&quot;&gt;&lt;span class=&quot;pln&quot;&gt;        &lt;/span&gt;&lt;span class=&quot;str&quot;&gt;&quot;Portable&quot;&lt;/span&gt;&lt;span class=&quot;pun&quot;&gt;:&lt;/span&gt;&lt;span class=&quot;pln&quot;&gt; &lt;/span&gt;&lt;span class=&quot;kwd&quot;&gt;true&lt;/span&gt;&lt;span class=&quot;pun&quot;&gt;,&lt;/span&gt;&lt;/code&gt;&lt;/li&gt;&lt;li class=&quot;L7&quot;&gt;&lt;code class=&quot;lang-json&quot;&gt;&lt;span class=&quot;pln&quot;&gt;        &lt;/span&gt;&lt;span class=&quot;str&quot;&gt;&quot;ProductCode&quot;&lt;/span&gt;&lt;span class=&quot;pun&quot;&gt;:&lt;/span&gt;&lt;span class=&quot;pln&quot;&gt; &lt;/span&gt;&lt;span class=&quot;str&quot;&gt;&quot;&quot;&lt;/span&gt;&lt;span class=&quot;pun&quot;&gt;,&lt;/span&gt;&lt;/code&gt;&lt;/li&gt;&lt;li class=&quot;L8&quot;&gt;&lt;code class=&quot;lang-json&quot;&gt;&lt;span class=&quot;pln&quot;&gt;        &lt;/span&gt;&lt;span class=&quot;str&quot;&gt;&quot;RegionId&quot;&lt;/span&gt;&lt;span class=&quot;pun&quot;&gt;:&lt;/span&gt;&lt;span class=&quot;pln&quot;&gt; &lt;/span&gt;&lt;span class=&quot;str&quot;&gt;&quot;cn-qingdao&quot;&lt;/span&gt;&lt;span class=&quot;pun&quot;&gt;,&lt;/span&gt;&lt;/code&gt;&lt;/li&gt;&lt;li class=&quot;L9&quot;&gt;&lt;code class=&quot;lang-json&quot;&gt;&lt;span class=&quot;pln&quot;&gt;        &lt;/span&gt;&lt;span class=&quot;str&quot;&gt;&quot;Size&quot;&lt;/span&gt;&lt;span class=&quot;pun&quot;&gt;:&lt;/span&gt;&lt;span class=&quot;pln&quot;&gt; &lt;/span&gt;&lt;span class=&quot;lit&quot;&gt;5&lt;/span&gt;&lt;span class=&quot;pun&quot;&gt;,&lt;/span&gt;&lt;/code&gt;&lt;/li&gt;&lt;li class=&quot;L0&quot;&gt;&lt;code class=&quot;lang-json&quot;&gt;&lt;span class=&quot;pln&quot;&gt;        &lt;/span&gt;&lt;span class=&quot;str&quot;&gt;&quot;SourceSnapshotId&quot;&lt;/span&gt;&lt;span class=&quot;pun&quot;&gt;:&lt;/span&gt;&lt;span class=&quot;pln&quot;&gt; &lt;/span&gt;&lt;span class=&quot;str&quot;&gt;&quot;&quot;&lt;/span&gt;&lt;span class=&quot;pun&quot;&gt;,&lt;/span&gt;&lt;/code&gt;&lt;/li&gt;&lt;li class=&quot;L1&quot;&gt;&lt;code class=&quot;lang-json&quot;&gt;&lt;span class=&quot;pln&quot;&gt;        &lt;/span&gt;&lt;span class=&quot;str&quot;&gt;&quot;Status&quot;&lt;/span&gt;&lt;span class=&quot;pun&quot;&gt;:&lt;/span&gt;&lt;span class=&quot;pln&quot;&gt; &lt;/span&gt;&lt;span class=&quot;str&quot;&gt;&quot;Available&quot;&lt;/span&gt;&lt;span class=&quot;pun&quot;&gt;,&lt;/span&gt;&lt;/code&gt;&lt;/li&gt;&lt;li class=&quot;L2&quot;&gt;&lt;code class=&quot;lang-json&quot;&gt;&lt;span class=&quot;pln&quot;&gt;        &lt;/span&gt;&lt;span class=&quot;str&quot;&gt;&quot;Type&quot;&lt;/span&gt;&lt;span class=&quot;pun&quot;&gt;:&lt;/span&gt;&lt;span class=&quot;pln&quot;&gt; &lt;/span&gt;&lt;span class=&quot;str&quot;&gt;&quot;data&quot;&lt;/span&gt;&lt;span class=&quot;pun&quot;&gt;,&lt;/span&gt;&lt;/code&gt;&lt;/li&gt;&lt;li class=&quot;L3&quot;&gt;&lt;code class=&quot;lang-json&quot;&gt;&lt;span class=&quot;pln&quot;&gt;        &lt;/span&gt;&lt;span class=&quot;str&quot;&gt;&quot;ZoneId&quot;&lt;/span&gt;&lt;span class=&quot;pun&quot;&gt;:&lt;/span&gt;&lt;span class=&quot;pln&quot;&gt; &lt;/span&gt;&lt;span class=&quot;str&quot;&gt;&quot;cn-qingdao-b&quot;&lt;/span&gt;&lt;/code&gt;&lt;/li&gt;&lt;li class=&quot;L4&quot;&gt;&lt;code class=&quot;lang-json&quot;&gt;&lt;span class=&quot;pln&quot;&gt;      &lt;/span&gt;&lt;span class=&quot;pun&quot;&gt;}&lt;/span&gt;&lt;/code&gt;&lt;/li&gt;&lt;li class=&quot;L5&quot;&gt;&lt;code class=&quot;lang-json&quot;&gt;&lt;span class=&quot;pln&quot;&gt;    &lt;/span&gt;&lt;span class=&quot;pun&quot;&gt;]&lt;/span&gt;&lt;/code&gt;&lt;/li&gt;&lt;li class=&quot;L6&quot;&gt;&lt;code class=&quot;lang-json&quot;&gt;&lt;span class=&quot;pln&quot;&gt;  &lt;/span&gt;&lt;span class=&quot;pun&quot;&gt;},&lt;/span&gt;&lt;/code&gt;&lt;/li&gt;&lt;li class=&quot;L7&quot;&gt;&lt;code class=&quot;lang-json&quot;&gt;&lt;span class=&quot;pln&quot;&gt;  &lt;/span&gt;&lt;span class=&quot;str&quot;&gt;&quot;PageNumber&quot;&lt;/span&gt;&lt;span class=&quot;pun&quot;&gt;:&lt;/span&gt;&lt;span class=&quot;pln&quot;&gt; &lt;/span&gt;&lt;span class=&quot;lit&quot;&gt;1&lt;/span&gt;&lt;span class=&quot;pun&quot;&gt;,&lt;/span&gt;&lt;/code&gt;&lt;/li&gt;&lt;li class=&quot;L8&quot;&gt;&lt;code class=&quot;lang-json&quot;&gt;&lt;span class=&quot;pln&quot;&gt;  &lt;/span&gt;&lt;span class=&quot;str&quot;&gt;&quot;PageSize&quot;&lt;/span&gt;&lt;span class=&quot;pun&quot;&gt;:&lt;/span&gt;&lt;span class=&quot;pln&quot;&gt; &lt;/span&gt;&lt;span class=&quot;lit&quot;&gt;2&lt;/span&gt;&lt;span class=&quot;pun&quot;&gt;,&lt;/span&gt;&lt;/code&gt;&lt;/li&gt;&lt;li class=&quot;L9&quot;&gt;&lt;code class=&quot;lang-json&quot;&gt;&lt;span class=&quot;pln&quot;&gt;  &lt;/span&gt;&lt;span class=&quot;str&quot;&gt;&quot;RequestId&quot;&lt;/span&gt;&lt;span class=&quot;pun&quot;&gt;:&lt;/span&gt;&lt;span class=&quot;pln&quot;&gt; &lt;/span&gt;&lt;span class=&quot;str&quot;&gt;&quot;ACD9BBB0-A9D1-46D7-9630-B7A69889E110&quot;&lt;/span&gt;&lt;span class=&quot;pun&quot;&gt;,&lt;/span&gt;&lt;/code&gt;&lt;/li&gt;&lt;li class=&quot;L0&quot;&gt;&lt;code class=&quot;lang-json&quot;&gt;&lt;span class=&quot;pln&quot;&gt;  &lt;/span&gt;&lt;span class=&quot;str&quot;&gt;&quot;TotalCount&quot;&lt;/span&gt;&lt;span class=&quot;pun&quot;&gt;:&lt;/span&gt;&lt;span class=&quot;pln&quot;&gt; &lt;/span&gt;&lt;span class=&quot;lit&quot;&gt;9&lt;/span&gt;&lt;/code&gt;&lt;/li&gt;&lt;li class=&quot;L1&quot;&gt;&lt;code class=&quot;lang-json&quot;&gt;&lt;span class=&quot;pun&quot;&gt;}&lt;/span&gt;&lt;/code&gt;&lt;/li&gt;&lt;/ol&gt;&lt;/pre&gt;"/>
          <id value="2"/>
          <note value="JSON格式"/>
        </x-responsesample>
      </x-responsesample>
    </node>
    <node nodeName="/public">
      <request>
        <parameters nodeType="array">
          <parameters>
            <default value="XML"/>
            <description value="返回值的类型，支持 JSON 与 XML。默认为 XML。"/>
            <enum nodeType="array">
              <enum value="XML"/>
              <enum value="JSON"/>
            </enum>
            <in value="query"/>
            <name value="Format"/>
            <required value="false"/>
            <type value="string"/>
          </parameters>
          <parameters>
            <description value="API 版本号，为日期形式：YYYY-MM-DD，本版本对应为 2014-05-26。"/>
            <in value="query"/>
            <name value="Version"/>
            <required value="true"/>
            <type value="string"/>
          </parameters>
          <parameters>
            <description value="阿里云颁发给用户的访问服务所用的密钥 ID。"/>
            <in value="query"/>
            <name value="AccessKeyId"/>
            <required value="true"/>
            <type value="string"/>
          </parameters>
          <parameters>
            <description value="签名结果串，关于签名的计算方法，请参见&amp;lt;&lt;a href=&quot;/document_detail/25492.html&quot;&gt;签名机制&lt;/a&gt;&amp;gt;。"/>
            <in value="query"/>
            <name value="Signature"/>
            <required value="true"/>
            <type value="string"/>
          </parameters>
          <parameters>
            <description value="签名方式，目前支持 HMAC-SHA1。"/>
            <in value="query"/>
            <name value="SignatureMethod"/>
            <required value="true"/>
            <type value="string"/>
          </parameters>
          <parameters>
            <description value="        请求的时间戳。日期格式按照 &lt;a href=&quot;/document_detail/25696.html&quot;&gt;ISO8601&lt;/a&gt; 标准表示，并需要使用 UTC 时间。格式为： &lt;br /&gt;        YYYY-MM-DDThh:mm:ssZ &lt;br /&gt;        例如，2014-05-26T12:00:00Z（为北京时间 2014 年 5 月 26 日 20 点 0 分 0 秒）。    "/>
            <in value="query"/>
            <name value="Timestamp"/>
            <required value="true"/>
            <type value="string"/>
          </parameters>
          <parameters>
            <description value="签名算法版本，目前版本是 1.0。"/>
            <in value="query"/>
            <name value="SignatureVersion"/>
            <required value="true"/>
            <type value="string"/>
          </parameters>
          <parameters>
            <description value="唯一随机数，用于防止网络重放攻击。用户在不同请求间要使用不同的随机数值"/>
            <in value="query"/>
            <name value="SignatureNonce"/>
            <required value="true"/>
            <type value="string"/>
          </parameters>
          <parameters>
            <description value="        本次 API 请求访问到的资源拥有者账户，即登录用户名。 &lt;br /&gt;        此参数的使用方法，详见&amp;lt; &lt;a href=&quot;/document_detail/25494.html&quot;&gt;借助 RAM 实现子账号对主账号的 ECS 资源访问&lt;/a&gt; &amp;gt;，（只能在 &lt;a href=&quot;/document_detail/25496.html&quot;&gt;RAM 中可对 ECS 资源进行授权的 Action&lt;/a&gt; 中才能使用此参数，否则访问会被拒绝）    "/>
            <in value="query"/>
            <name value="        ResourceOwnerAccount    "/>
            <required value="false"/>
            <type value="string"/>
          </parameters>
        </parameters>
      </request>
      <response>
        <RequestId>
          <description value="用户发送的每次接口调用请求，无论成功与否，系统都会返回一个唯一识别码"/>
          <in value="body"/>
          <name value="RequestId"/>
          <type value="string"/>
        </RequestId>
      </response>
    </node>
  </paths>
  <swagger value="2.0"/>
  <x-vee value="2.0 AS"/>
</root>
