<?xml version="1.0" encoding="UTF-8"?>
<root>
  <host value="ecs.aliyuncs.com"/>
  <info>
    <description value="云服务器（Elastic Compute Service，简称 ECS）是一种简单高效、处理能力可弹性伸缩的计算服务，帮助您快速构建更稳定、安全的应用，提升运维效率，降低 IT 成本，使您更专注于核心业务创新。"/>
    <title value="instance"/>
    <version value="1.0"/>
  </info>
  <paths>
    <node nodeName="/CreateDisk">
      <get>
        <consumes nodeType="array">
          <consumes value="application/x-www-form-urlencoded"/>
        </consumes>
        <description value="&lt;h2 id=&quot;h2-u63CFu8FF01&quot;&gt;&lt;a name=&quot;描述&quot; class=&quot;reference-link&quot;&gt;&lt;/a&gt;&lt;span class=&quot;header-link octicon octicon-link&quot;&gt;&lt;/span&gt;描述&lt;/h2&gt;&lt;p&gt;本接口是用于创建可卸载云盘的数据盘。磁盘类型包括普通云盘、高效云盘和SSD云盘。&lt;/p&gt;&lt;ul&gt;&lt;li&gt;创建磁盘需要通过实名认证。请前往会员信息中&lt;a href=&quot;https://account.console.aliyun.com/#/auth/home&quot;&gt;实名认证&lt;/a&gt;。&lt;/li&gt;&lt;li&gt;创建磁盘时，默认在删除磁盘时删除其自动快照，即 &lt;code&gt;DeleteAutoSnapshot&lt;/code&gt; 取值为 &lt;code&gt;true&lt;/code&gt;，可以通过 &lt;a href=&quot;/document_detail/25517.html&quot;&gt;ModifyDiskAttribute&lt;/a&gt; 修改该参数。&lt;/li&gt;&lt;li&gt;创建的磁盘默认 &lt;code&gt;Portable&lt;/code&gt; 属性为 &lt;code&gt;true&lt;/code&gt;，收费方式默认为为按量付费。&lt;/li&gt;&lt;li&gt;必须指定一项请求参数 &lt;code&gt;Size&lt;/code&gt; 或 &lt;code&gt;SnapshotId&lt;/code&gt;。请求参数 &lt;code&gt;Size&lt;/code&gt; 指定磁盘容量大小，请求参数 &lt;code&gt;SnapshotId&lt;/code&gt; 使用快照创建磁盘。&lt;/li&gt;&lt;/ul&gt;"/>
        <parameters nodeType="array">
          <parameters>
            <description value="系统规定参数。取值：CreateDisk"/>
            <enum nodeType="array">
              <enum value="CreateDisk"/>
            </enum>
            <in value="query"/>
            <name value="Action"/>
            <required value="true"/>
            <type value="string"/>
          </parameters>
          <parameters>
            <description value="实例所属的 Region ID。Region ID 的列表详见 &lt;a href=&quot;/document_detail/40654.html&quot;&gt;地域列表&lt;/a&gt;。"/>
            <in value="query"/>
            <name value="RegionId"/>
            <required value="true"/>
            <type value="string"/>
          </parameters>
          <parameters>
            <description value="可用区 ID。"/>
            <in value="query"/>
            <name value="ZoneId"/>
            <required value="true"/>
            <type value="string"/>
          </parameters>
          <parameters>
            <default value="空"/>
            <description value="磁盘名称。&lt;ul&gt;&lt;li&gt;长度为 [2,128] 个大小写英文或中文字符，必须以大小字母或中文开头，可包含数字，下划线（_）或连字符（-）。&lt;/li&gt;&lt;li&gt;磁盘名称会展示在控制台。&lt;/li&gt;&lt;li&gt;不能以 http:// 和 https:// 开头。&lt;/li&gt;&lt;li&gt;不填则为空，默认值：空。&lt;/li&gt;&lt;/ul&gt;"/>
            <in value="query"/>
            <maxLength value="128"/>
            <minLength value="2"/>
            <name value="DiskName"/>
            <required value="false"/>
            <type value="string"/>
          </parameters>
          <parameters>
            <default value="空"/>
            <description value="磁盘描述。&lt;ul&gt;&lt;li&gt;长度为 [2,256] 个大小写英文或中文字符。&lt;/li&gt;&lt;li&gt;磁盘描述会展示在控制台。&lt;/li&gt;&lt;li&gt;不能以 http:// 和 https:// 开头。&lt;/li&gt;&lt;li&gt;不填则为空，默认值：空。&lt;/li&gt;&lt;/ul&gt;"/>
            <in value="query"/>
            <maxLength value="256"/>
            <minLength value="2"/>
            <name value="Description"/>
            <required value="false"/>
            <type value="string"/>
          </parameters>
          <parameters>
            <default value="false"/>
            <description value="是否加密。取值范围： &lt;ul&gt;&lt;li&gt;true: 加密&lt;/li&gt;&lt;li&gt;false: 不加密&lt;/li&gt;&lt;/ul&gt;默认值：false"/>
            <enum nodeType="array">
              <enum value="true"/>
              <enum value="false"/>
            </enum>
            <in value="query"/>
            <name value="Encrypted"/>
            <required value="false"/>
            <type value="boolean"/>
          </parameters>
          <parameters>
            <default value="cloud"/>
            <description value="数据盘的磁盘种类。取值范围：&lt;ul&gt;&lt;li&gt;cloud：普通云盘&lt;/li&gt;&lt;li&gt;cloud_efficiency：高效云盘&lt;/li&gt;&lt;li&gt;cloud_ssd：SSD云盘&lt;/li&gt;&lt;/ul&gt;默认值：cloud"/>
            <enum nodeType="array">
              <enum value="cloud"/>
              <enum value="cloud_efficiency"/>
              <enum value="cloud_ssd"/>
            </enum>
            <in value="query"/>
            <name value="DiskCategory"/>
            <required value="false"/>
            <type value="string"/>
          </parameters>
          <parameters>
            <description value="容量大小，以 GB 为单位。指定该参数后，其取值必须 ≥ 指定快照 ID 的容量大小。取值范围：&lt;ul&gt;&lt;li&gt;cloud：[5, 2000]&lt;/li&gt;&lt;li&gt;cloud_efficiency：[20, 32768]&lt;/li&gt;&lt;li&gt;cloud_ssd：[20, 32768]&lt;/li&gt;&lt;/ul&gt;"/>
            <in value="query"/>
            <name value="Size"/>
            <required value="false"/>
            <type value="integer"/>
          </parameters>
          <parameters>
            <description value="创建磁盘使用的快照。&lt;br&gt;指定该参数后， &lt;code&gt;Size&lt;/code&gt; 会被忽略，实际创建的磁盘大小为指定快照的大小。 &lt;br&gt;2013 年 7 月 15 日及以前的快照不能用来创建磁盘。"/>
            <in value="query"/>
            <name value="SnapshotId"/>
            <required value="false"/>
            <type value="string"/>
          </parameters>
          <parameters>
            <description value="用于保证请求的幂等性。由客户端生成该参数值，要保证在不同请求间唯一，最大值不超过 64 个 ASCII 字符。&lt;br&gt;具体参见附录：&lt;a href=&quot;/document_detail/25693.html&quot;&gt;如何保证幂等性&lt;/a&gt;。"/>
            <in value="query"/>
            <maxLength value="64"/>
            <name value="ClientToken"/>
            <required value="false"/>
            <type value="string"/>
          </parameters>
        </parameters>
        <produces nodeType="array">
          <produces value="application/xml"/>
          <produces value="application/json"/>
        </produces>
        <responses>
          <node nodeName="200">
            <description value="Accept"/>
            <schema>
              <properties>
                <DiskId>
                  <description value="磁盘 ID"/>
                  <name value="DiskId"/>
                  <type value="string"/>
                </DiskId>
              </properties>
              <type value="object"/>
            </schema>
          </node>
          <node nodeName="400">
            <description value="{code: IdempotentParameterMismatch, describeen: The request is retried with updated parameters.}, {code: IllegalTimestamp, describeen: The input parameter “Timestamp” that is mandatory for processing this request is not supplied.}, {code: IncompleteSignature, describeen: The request signature does not conform to Aliyun standards.}, {code: InsufficientBalance, describeen: Your account does not have enough balance.}, {code: InvalidAccessKeyId.NotFound, describeen: The specified Access Key ID does not exist.}, {code: InvalidOwner, describeen: OwnerId and OwnerAccount can’t be used at one API access.}, {code: InvalidOwnerAccount, describeen: The specified OwnerAccount is not valid.}, {code: InvalidOwnerId, describeen: The specified OwnerId is not valid.}, {code: InvalidParamater, describeen: The specified parameter “SignatureMethod” is not valid.}, {code: InvalidParamater, describeen: The specified parameter “SignatureVersion” is not valid.}, {code: InvalidParameter, describeen: The specified parameter is not valid}, {code: InvalidParameter, describeen: The specified parameter “Action or Version” is not valid.}, {code: InvalidParameter.IsNull, describeen: The required parameter must be not null.}, {code: MissingParameter, describeen: The input parameter “Action” that is mandatory for processing this request is not supplied}, {code: MissingParameter, describeen: The input parameter “AccessKeyId” that is mandatory for processing this request is not supplied}, {code: MissingParameter, describeen: The input parameter “Signature” that is mandatory for processing the request is not supplied.}, {code: MissingParameter, describeen: The input parameter “TimeStamp” that is mandatory for processing this request is not supplied}, {code: MissingParameter, describeen: The input parameter “Version” that is mandatory for processing this request is not supplied}, {code: SignatureNonceUsed, describeen: The request signature nonce has been used.}, {code: Throttling, describeen: You have made too many requests within a short time; your request is denied due to request throttling.}, {code: UnsupportedParameter, describeen: },{code: Account.Arrearage, describeen: Your account has an outstanding payment., describecn: 您的账号余额不足，请更新账号状态后重试。}, {code: InvalidDescription.Malformed, describeen: The specified description is wrongly formed., describecn: 指定的 DescriptionName 格式不合法。}, {code: InvalidDiskCategory.NotSupported, describeen: The specified disk category is not support., describecn: 指定的磁盘类型不支持。}, {code: InvalidDiskCategory.ValueNotSupported, describeen: The specified parameter DiskCategory is not valid., describecn: 指定的 DiskCategory 不合法。}, {code: InvalidDiskName.Malformed, describeen: The specified disk name is wrongly formed., describecn: 指定的 DiskName 格式不合法。}, {code: EncryptedOption.Conflict, describeen: Encryption value of disk conflicts with that of snapshot ., describecn: 磁盘的加密属性和快照的加密属性不一致。}, {code: InvalidParameter.Encrypted.KmsNotEnabled, describeen: The encrypted disk need enable KMS., describecn: 账户未开通 KMS 服务（需用户主动开通 KMS 服务）。}, {code: InvalidParameter.EncryptedIllegal, describeen: The value of parameter encrypted is illegal., describecn: 传入的参数 encrypted 非法。}, {code: InvalidParameter.EncryptedNotSupported, describeen: Encrypted disk is not support in this region., describecn: 所选择的 region 不支持加密特性。}, {code: InvalidParameter.EncryptedNotSupported, describeen: Corresponding data disk category does not support encryption., describecn: 对应的磁盘类型不支持加密。}, {code: InvalidSize.ValueNotSupported, describeen: The specified parameter Size is not valid., describecn: 指定的 Size 不合法。}, {code: MissingParameter, describeen: The input parameter either SnapshotId or Size should be specified., describecn: SnapshotId 或者 Size 参数未指定。}"/>
          </node>
          <node nodeName="403">
            <description value="{code: ChargeTypeViolation, describeen: The operation is not permitted due to charge type of the instance.}, {code: Forbidden.AccessKeyDisabled, describeen: The Access Key is disabled.}, {code: Forbidden.NotSupportRAM, describeen: This action does not support accessed by RAM mode.}, {code: Forbidden.RAM, describeen: User not authorized to operate on the specified resource, or this API doesn&amp;#39;t support RAM.}, {code: Forbidden.RiskControl, describeen: This operation is forbidden by Aliyun RiskControl system.}, {code: Forbidden.SubUser, describeen: The specified action is not available for you.}, {code: Forbidden.Unauthorized, describeen: User not authorized to operate on the specified resource.}, {code: InvalidAccount.NotFound, describeen: The specified Account does not exist.}, {code: InvalidAction, describeen: Specified action is not valid.}, {code: InvalidIdempotenceParameter.Mismatch, describeen: The specified parameters are different from before.}, {code: InvalidParameter.OwnerAccount, describeen: OwnerAccount is Invalid.}, {code: InvalidParameter.ResourceOwnerAccount, describeen: ResourceOwnerAccount is Invalid.}, {code: LastTokenProcessing, describeen: The last token request is processing.}, {code: MissingParameter, describeen: The input parameter OwnerId,OwnerAccount that is mandatory for processing this request is not supplied.}, {code: RealNameAuthenticationError, describeen: Your account has not passed the real-name authentication yet.}, {code: UnsupportedHTTPMethod, describeen: This http method is not supported.},{code: InstanceDiskCategoryLimitExceed, describeen: The total size of specified disk category in an instance exceeds., describecn: 指定的磁盘种类超过了单实例的最大容量。}, {code: InvalidAccountStatus.NotEnoughBalance, describeen: Your account does not have enough balance., describecn: 账户余额不足。}, {code: InvalidAccountStatus.SnapshotServiceUnavailable, describeen: Snapshot service has not been opened yet., describecn: 快照服务未开通。}, {code: InvalidDataDiskCategory.NotSupported, describeen: Specified disk category is not supported., describecn: 指定的磁盘类型不支持。}, {code: InvalidDataDiskCategory.NotSupported, describeen: diskCategory is CLOUD_SSD, but the supported DiskCategory is [io1, io4, io3]., describecn: 指定的磁盘类型不支持。}, {code: InvalidDiskCategory.ValueUnauthorized, describeen: The disk category is not authorized., describecn: 指定磁盘种类无权限。}, {code: InvalidDiskSize.NotSupported, describeen: disk size is not supported., describecn: 指定的磁盘大小不支持。}, {code: InvalidDiskSize.TooSmall, describeen: Specified disk size is less than the size of snapshot., describecn: 指定的磁盘小于指定快照大小。}, {code: InvalidSnapshot.NotReady, describeen: The specified snapshot creation is not completed yet., describecn: 指定的快照还在创建中。}, {code: InvalidSnapshot.TooLarge, describeen: The capacity of snapshot exceeds 2000GB., describecn: 指定快照的容量超过磁盘种类的最大容量。}, {code: InvalidSnapshot.TooOld, describeen: This operation is forbidden because the specified snapshot is created before 2013-07-15., describecn: 指定快照创建于 2013 年 7 月 15 日（含）之前，不能创建磁盘。}, {code: InvalidSnapshotId.NotReady, describeen: The specified snapshot has not completed yet., describecn: 指定的快照未完成。}, {code: OperationDenied, describeen: The specified snapshot is not allowed to create disk., describecn: 指定快照不允许创建磁盘。}, {code: OperationDenied, describeen: The type of the disk does not support the operation., describecn: 指定磁盘类型不支持该操作。}, {code: QuotaExceed.PortableCloudDisk, describeen: The quota of portable cloud disk exceeds., describecn: 可卸载普通云盘超过额度。}"/>
          </node>
          <node nodeName="404">
            <description value="{code: InvalidDiskId.NotFound, describeen: The specified DiskId does not exist.}, {code: InvalidImageId.NotFound, describeen: The specified ImageId does not exist.}, {code: InvalidInstanceId.NotFound, describeen: The specified InstanceId does not exist.}, {code: InvalidRegionId.NotFound, describeen: The specified RegionId does not exist.}, {code: InvalidSecurityGroupId.NotFound, describeen: The specified SecurityGroupId does not exist.}, {code: InvalidSnapshotId.NotFound, describeen: The specified SnapshotId does not exist.},{code: InvalidRegionId.NotFound, describeen: The specified RegionId does not exist., describecn: 指定的 RegionId 不存在。}, {code: InvalidRegionId.NotFound, describeen: The specified RegionId does not exist., describecn: 指定的 RegionId 不存在。}, {code: InvalidSnapshotId.NotFound, describeen: The specified SnapshotId does not exist., describecn: 找不到指定的快照。}, {code: InvalidZoneId.NotFound, describeen: The specified zone does not exist., describecn: 指定的 ZoneId 不存在。}"/>
          </node>
          <node nodeName="409">
            <description value="{code: OperationConflict, describeen: Request was denied due to conflict with a previous request.}"/>
          </node>
          <node nodeName="500">
            <description value="{code: InternalError, describeen: The request processing has failed due to some unknown error, exception or failure.}"/>
          </node>
          <node nodeName="503">
            <description value="{code: ServiceUnavailable, describeen: The request has failed due to a temporary failure of the server.}, {code: ServiceUnavailable.RegionMaintaining, describeen: System maintenance is in progress on the selected region, please wait a few minutes before trying again.}"/>
          </node>
        </responses>
      </get>
      <parameter>
        <node nodeName="$ref" value="#/paths/&quot;/public&quot;/request/parameters"/>
      </parameter>
      <summary value="创建磁盘"/>
      <x-requestsample nodeType="array">
        <x-requestsample>
          <description value="&lt;pre class=&quot;prettyprint linenums prettyprinted&quot; style=&quot;&quot;&gt;&lt;ol class=&quot;linenums&quot;&gt;&lt;li class=&quot;L0&quot;&gt;&lt;code class=&quot;lang-shell&quot;&gt;&lt;span class=&quot;pln&quot;&gt;https&lt;/span&gt;&lt;span class=&quot;pun&quot;&gt;:&lt;/span&gt;&lt;span class=&quot;com&quot;&gt;//ecs.aliyuncs.com/?action=CreateDisk&lt;/span&gt;&lt;/code&gt;&lt;/li&gt;&lt;li class=&quot;L1&quot;&gt;&lt;code class=&quot;lang-shell&quot;&gt;&lt;span class=&quot;pun&quot;&gt;&amp;amp;&lt;/span&gt;&lt;span class=&quot;typ&quot;&gt;RegionId&lt;/span&gt;&lt;span class=&quot;pun&quot;&gt;=&lt;/span&gt;&lt;span class=&quot;pln&quot;&gt;cn&lt;/span&gt;&lt;span class=&quot;pun&quot;&gt;-&lt;/span&gt;&lt;span class=&quot;pln&quot;&gt;qingdao&lt;/span&gt;&lt;/code&gt;&lt;/li&gt;&lt;li class=&quot;L2&quot;&gt;&lt;code class=&quot;lang-shell&quot;&gt;&lt;span class=&quot;pun&quot;&gt;&amp;amp;&lt;/span&gt;&lt;span class=&quot;typ&quot;&gt;ZoneId&lt;/span&gt;&lt;span class=&quot;pun&quot;&gt;=&lt;/span&gt;&lt;span class=&quot;pln&quot;&gt;cn&lt;/span&gt;&lt;span class=&quot;pun&quot;&gt;-&lt;/span&gt;&lt;span class=&quot;pln&quot;&gt;qingdao&lt;/span&gt;&lt;span class=&quot;pun&quot;&gt;-&lt;/span&gt;&lt;span class=&quot;pln&quot;&gt;b&lt;/span&gt;&lt;/code&gt;&lt;/li&gt;&lt;li class=&quot;L3&quot;&gt;&lt;code class=&quot;lang-shell&quot;&gt;&lt;span class=&quot;pun&quot;&gt;&amp;amp;&lt;/span&gt;&lt;span class=&quot;typ&quot;&gt;Size&lt;/span&gt;&lt;span class=&quot;pun&quot;&gt;=&lt;/span&gt;&lt;span class=&quot;lit&quot;&gt;200&lt;/span&gt;&lt;/code&gt;&lt;/li&gt;&lt;li class=&quot;L4&quot;&gt;&lt;code class=&quot;lang-shell&quot;&gt;&lt;span class=&quot;pun&quot;&gt;&amp;amp;&lt;/span&gt;&lt;span class=&quot;typ&quot;&gt;DiskName&lt;/span&gt;&lt;span class=&quot;pun&quot;&gt;=&lt;/span&gt;&lt;span class=&quot;typ&quot;&gt;ThisIsDiskName&lt;/span&gt;&lt;/code&gt;&lt;/li&gt;&lt;li class=&quot;L5&quot;&gt;&lt;code class=&quot;lang-shell&quot;&gt;&lt;span class=&quot;pun&quot;&gt;&amp;amp;&lt;/span&gt;&lt;span class=&quot;typ&quot;&gt;Description&lt;/span&gt;&lt;span class=&quot;pun&quot;&gt;=&lt;/span&gt;&lt;span class=&quot;typ&quot;&gt;ThisIsDescription&lt;/span&gt;&lt;span class=&quot;pun&quot;&gt;&amp;amp;&lt;/span&gt;&lt;/code&gt;&lt;/li&gt;&lt;li class=&quot;L6&quot;&gt;&lt;code class=&quot;lang-shell&quot;&gt;&lt;span class=&quot;pun&quot;&gt;&amp;amp;&amp;lt;公共请求参数&amp;gt;&lt;/span&gt;&lt;/code&gt;&lt;/li&gt;&lt;/ol&gt;&lt;/pre&gt;"/>
          <id value="1"/>
        </x-requestsample>
        <x-requestsample>
          <description value="&lt;pre class=&quot;prettyprint linenums prettyprinted&quot; style=&quot;&quot;&gt;&lt;ol class=&quot;linenums&quot;&gt;&lt;li class=&quot;L0&quot;&gt;&lt;code class=&quot;lang-shell&quot;&gt;&lt;span class=&quot;pln&quot;&gt;https&lt;/span&gt;&lt;span class=&quot;pun&quot;&gt;:&lt;/span&gt;&lt;span class=&quot;com&quot;&gt;//ecs.aliyuncs.com/?action=CreateDisk&lt;/span&gt;&lt;/code&gt;&lt;/li&gt;&lt;li class=&quot;L1&quot;&gt;&lt;code class=&quot;lang-shell&quot;&gt;&lt;span class=&quot;pun&quot;&gt;&amp;amp;&lt;/span&gt;&lt;span class=&quot;typ&quot;&gt;RegionId&lt;/span&gt;&lt;span class=&quot;pun&quot;&gt;=&lt;/span&gt;&lt;span class=&quot;pln&quot;&gt;cn&lt;/span&gt;&lt;span class=&quot;pun&quot;&gt;-&lt;/span&gt;&lt;span class=&quot;pln&quot;&gt;qingdao&lt;/span&gt;&lt;/code&gt;&lt;/li&gt;&lt;li class=&quot;L2&quot;&gt;&lt;code class=&quot;lang-shell&quot;&gt;&lt;span class=&quot;pun&quot;&gt;&amp;amp;&lt;/span&gt;&lt;span class=&quot;typ&quot;&gt;ZoneId&lt;/span&gt;&lt;span class=&quot;pun&quot;&gt;=&lt;/span&gt;&lt;span class=&quot;pln&quot;&gt;cn&lt;/span&gt;&lt;span class=&quot;pun&quot;&gt;-&lt;/span&gt;&lt;span class=&quot;pln&quot;&gt;qingdao&lt;/span&gt;&lt;span class=&quot;pun&quot;&gt;-&lt;/span&gt;&lt;span class=&quot;pln&quot;&gt;b&lt;/span&gt;&lt;/code&gt;&lt;/li&gt;&lt;li class=&quot;L3&quot;&gt;&lt;code class=&quot;lang-shell&quot;&gt;&lt;span class=&quot;pun&quot;&gt;&amp;amp;&lt;/span&gt;&lt;span class=&quot;typ&quot;&gt;Size&lt;/span&gt;&lt;span class=&quot;pun&quot;&gt;=&lt;/span&gt;&lt;span class=&quot;lit&quot;&gt;200&lt;/span&gt;&lt;/code&gt;&lt;/li&gt;&lt;li class=&quot;L4&quot;&gt;&lt;code class=&quot;lang-shell&quot;&gt;&lt;span class=&quot;pun&quot;&gt;&amp;amp;&lt;/span&gt;&lt;span class=&quot;typ&quot;&gt;DiskName&lt;/span&gt;&lt;span class=&quot;pun&quot;&gt;=&lt;/span&gt;&lt;span class=&quot;typ&quot;&gt;ThisIsDiskName&lt;/span&gt;&lt;/code&gt;&lt;/li&gt;&lt;li class=&quot;L5&quot;&gt;&lt;code class=&quot;lang-shell&quot;&gt;&lt;span class=&quot;pun&quot;&gt;&amp;amp;&lt;/span&gt;&lt;span class=&quot;typ&quot;&gt;Description&lt;/span&gt;&lt;span class=&quot;pun&quot;&gt;=&lt;/span&gt;&lt;span class=&quot;typ&quot;&gt;ThisIsDescription&lt;/span&gt;&lt;span class=&quot;pun&quot;&gt;&amp;amp;&lt;/span&gt;&lt;/code&gt;&lt;/li&gt;&lt;li class=&quot;L6&quot;&gt;&lt;code class=&quot;lang-shell&quot;&gt;&lt;span class=&quot;pun&quot;&gt;&amp;amp;&amp;lt;公共请求参数&amp;gt;&lt;/span&gt;&lt;/code&gt;&lt;/li&gt;&lt;/ol&gt;&lt;/pre&gt;"/>
          <id value="2"/>
        </x-requestsample>
      </x-requestsample>
      <x-responsesample nodeType="array">
        <x-responsesample>
          <description value="&lt;pre class=&quot;prettyprint linenums prettyprinted&quot; style=&quot;&quot;&gt;&lt;ol class=&quot;linenums&quot;&gt;&lt;li class=&quot;L0&quot;&gt;&lt;code class=&quot;lang-xml&quot;&gt;&lt;span class=&quot;tag&quot;&gt;&amp;lt;CreateDiskResponse&amp;gt;&lt;/span&gt;&lt;/code&gt;&lt;/li&gt;&lt;li class=&quot;L1&quot;&gt;&lt;code class=&quot;lang-xml&quot;&gt;&lt;span class=&quot;pln&quot;&gt;    &lt;/span&gt;&lt;span class=&quot;tag&quot;&gt;&amp;lt;RequestId&amp;gt;&lt;/span&gt;&lt;span class=&quot;pln&quot;&gt;473469C7-AA6F-4DC5-B3DB-A3DC0DE3C83E&lt;/span&gt;&lt;span class=&quot;tag&quot;&gt;&amp;lt;/RequestId&amp;gt;&lt;/span&gt;&lt;/code&gt;&lt;/li&gt;&lt;li class=&quot;L2&quot;&gt;&lt;code class=&quot;lang-xml&quot;&gt;&lt;span class=&quot;tag&quot;&gt;&amp;lt;/CreateDiskResponse&amp;gt;&lt;/span&gt;&lt;/code&gt;&lt;/li&gt;&lt;/ol&gt;&lt;/pre&gt;"/>
          <id value="1"/>
          <note value="XML格式"/>
        </x-responsesample>
        <x-responsesample>
          <description value="&lt;pre class=&quot;prettyprint linenums prettyprinted&quot; style=&quot;&quot;&gt;&lt;ol class=&quot;linenums&quot;&gt;&lt;li class=&quot;L0&quot;&gt;&lt;code class=&quot;lang-json&quot;&gt;&lt;span class=&quot;pun&quot;&gt;{&lt;/span&gt;&lt;/code&gt;&lt;/li&gt;&lt;li class=&quot;L1&quot;&gt;&lt;code class=&quot;lang-json&quot;&gt;&lt;span class=&quot;pln&quot;&gt;    &lt;/span&gt;&lt;span class=&quot;str&quot;&gt;&quot;RequestId&quot;&lt;/span&gt;&lt;span class=&quot;pun&quot;&gt;:&lt;/span&gt;&lt;span class=&quot;pln&quot;&gt; &lt;/span&gt;&lt;span class=&quot;str&quot;&gt;&quot;473469C7-AA6F-4DC5-B3DB-A3DC0DE3C83E&quot;&lt;/span&gt;&lt;/code&gt;&lt;/li&gt;&lt;li class=&quot;L2&quot;&gt;&lt;code class=&quot;lang-json&quot;&gt;&lt;span class=&quot;pun&quot;&gt;}&lt;/span&gt;&lt;/code&gt;&lt;/li&gt;&lt;/ol&gt;&lt;/pre&gt;"/>
          <id value="2"/>
          <note value="JSON格式"/>
        </x-responsesample>
      </x-responsesample>
    </node>
    <node nodeName="/public">
      <request>
        <parameters nodeType="array">
          <parameters>
            <default value="XML"/>
            <description value="返回值的类型，支持 JSON 与 XML。默认为 XML。"/>
            <enum nodeType="array">
              <enum value="XML"/>
              <enum value="JSON"/>
            </enum>
            <in value="query"/>
            <name value="Format"/>
            <required value="false"/>
            <type value="string"/>
          </parameters>
          <parameters>
            <description value="API 版本号，为日期形式：YYYY-MM-DD，本版本对应为 2014-05-26。"/>
            <in value="query"/>
            <name value="Version"/>
            <required value="true"/>
            <type value="string"/>
          </parameters>
          <parameters>
            <description value="阿里云颁发给用户的访问服务所用的密钥 ID。"/>
            <in value="query"/>
            <name value="AccessKeyId"/>
            <required value="true"/>
            <type value="string"/>
          </parameters>
          <parameters>
            <description value="签名结果串，关于签名的计算方法，请参见&amp;lt;&lt;a href=&quot;/document_detail/25492.html&quot;&gt;签名机制&lt;/a&gt;&amp;gt;。"/>
            <in value="query"/>
            <name value="Signature"/>
            <required value="true"/>
            <type value="string"/>
          </parameters>
          <parameters>
            <description value="签名方式，目前支持 HMAC-SHA1。"/>
            <in value="query"/>
            <name value="SignatureMethod"/>
            <required value="true"/>
            <type value="string"/>
          </parameters>
          <parameters>
            <description value="        请求的时间戳。日期格式按照 &lt;a href=&quot;/document_detail/25696.html&quot;&gt;ISO8601&lt;/a&gt; 标准表示，并需要使用 UTC 时间。格式为： &lt;br /&gt;        YYYY-MM-DDThh:mm:ssZ &lt;br /&gt;        例如，2014-05-26T12:00:00Z（为北京时间 2014 年 5 月 26 日 20 点 0 分 0 秒）。    "/>
            <in value="query"/>
            <name value="Timestamp"/>
            <required value="true"/>
            <type value="string"/>
          </parameters>
          <parameters>
            <description value="签名算法版本，目前版本是 1.0。"/>
            <in value="query"/>
            <name value="SignatureVersion"/>
            <required value="true"/>
            <type value="string"/>
          </parameters>
          <parameters>
            <description value="唯一随机数，用于防止网络重放攻击。用户在不同请求间要使用不同的随机数值"/>
            <in value="query"/>
            <name value="SignatureNonce"/>
            <required value="true"/>
            <type value="string"/>
          </parameters>
          <parameters>
            <description value="        本次 API 请求访问到的资源拥有者账户，即登录用户名。 &lt;br /&gt;        此参数的使用方法，详见&amp;lt; &lt;a href=&quot;/document_detail/25494.html&quot;&gt;借助 RAM 实现子账号对主账号的 ECS 资源访问&lt;/a&gt; &amp;gt;，（只能在 &lt;a href=&quot;/document_detail/25496.html&quot;&gt;RAM 中可对 ECS 资源进行授权的 Action&lt;/a&gt; 中才能使用此参数，否则访问会被拒绝）    "/>
            <in value="query"/>
            <name value="        ResourceOwnerAccount    "/>
            <required value="false"/>
            <type value="string"/>
          </parameters>
        </parameters>
      </request>
      <response>
        <RequestId>
          <description value="用户发送的每次接口调用请求，无论成功与否，系统都会返回一个唯一识别码"/>
          <in value="body"/>
          <name value="RequestId"/>
          <type value="string"/>
        </RequestId>
      </response>
    </node>
  </paths>
  <swagger value="2.0"/>
  <x-vee value="2.0 AS"/>
</root>
