<?xml version="1.0" encoding="UTF-8"?>
<root>
  <host value="ecs.aliyuncs.com"/>
  <info>
    <description value="云服务器（Elastic Compute Service，简称 ECS）是一种简单高效、处理能力可弹性伸缩的计算服务，帮助您快速构建更稳定、安全的应用，提升运维效率，降低 IT 成本，使您更专注于核心业务创新。"/>
    <title value="instance"/>
    <version value="1.0"/>
  </info>
  <paths>
    <node nodeName="/DescribeDiskMonitorData">
      <get>
        <consumes nodeType="array">
          <consumes value="application/x-www-form-urlencoded"/>
        </consumes>
        <description value="&lt;h2 id=&quot;h2--em-em-&quot;&gt;&lt;a name=&quot;&lt;em&gt;描述&lt;/em&gt;&quot; class=&quot;reference-link&quot;&gt;&lt;/a&gt;&lt;span class=&quot;header-link octicon octicon-link&quot;&gt;&lt;/span&gt;&lt;em&gt;描述&lt;/em&gt;&lt;/h2&gt;&lt;p&gt;分页查询本用户的指定磁盘的相关监控信息。&lt;/p&gt;&lt;ul&gt;&lt;li&gt;只能查询到状态 &lt;code&gt;In_use&lt;/code&gt; 状态的磁盘的监控信息。&lt;/li&gt;&lt;li&gt;可返回的监控内容包括：磁盘的读 IOPS，磁盘的写 IOPS，磁盘的读带宽（Bps），磁盘的写带宽（Bps），磁盘的读延时（ms），磁盘的写延时（ms）。有可能返回的监控内容中会缺少部分内部，这可能是由于系统没有获得到相应的信息，比如磁盘不在 &lt;code&gt;In_use&lt;/code&gt; 状态。&lt;/li&gt;&lt;li&gt;一次最大只容许返回 400 条监控数据，如果指定的 &lt;code&gt;（EndTime – StartTime）/ Peroid&lt;/code&gt; &amp;gt; 400，则返回错误。&lt;/li&gt;&lt;/ul&gt;"/>
        <parameters nodeType="array">
          <parameters>
            <description value="系统规定参数，取值：DescribeDiskMonitorData"/>
            <enum nodeType="array">
              <enum value="DescribeDiskMonitorData"/>
            </enum>
            <in value="query"/>
            <name value="Action"/>
            <required value="true"/>
            <type value="string"/>
          </parameters>
          <parameters>
            <description value="指定监控的磁盘 ID"/>
            <in value="query"/>
            <name value="DiskId"/>
            <required value="true"/>
            <type value="string"/>
          </parameters>
          <parameters>
            <description value="获取数据的起始时间点：按照 &lt;a href=&quot;/document_detail/25696.html&quot;&gt;ISO8601&lt;/a&gt; 标准表示，并需要使用 UTC 时间。格式为：YYYY-MM-DDThh:mm:ssZ。&lt;br&gt;如果秒不是 00，则自动取为下一分钟开始时"/>
            <in value="query"/>
            <name value="StartTime"/>
            <required value="true"/>
            <type value="string"/>
          </parameters>
          <parameters>
            <description value="获取数据的结束时间点：按照 &lt;a href=&quot;/document_detail/25696.html&quot;&gt;ISO8601&lt;/a&gt; 标准表示，并需要使用 UTC 时间。格式为：YYYY-MM-DDThh:mm:ssZ。&lt;br&gt;如果秒不是 00，则自动取为下一分钟开始时"/>
            <in value="query"/>
            <name value="EndTime"/>
            <required value="true"/>
            <type value="string"/>
          </parameters>
          <parameters>
            <default value="60"/>
            <description value="获取监控数据的精度:&lt;ul&gt;&lt;li&gt;60 秒&lt;/li&gt;&lt;li&gt;600 秒&lt;/li&gt;&lt;li&gt;3600 秒&lt;/li&gt;&lt;/ul&gt;默认 60 秒。"/>
            <enum nodeType="array">
              <enum value="60"/>
              <enum value="600"/>
              <enum value="3600"/>
            </enum>
            <in value="query"/>
            <name value="Period"/>
            <required value="false"/>
            <type value="integer"/>
          </parameters>
        </parameters>
        <produces nodeType="array">
          <produces value="application/xml"/>
          <produces value="application/json"/>
        </produces>
        <responses>
          <node nodeName="200">
            <description value="Accept"/>
            <schema>
              <properties>
                <MonitorData>
                  <description value="磁盘的监控数据 DiskMonitorDataType 组成的集合。"/>
                  <items>
                    <x-schema>
                      <properties>
                        <BPSRead>
                          <description value="磁盘读带宽，单位：byte/s"/>
                          <name value="BPSRead"/>
                          <type value="integer"/>
                        </BPSRead>
                        <BPSTotal>
                          <description value="磁盘读写总带宽，单位：byte/s"/>
                          <name value="BPSTotal"/>
                          <type value="integer"/>
                        </BPSTotal>
                        <BPSWrite>
                          <description value="磁盘写带宽，单位：byte/s"/>
                          <name value="BPSWrite"/>
                          <type value="integer"/>
                        </BPSWrite>
                        <DiskId>
                          <description value="磁盘编号"/>
                          <name value="DiskId"/>
                          <type value="string"/>
                        </DiskId>
                        <IOPSRead>
                          <description value="磁盘IO读操作，单位：次/s"/>
                          <name value="IOPSRead"/>
                          <type value="integer"/>
                        </IOPSRead>
                        <IOPSTotal>
                          <description value="磁盘IO读写总操作，单位：次/s"/>
                          <name value="IOPSTotal"/>
                          <type value="integer"/>
                        </IOPSTotal>
                        <IOPSWrite>
                          <description value="磁盘IO写操作，单位：次/s"/>
                          <name value="IOPSWrite"/>
                          <type value="integer"/>
                        </IOPSWrite>
                        <TimeStamp>
                          <description value="查询的时间点，按照&lt;a href=&quot;/document_detail/25696.html&quot;&gt;ISO8601&lt;/a&gt;标准表示，并需要使用UTC时间。格式为：&lt;br&gt;YYYY-MM-DDThh:mmZ"/>
                          <name value="TimeStamp"/>
                          <type value="string"/>
                        </TimeStamp>
                      </properties>
                      <type value="object"/>
                    </x-schema>
                  </items>
                  <name value="MonitorData"/>
                  <type value="array"/>
                </MonitorData>
                <TotalCount>
                  <description value="磁盘监控数据的总个数"/>
                  <name value="TotalCount"/>
                  <type value="integer"/>
                </TotalCount>
              </properties>
              <type value="object"/>
            </schema>
          </node>
          <node nodeName="400">
            <description value="{code: IdempotentParameterMismatch, describeen: The request is retried with updated parameters.}, {code: IllegalTimestamp, describeen: The input parameter “Timestamp” that is mandatory for processing this request is not supplied.}, {code: IncompleteSignature, describeen: The request signature does not conform to Aliyun standards.}, {code: InsufficientBalance, describeen: Your account does not have enough balance.}, {code: InvalidAccessKeyId.NotFound, describeen: The specified Access Key ID does not exist.}, {code: InvalidOwner, describeen: OwnerId and OwnerAccount can’t be used at one API access.}, {code: InvalidOwnerAccount, describeen: The specified OwnerAccount is not valid.}, {code: InvalidOwnerId, describeen: The specified OwnerId is not valid.}, {code: InvalidParamater, describeen: The specified parameter “SignatureMethod” is not valid.}, {code: InvalidParamater, describeen: The specified parameter “SignatureVersion” is not valid.}, {code: InvalidParameter, describeen: The specified parameter is not valid}, {code: InvalidParameter, describeen: The specified parameter “Action or Version” is not valid.}, {code: InvalidParameter.IsNull, describeen: The required parameter must be not null.}, {code: MissingParameter, describeen: The input parameter “Action” that is mandatory for processing this request is not supplied}, {code: MissingParameter, describeen: The input parameter “AccessKeyId” that is mandatory for processing this request is not supplied}, {code: MissingParameter, describeen: The input parameter “Signature” that is mandatory for processing the request is not supplied.}, {code: MissingParameter, describeen: The input parameter “TimeStamp” that is mandatory for processing this request is not supplied}, {code: MissingParameter, describeen: The input parameter “Version” that is mandatory for processing this request is not supplied}, {code: SignatureNonceUsed, describeen: The request signature nonce has been used.}, {code: Throttling, describeen: You have made too many requests within a short time; your request is denied due to request throttling.}, {code: UnsupportedParameter, describeen: },{code: InvalidStartTime.Malformed, describeen: The specified parameter “StartTime” is not valid., describecn: StartTime 格式不合法}, {code: InvalidEndTime.Malformed, describeen: The specified parameter “EndTime” is not valid., describecn: 指定的 EndTime 格式不合法}, {code: InvalidPeriod.ValueNotSupported, describeen: The specified parameter “Period” is not valid., describecn: 指定的 Period 格式不合法}, {code: InvalidStartTime.TooEarly, describeen: The specified parameter “StartTime” is too early., describecn: 指定的 StartTime 太早}, {code: InvalidParameter.TooManyDataQueried, describeen: Too many data queried., describecn: 查询的数据量过多}, {code: Throttling, describeen: You have made too many requests within a short time; your request is denied due to request throttling., describecn: 请求被流控}"/>
          </node>
          <node nodeName="403">
            <description value="{code: ChargeTypeViolation, describeen: The operation is not permitted due to charge type of the instance.}, {code: Forbidden.AccessKeyDisabled, describeen: The Access Key is disabled.}, {code: Forbidden.NotSupportRAM, describeen: This action does not support accessed by RAM mode.}, {code: Forbidden.RAM, describeen: User not authorized to operate on the specified resource, or this API doesn&amp;#39;t support RAM.}, {code: Forbidden.RiskControl, describeen: This operation is forbidden by Aliyun RiskControl system.}, {code: Forbidden.SubUser, describeen: The specified action is not available for you.}, {code: Forbidden.Unauthorized, describeen: User not authorized to operate on the specified resource.}, {code: InvalidAccount.NotFound, describeen: The specified Account does not exist.}, {code: InvalidAction, describeen: Specified action is not valid.}, {code: InvalidIdempotenceParameter.Mismatch, describeen: The specified parameters are different from before.}, {code: InvalidParameter.OwnerAccount, describeen: OwnerAccount is Invalid.}, {code: InvalidParameter.ResourceOwnerAccount, describeen: ResourceOwnerAccount is Invalid.}, {code: LastTokenProcessing, describeen: The last token request is processing.}, {code: MissingParameter, describeen: The input parameter OwnerId,OwnerAccount that is mandatory for processing this request is not supplied.}, {code: RealNameAuthenticationError, describeen: Your account has not passed the real-name authentication yet.}, {code: UnsupportedHTTPMethod, describeen: This http method is not supported.}"/>
          </node>
          <node nodeName="404">
            <description value="{code: InvalidDiskId.NotFound, describeen: The specified DiskId does not exist.}, {code: InvalidImageId.NotFound, describeen: The specified ImageId does not exist.}, {code: InvalidInstanceId.NotFound, describeen: The specified InstanceId does not exist.}, {code: InvalidRegionId.NotFound, describeen: The specified RegionId does not exist.}, {code: InvalidSecurityGroupId.NotFound, describeen: The specified SecurityGroupId does not exist.}, {code: InvalidSnapshotId.NotFound, describeen: The specified SnapshotId does not exist.},{code: InvalidDiskId.NotFound, describeen: The DiskId provided does not exist in our records., describecn: 磁盘 ID 不存在}"/>
          </node>
          <node nodeName="409">
            <description value="{code: OperationConflict, describeen: Request was denied due to conflict with a previous request.}"/>
          </node>
          <node nodeName="500">
            <description value="{code: InternalError, describeen: The request processing has failed due to some unknown error, exception or failure.}"/>
          </node>
          <node nodeName="503">
            <description value="{code: ServiceUnavailable, describeen: The request has failed due to a temporary failure of the server.}, {code: ServiceUnavailable.RegionMaintaining, describeen: System maintenance is in progress on the selected region, please wait a few minutes before trying again.}"/>
          </node>
        </responses>
      </get>
      <parameter>
        <node nodeName="$ref" value="#/paths/&quot;/public&quot;/request/parameters"/>
      </parameter>
      <summary value="分页查询本用户的指定磁盘的相关监控信息"/>
      <x-requestsample nodeType="array">
        <x-requestsample>
          <description value="&lt;pre class=&quot;prettyprint linenums prettyprinted&quot; style=&quot;&quot;&gt;&lt;ol class=&quot;linenums&quot;&gt;&lt;li class=&quot;L0&quot;&gt;&lt;code&gt;&lt;span class=&quot;pln&quot;&gt;https&lt;/span&gt;&lt;span class=&quot;pun&quot;&gt;:&lt;/span&gt;&lt;span class=&quot;com&quot;&gt;//ecs.aliyuncs.com/?Action=DescribeDiskMonitorData&lt;/span&gt;&lt;/code&gt;&lt;/li&gt;&lt;li class=&quot;L1&quot;&gt;&lt;code&gt;&lt;span class=&quot;pun&quot;&gt;&amp;amp;&lt;/span&gt;&lt;span class=&quot;typ&quot;&gt;DiskId&lt;/span&gt;&lt;span class=&quot;pun&quot;&gt;=&lt;/span&gt;&lt;span class=&quot;pln&quot;&gt;d&lt;/span&gt;&lt;span class=&quot;pun&quot;&gt;-&lt;/span&gt;&lt;span class=&quot;pln&quot;&gt;mydisk001&lt;/span&gt;&lt;/code&gt;&lt;/li&gt;&lt;li class=&quot;L2&quot;&gt;&lt;code&gt;&lt;span class=&quot;pun&quot;&gt;&amp;amp;&lt;/span&gt;&lt;span class=&quot;typ&quot;&gt;StartTime&lt;/span&gt;&lt;span class=&quot;pun&quot;&gt;=&lt;/span&gt;&lt;span class=&quot;lit&quot;&gt;2014&lt;/span&gt;&lt;span class=&quot;pun&quot;&gt;-&lt;/span&gt;&lt;span class=&quot;lit&quot;&gt;07&lt;/span&gt;&lt;span class=&quot;pun&quot;&gt;-&lt;/span&gt;&lt;span class=&quot;lit&quot;&gt;23T12&lt;/span&gt;&lt;span class=&quot;pun&quot;&gt;:&lt;/span&gt;&lt;span class=&quot;lit&quot;&gt;07&lt;/span&gt;&lt;span class=&quot;pun&quot;&gt;:&lt;/span&gt;&lt;span class=&quot;lit&quot;&gt;00Z&lt;/span&gt;&lt;/code&gt;&lt;/li&gt;&lt;li class=&quot;L3&quot;&gt;&lt;code&gt;&lt;span class=&quot;pun&quot;&gt;&amp;amp;&lt;/span&gt;&lt;span class=&quot;typ&quot;&gt;EndTime&lt;/span&gt;&lt;span class=&quot;pun&quot;&gt;=&lt;/span&gt;&lt;span class=&quot;lit&quot;&gt;2014&lt;/span&gt;&lt;span class=&quot;pun&quot;&gt;-&lt;/span&gt;&lt;span class=&quot;lit&quot;&gt;07&lt;/span&gt;&lt;span class=&quot;pun&quot;&gt;-&lt;/span&gt;&lt;span class=&quot;lit&quot;&gt;23T12&lt;/span&gt;&lt;span class=&quot;pun&quot;&gt;:&lt;/span&gt;&lt;span class=&quot;lit&quot;&gt;09&lt;/span&gt;&lt;span class=&quot;pun&quot;&gt;:&lt;/span&gt;&lt;span class=&quot;lit&quot;&gt;00Z&lt;/span&gt;&lt;/code&gt;&lt;/li&gt;&lt;li class=&quot;L4&quot;&gt;&lt;code&gt;&lt;span class=&quot;pun&quot;&gt;&amp;amp;&amp;lt;公共请求参数&amp;gt;&lt;/span&gt;&lt;/code&gt;&lt;/li&gt;&lt;/ol&gt;&lt;/pre&gt;"/>
          <id value="1"/>
        </x-requestsample>
        <x-requestsample>
          <description value="&lt;pre class=&quot;prettyprint linenums prettyprinted&quot; style=&quot;&quot;&gt;&lt;ol class=&quot;linenums&quot;&gt;&lt;li class=&quot;L0&quot;&gt;&lt;code&gt;&lt;span class=&quot;pln&quot;&gt;https&lt;/span&gt;&lt;span class=&quot;pun&quot;&gt;:&lt;/span&gt;&lt;span class=&quot;com&quot;&gt;//ecs.aliyuncs.com/?Action=DescribeDiskMonitorData&lt;/span&gt;&lt;/code&gt;&lt;/li&gt;&lt;li class=&quot;L1&quot;&gt;&lt;code&gt;&lt;span class=&quot;pun&quot;&gt;&amp;amp;&lt;/span&gt;&lt;span class=&quot;typ&quot;&gt;DiskId&lt;/span&gt;&lt;span class=&quot;pun&quot;&gt;=&lt;/span&gt;&lt;span class=&quot;pln&quot;&gt;d&lt;/span&gt;&lt;span class=&quot;pun&quot;&gt;-&lt;/span&gt;&lt;span class=&quot;pln&quot;&gt;mydisk001&lt;/span&gt;&lt;/code&gt;&lt;/li&gt;&lt;li class=&quot;L2&quot;&gt;&lt;code&gt;&lt;span class=&quot;pun&quot;&gt;&amp;amp;&lt;/span&gt;&lt;span class=&quot;typ&quot;&gt;StartTime&lt;/span&gt;&lt;span class=&quot;pun&quot;&gt;=&lt;/span&gt;&lt;span class=&quot;lit&quot;&gt;2014&lt;/span&gt;&lt;span class=&quot;pun&quot;&gt;-&lt;/span&gt;&lt;span class=&quot;lit&quot;&gt;07&lt;/span&gt;&lt;span class=&quot;pun&quot;&gt;-&lt;/span&gt;&lt;span class=&quot;lit&quot;&gt;23T12&lt;/span&gt;&lt;span class=&quot;pun&quot;&gt;:&lt;/span&gt;&lt;span class=&quot;lit&quot;&gt;07&lt;/span&gt;&lt;span class=&quot;pun&quot;&gt;:&lt;/span&gt;&lt;span class=&quot;lit&quot;&gt;00Z&lt;/span&gt;&lt;/code&gt;&lt;/li&gt;&lt;li class=&quot;L3&quot;&gt;&lt;code&gt;&lt;span class=&quot;pun&quot;&gt;&amp;amp;&lt;/span&gt;&lt;span class=&quot;typ&quot;&gt;EndTime&lt;/span&gt;&lt;span class=&quot;pun&quot;&gt;=&lt;/span&gt;&lt;span class=&quot;lit&quot;&gt;2014&lt;/span&gt;&lt;span class=&quot;pun&quot;&gt;-&lt;/span&gt;&lt;span class=&quot;lit&quot;&gt;07&lt;/span&gt;&lt;span class=&quot;pun&quot;&gt;-&lt;/span&gt;&lt;span class=&quot;lit&quot;&gt;23T12&lt;/span&gt;&lt;span class=&quot;pun&quot;&gt;:&lt;/span&gt;&lt;span class=&quot;lit&quot;&gt;09&lt;/span&gt;&lt;span class=&quot;pun&quot;&gt;:&lt;/span&gt;&lt;span class=&quot;lit&quot;&gt;00Z&lt;/span&gt;&lt;/code&gt;&lt;/li&gt;&lt;li class=&quot;L4&quot;&gt;&lt;code&gt;&lt;span class=&quot;pun&quot;&gt;&amp;amp;&amp;lt;公共请求参数&amp;gt;&lt;/span&gt;&lt;/code&gt;&lt;/li&gt;&lt;/ol&gt;&lt;/pre&gt;"/>
          <id value="2"/>
        </x-requestsample>
      </x-requestsample>
      <x-responsesample nodeType="array">
        <x-responsesample>
          <description value="&lt;pre class=&quot;prettyprint linenums prettyprinted&quot; style=&quot;&quot;&gt;&lt;ol class=&quot;linenums&quot;&gt;&lt;li class=&quot;L0&quot;&gt;&lt;code class=&quot;lang-xml&quot;&gt;&lt;span class=&quot;pun&quot;&gt;&amp;lt;?&lt;/span&gt;&lt;span class=&quot;pln&quot;&gt;xml version&lt;/span&gt;&lt;span class=&quot;pun&quot;&gt;=&lt;/span&gt;&lt;span class=&quot;str&quot;&gt;&quot;1.0&quot;&lt;/span&gt;&lt;span class=&quot;pln&quot;&gt; encoding&lt;/span&gt;&lt;span class=&quot;pun&quot;&gt;=&lt;/span&gt;&lt;span class=&quot;str&quot;&gt;&quot;utf-8&quot;&lt;/span&gt;&lt;span class=&quot;pun&quot;&gt;?&amp;gt;&lt;/span&gt;&lt;/code&gt;&lt;/li&gt;&lt;li class=&quot;L1&quot;&gt;&lt;code class=&quot;lang-xml&quot;&gt;&lt;span class=&quot;tag&quot;&gt;&amp;lt;DescribeDiskMonitorDataResponse&amp;gt;&lt;/span&gt;&lt;/code&gt;&lt;/li&gt;&lt;li class=&quot;L2&quot;&gt;&lt;code class=&quot;lang-xml&quot;&gt;&lt;span class=&quot;pln&quot;&gt;        &lt;/span&gt;&lt;span class=&quot;tag&quot;&gt;&amp;lt;MonitorData&amp;gt;&lt;/span&gt;&lt;/code&gt;&lt;/li&gt;&lt;li class=&quot;L3&quot;&gt;&lt;code class=&quot;lang-xml&quot;&gt;&lt;span class=&quot;pln&quot;&gt;                &lt;/span&gt;&lt;span class=&quot;tag&quot;&gt;&amp;lt;DiskMonitorData&amp;gt;&lt;/span&gt;&lt;/code&gt;&lt;/li&gt;&lt;li class=&quot;L4&quot;&gt;&lt;code class=&quot;lang-xml&quot;&gt;&lt;span class=&quot;pln&quot;&gt;                        &lt;/span&gt;&lt;span class=&quot;tag&quot;&gt;&amp;lt;BPSRead&amp;gt;&lt;/span&gt;&lt;span class=&quot;pln&quot;&gt;0&lt;/span&gt;&lt;span class=&quot;tag&quot;&gt;&amp;lt;/BPSRead&amp;gt;&lt;/span&gt;&lt;/code&gt;&lt;/li&gt;&lt;li class=&quot;L5&quot;&gt;&lt;code class=&quot;lang-xml&quot;&gt;&lt;span class=&quot;pln&quot;&gt;                        &lt;/span&gt;&lt;span class=&quot;tag&quot;&gt;&amp;lt;BPSTotal&amp;gt;&lt;/span&gt;&lt;span class=&quot;pln&quot;&gt;0&lt;/span&gt;&lt;span class=&quot;tag&quot;&gt;&amp;lt;/BPSTotal&amp;gt;&lt;/span&gt;&lt;/code&gt;&lt;/li&gt;&lt;li class=&quot;L6&quot;&gt;&lt;code class=&quot;lang-xml&quot;&gt;&lt;span class=&quot;pln&quot;&gt;                        &lt;/span&gt;&lt;span class=&quot;tag&quot;&gt;&amp;lt;BPSWrite&amp;gt;&lt;/span&gt;&lt;span class=&quot;pln&quot;&gt;0&lt;/span&gt;&lt;span class=&quot;tag&quot;&gt;&amp;lt;/BPSWrite&amp;gt;&lt;/span&gt;&lt;/code&gt;&lt;/li&gt;&lt;li class=&quot;L7&quot;&gt;&lt;code class=&quot;lang-xml&quot;&gt;&lt;span class=&quot;pln&quot;&gt;                        &lt;/span&gt;&lt;span class=&quot;tag&quot;&gt;&amp;lt;DiskId&amp;gt;&lt;/span&gt;&lt;span class=&quot;pln&quot;&gt;d-23b3p4r8b&lt;/span&gt;&lt;span class=&quot;tag&quot;&gt;&amp;lt;/DiskId&amp;gt;&lt;/span&gt;&lt;/code&gt;&lt;/li&gt;&lt;li class=&quot;L8&quot;&gt;&lt;code class=&quot;lang-xml&quot;&gt;&lt;span class=&quot;pln&quot;&gt;                        &lt;/span&gt;&lt;span class=&quot;tag&quot;&gt;&amp;lt;IOPSRead&amp;gt;&lt;/span&gt;&lt;span class=&quot;pln&quot;&gt;0&lt;/span&gt;&lt;span class=&quot;tag&quot;&gt;&amp;lt;/IOPSRead&amp;gt;&lt;/span&gt;&lt;/code&gt;&lt;/li&gt;&lt;li class=&quot;L9&quot;&gt;&lt;code class=&quot;lang-xml&quot;&gt;&lt;span class=&quot;pln&quot;&gt;                        &lt;/span&gt;&lt;span class=&quot;tag&quot;&gt;&amp;lt;IOPSTotal&amp;gt;&lt;/span&gt;&lt;span class=&quot;pln&quot;&gt;0&lt;/span&gt;&lt;span class=&quot;tag&quot;&gt;&amp;lt;/IOPSTotal&amp;gt;&lt;/span&gt;&lt;/code&gt;&lt;/li&gt;&lt;li class=&quot;L0&quot;&gt;&lt;code class=&quot;lang-xml&quot;&gt;&lt;span class=&quot;pln&quot;&gt;                        &lt;/span&gt;&lt;span class=&quot;tag&quot;&gt;&amp;lt;IOPSWrite&amp;gt;&lt;/span&gt;&lt;span class=&quot;pln&quot;&gt;0&lt;/span&gt;&lt;span class=&quot;tag&quot;&gt;&amp;lt;/IOPSWrite&amp;gt;&lt;/span&gt;&lt;/code&gt;&lt;/li&gt;&lt;li class=&quot;L1&quot;&gt;&lt;code class=&quot;lang-xml&quot;&gt;&lt;span class=&quot;pln&quot;&gt;                        &lt;/span&gt;&lt;span class=&quot;tag&quot;&gt;&amp;lt;TimeStamp&amp;gt;&lt;/span&gt;&lt;span class=&quot;pln&quot;&gt;2014-07-23T12:07:00Z&lt;/span&gt;&lt;span class=&quot;tag&quot;&gt;&amp;lt;/TimeStamp&amp;gt;&lt;/span&gt;&lt;/code&gt;&lt;/li&gt;&lt;li class=&quot;L2&quot;&gt;&lt;code class=&quot;lang-xml&quot;&gt;&lt;span class=&quot;pln&quot;&gt;                &lt;/span&gt;&lt;span class=&quot;tag&quot;&gt;&amp;lt;/DiskMonitorData&amp;gt;&lt;/span&gt;&lt;/code&gt;&lt;/li&gt;&lt;li class=&quot;L3&quot;&gt;&lt;code class=&quot;lang-xml&quot;&gt;&lt;span class=&quot;pln&quot;&gt;                &lt;/span&gt;&lt;span class=&quot;tag&quot;&gt;&amp;lt;DiskMonitorData&amp;gt;&lt;/span&gt;&lt;/code&gt;&lt;/li&gt;&lt;li class=&quot;L4&quot;&gt;&lt;code class=&quot;lang-xml&quot;&gt;&lt;span class=&quot;pln&quot;&gt;                        &lt;/span&gt;&lt;span class=&quot;tag&quot;&gt;&amp;lt;BPSRead&amp;gt;&lt;/span&gt;&lt;span class=&quot;pln&quot;&gt;0&lt;/span&gt;&lt;span class=&quot;tag&quot;&gt;&amp;lt;/BPSRead&amp;gt;&lt;/span&gt;&lt;/code&gt;&lt;/li&gt;&lt;li class=&quot;L5&quot;&gt;&lt;code class=&quot;lang-xml&quot;&gt;&lt;span class=&quot;pln&quot;&gt;                        &lt;/span&gt;&lt;span class=&quot;tag&quot;&gt;&amp;lt;BPSTotal&amp;gt;&lt;/span&gt;&lt;span class=&quot;pln&quot;&gt;204&lt;/span&gt;&lt;span class=&quot;tag&quot;&gt;&amp;lt;/BPSTotal&amp;gt;&lt;/span&gt;&lt;/code&gt;&lt;/li&gt;&lt;li class=&quot;L6&quot;&gt;&lt;code class=&quot;lang-xml&quot;&gt;&lt;span class=&quot;pln&quot;&gt;                        &lt;/span&gt;&lt;span class=&quot;tag&quot;&gt;&amp;lt;BPSWrite&amp;gt;&lt;/span&gt;&lt;span class=&quot;pln&quot;&gt;204&lt;/span&gt;&lt;span class=&quot;tag&quot;&gt;&amp;lt;/BPSWrite&amp;gt;&lt;/span&gt;&lt;/code&gt;&lt;/li&gt;&lt;li class=&quot;L7&quot;&gt;&lt;code class=&quot;lang-xml&quot;&gt;&lt;span class=&quot;pln&quot;&gt;                        &lt;/span&gt;&lt;span class=&quot;tag&quot;&gt;&amp;lt;DiskId&amp;gt;&lt;/span&gt;&lt;span class=&quot;pln&quot;&gt;d-23b3p4r8b&lt;/span&gt;&lt;span class=&quot;tag&quot;&gt;&amp;lt;/DiskId&amp;gt;&lt;/span&gt;&lt;/code&gt;&lt;/li&gt;&lt;li class=&quot;L8&quot;&gt;&lt;code class=&quot;lang-xml&quot;&gt;&lt;span class=&quot;pln&quot;&gt;                        &lt;/span&gt;&lt;span class=&quot;tag&quot;&gt;&amp;lt;IOPSRead&amp;gt;&lt;/span&gt;&lt;span class=&quot;pln&quot;&gt;0&lt;/span&gt;&lt;span class=&quot;tag&quot;&gt;&amp;lt;/IOPSRead&amp;gt;&lt;/span&gt;&lt;/code&gt;&lt;/li&gt;&lt;li class=&quot;L9&quot;&gt;&lt;code class=&quot;lang-xml&quot;&gt;&lt;span class=&quot;pln&quot;&gt;                        &lt;/span&gt;&lt;span class=&quot;tag&quot;&gt;&amp;lt;IOPSTotal&amp;gt;&lt;/span&gt;&lt;span class=&quot;pln&quot;&gt;0&lt;/span&gt;&lt;span class=&quot;tag&quot;&gt;&amp;lt;/IOPSTotal&amp;gt;&lt;/span&gt;&lt;/code&gt;&lt;/li&gt;&lt;li class=&quot;L0&quot;&gt;&lt;code class=&quot;lang-xml&quot;&gt;&lt;span class=&quot;pln&quot;&gt;                        &lt;/span&gt;&lt;span class=&quot;tag&quot;&gt;&amp;lt;IOPSWrite&amp;gt;&lt;/span&gt;&lt;span class=&quot;pln&quot;&gt;0&lt;/span&gt;&lt;span class=&quot;tag&quot;&gt;&amp;lt;/IOPSWrite&amp;gt;&lt;/span&gt;&lt;/code&gt;&lt;/li&gt;&lt;li class=&quot;L1&quot;&gt;&lt;code class=&quot;lang-xml&quot;&gt;&lt;span class=&quot;pln&quot;&gt;                        &lt;/span&gt;&lt;span class=&quot;tag&quot;&gt;&amp;lt;TimeStamp&amp;gt;&lt;/span&gt;&lt;span class=&quot;pln&quot;&gt;2014-07-23T12:08:00Z&lt;/span&gt;&lt;span class=&quot;tag&quot;&gt;&amp;lt;/TimeStamp&amp;gt;&lt;/span&gt;&lt;/code&gt;&lt;/li&gt;&lt;li class=&quot;L2&quot;&gt;&lt;code class=&quot;lang-xml&quot;&gt;&lt;span class=&quot;pln&quot;&gt;                &lt;/span&gt;&lt;span class=&quot;tag&quot;&gt;&amp;lt;/DiskMonitorData&amp;gt;&lt;/span&gt;&lt;/code&gt;&lt;/li&gt;&lt;li class=&quot;L3&quot;&gt;&lt;code class=&quot;lang-xml&quot;&gt;&lt;span class=&quot;pln&quot;&gt;                &lt;/span&gt;&lt;span class=&quot;tag&quot;&gt;&amp;lt;DiskMonitorData&amp;gt;&lt;/span&gt;&lt;/code&gt;&lt;/li&gt;&lt;li class=&quot;L4&quot;&gt;&lt;code class=&quot;lang-xml&quot;&gt;&lt;span class=&quot;pln&quot;&gt;                        &lt;/span&gt;&lt;span class=&quot;tag&quot;&gt;&amp;lt;BPSRead&amp;gt;&lt;/span&gt;&lt;span class=&quot;pln&quot;&gt;0&lt;/span&gt;&lt;span class=&quot;tag&quot;&gt;&amp;lt;/BPSRead&amp;gt;&lt;/span&gt;&lt;/code&gt;&lt;/li&gt;&lt;li class=&quot;L5&quot;&gt;&lt;code class=&quot;lang-xml&quot;&gt;&lt;span class=&quot;pln&quot;&gt;                        &lt;/span&gt;&lt;span class=&quot;tag&quot;&gt;&amp;lt;BPSTotal&amp;gt;&lt;/span&gt;&lt;span class=&quot;pln&quot;&gt;819&lt;/span&gt;&lt;span class=&quot;tag&quot;&gt;&amp;lt;/BPSTotal&amp;gt;&lt;/span&gt;&lt;/code&gt;&lt;/li&gt;&lt;li class=&quot;L6&quot;&gt;&lt;code class=&quot;lang-xml&quot;&gt;&lt;span class=&quot;pln&quot;&gt;                        &lt;/span&gt;&lt;span class=&quot;tag&quot;&gt;&amp;lt;BPSWrite&amp;gt;&lt;/span&gt;&lt;span class=&quot;pln&quot;&gt;819&lt;/span&gt;&lt;span class=&quot;tag&quot;&gt;&amp;lt;/BPSWrite&amp;gt;&lt;/span&gt;&lt;/code&gt;&lt;/li&gt;&lt;li class=&quot;L7&quot;&gt;&lt;code class=&quot;lang-xml&quot;&gt;&lt;span class=&quot;pln&quot;&gt;                        &lt;/span&gt;&lt;span class=&quot;tag&quot;&gt;&amp;lt;DiskId&amp;gt;&lt;/span&gt;&lt;span class=&quot;pln&quot;&gt;d-23b3p4r8b&lt;/span&gt;&lt;span class=&quot;tag&quot;&gt;&amp;lt;/DiskId&amp;gt;&lt;/span&gt;&lt;/code&gt;&lt;/li&gt;&lt;li class=&quot;L8&quot;&gt;&lt;code class=&quot;lang-xml&quot;&gt;&lt;span class=&quot;pln&quot;&gt;                        &lt;/span&gt;&lt;span class=&quot;tag&quot;&gt;&amp;lt;IOPSRead&amp;gt;&lt;/span&gt;&lt;span class=&quot;pln&quot;&gt;0&lt;/span&gt;&lt;span class=&quot;tag&quot;&gt;&amp;lt;/IOPSRead&amp;gt;&lt;/span&gt;&lt;/code&gt;&lt;/li&gt;&lt;li class=&quot;L9&quot;&gt;&lt;code class=&quot;lang-xml&quot;&gt;&lt;span class=&quot;pln&quot;&gt;                        &lt;/span&gt;&lt;span class=&quot;tag&quot;&gt;&amp;lt;IOPSTotal&amp;gt;&lt;/span&gt;&lt;span class=&quot;pln&quot;&gt;0&lt;/span&gt;&lt;span class=&quot;tag&quot;&gt;&amp;lt;/IOPSTotal&amp;gt;&lt;/span&gt;&lt;/code&gt;&lt;/li&gt;&lt;li class=&quot;L0&quot;&gt;&lt;code class=&quot;lang-xml&quot;&gt;&lt;span class=&quot;pln&quot;&gt;                        &lt;/span&gt;&lt;span class=&quot;tag&quot;&gt;&amp;lt;IOPSWrite&amp;gt;&lt;/span&gt;&lt;span class=&quot;pln&quot;&gt;0&lt;/span&gt;&lt;span class=&quot;tag&quot;&gt;&amp;lt;/IOPSWrite&amp;gt;&lt;/span&gt;&lt;/code&gt;&lt;/li&gt;&lt;li class=&quot;L1&quot;&gt;&lt;code class=&quot;lang-xml&quot;&gt;&lt;span class=&quot;pln&quot;&gt;                        &lt;/span&gt;&lt;span class=&quot;tag&quot;&gt;&amp;lt;TimeStamp&amp;gt;&lt;/span&gt;&lt;span class=&quot;pln&quot;&gt;2014-07-23T12:09:00Z&lt;/span&gt;&lt;span class=&quot;tag&quot;&gt;&amp;lt;/TimeStamp&amp;gt;&lt;/span&gt;&lt;/code&gt;&lt;/li&gt;&lt;li class=&quot;L2&quot;&gt;&lt;code class=&quot;lang-xml&quot;&gt;&lt;span class=&quot;pln&quot;&gt;                &lt;/span&gt;&lt;span class=&quot;tag&quot;&gt;&amp;lt;/DiskMonitorData&amp;gt;&lt;/span&gt;&lt;/code&gt;&lt;/li&gt;&lt;li class=&quot;L3&quot;&gt;&lt;code class=&quot;lang-xml&quot;&gt;&lt;span class=&quot;pln&quot;&gt;        &lt;/span&gt;&lt;span class=&quot;tag&quot;&gt;&amp;lt;/MonitorData&amp;gt;&lt;/span&gt;&lt;/code&gt;&lt;/li&gt;&lt;li class=&quot;L4&quot;&gt;&lt;code class=&quot;lang-xml&quot;&gt;&lt;span class=&quot;pln&quot;&gt;        &lt;/span&gt;&lt;span class=&quot;tag&quot;&gt;&amp;lt;RequestId&amp;gt;&lt;/span&gt;&lt;span class=&quot;pln&quot;&gt;BF666447-B171-4076-BCBA-48437C18FD76&lt;/span&gt;&lt;span class=&quot;tag&quot;&gt;&amp;lt;/RequestId&amp;gt;&lt;/span&gt;&lt;/code&gt;&lt;/li&gt;&lt;li class=&quot;L5&quot;&gt;&lt;code class=&quot;lang-xml&quot;&gt;&lt;span class=&quot;pln&quot;&gt;        &lt;/span&gt;&lt;span class=&quot;tag&quot;&gt;&amp;lt;TotalCount&amp;gt;&lt;/span&gt;&lt;span class=&quot;pln&quot;&gt;3&lt;/span&gt;&lt;span class=&quot;tag&quot;&gt;&amp;lt;/TotalCount&amp;gt;&lt;/span&gt;&lt;/code&gt;&lt;/li&gt;&lt;li class=&quot;L6&quot;&gt;&lt;code class=&quot;lang-xml&quot;&gt;&lt;span class=&quot;tag&quot;&gt;&amp;lt;/DescribeDiskMonitorDataResponse&amp;gt;&lt;/span&gt;&lt;/code&gt;&lt;/li&gt;&lt;/ol&gt;&lt;/pre&gt;"/>
          <id value="1"/>
          <note value="XML格式"/>
        </x-responsesample>
        <x-responsesample>
          <description value="&lt;pre class=&quot;prettyprint linenums prettyprinted&quot; style=&quot;&quot;&gt;&lt;ol class=&quot;linenums&quot;&gt;&lt;li class=&quot;L0&quot;&gt;&lt;code class=&quot;lang-json&quot;&gt;&lt;span class=&quot;pun&quot;&gt;{&lt;/span&gt;&lt;/code&gt;&lt;/li&gt;&lt;li class=&quot;L1&quot;&gt;&lt;code class=&quot;lang-json&quot;&gt;&lt;span class=&quot;pln&quot;&gt;  &lt;/span&gt;&lt;span class=&quot;str&quot;&gt;&quot;MonitorData&quot;&lt;/span&gt;&lt;span class=&quot;pun&quot;&gt;:&lt;/span&gt;&lt;span class=&quot;pln&quot;&gt; &lt;/span&gt;&lt;span class=&quot;pun&quot;&gt;{&lt;/span&gt;&lt;/code&gt;&lt;/li&gt;&lt;li class=&quot;L2&quot;&gt;&lt;code class=&quot;lang-json&quot;&gt;&lt;span class=&quot;pln&quot;&gt;    &lt;/span&gt;&lt;span class=&quot;str&quot;&gt;&quot;DiskMonitorData&quot;&lt;/span&gt;&lt;span class=&quot;pun&quot;&gt;:&lt;/span&gt;&lt;span class=&quot;pln&quot;&gt; &lt;/span&gt;&lt;span class=&quot;pun&quot;&gt;[&lt;/span&gt;&lt;/code&gt;&lt;/li&gt;&lt;li class=&quot;L3&quot;&gt;&lt;code class=&quot;lang-json&quot;&gt;&lt;span class=&quot;pln&quot;&gt;      &lt;/span&gt;&lt;span class=&quot;pun&quot;&gt;{&lt;/span&gt;&lt;/code&gt;&lt;/li&gt;&lt;li class=&quot;L4&quot;&gt;&lt;code class=&quot;lang-json&quot;&gt;&lt;span class=&quot;pln&quot;&gt;        &lt;/span&gt;&lt;span class=&quot;str&quot;&gt;&quot;BPSRead&quot;&lt;/span&gt;&lt;span class=&quot;pun&quot;&gt;:&lt;/span&gt;&lt;span class=&quot;pln&quot;&gt; &lt;/span&gt;&lt;span class=&quot;lit&quot;&gt;0&lt;/span&gt;&lt;span class=&quot;pun&quot;&gt;,&lt;/span&gt;&lt;span class=&quot;pln&quot;&gt; &lt;/span&gt;&lt;/code&gt;&lt;/li&gt;&lt;li class=&quot;L5&quot;&gt;&lt;code class=&quot;lang-json&quot;&gt;&lt;span class=&quot;pln&quot;&gt;        &lt;/span&gt;&lt;span class=&quot;str&quot;&gt;&quot;BPSTotal&quot;&lt;/span&gt;&lt;span class=&quot;pun&quot;&gt;:&lt;/span&gt;&lt;span class=&quot;pln&quot;&gt; &lt;/span&gt;&lt;span class=&quot;lit&quot;&gt;0&lt;/span&gt;&lt;span class=&quot;pun&quot;&gt;,&lt;/span&gt;&lt;span class=&quot;pln&quot;&gt; &lt;/span&gt;&lt;/code&gt;&lt;/li&gt;&lt;li class=&quot;L6&quot;&gt;&lt;code class=&quot;lang-json&quot;&gt;&lt;span class=&quot;pln&quot;&gt;        &lt;/span&gt;&lt;span class=&quot;str&quot;&gt;&quot;BPSWrite&quot;&lt;/span&gt;&lt;span class=&quot;pun&quot;&gt;:&lt;/span&gt;&lt;span class=&quot;pln&quot;&gt; &lt;/span&gt;&lt;span class=&quot;lit&quot;&gt;0&lt;/span&gt;&lt;span class=&quot;pun&quot;&gt;,&lt;/span&gt;&lt;span class=&quot;pln&quot;&gt; &lt;/span&gt;&lt;/code&gt;&lt;/li&gt;&lt;li class=&quot;L7&quot;&gt;&lt;code class=&quot;lang-json&quot;&gt;&lt;span class=&quot;pln&quot;&gt;        &lt;/span&gt;&lt;span class=&quot;str&quot;&gt;&quot;DiskId&quot;&lt;/span&gt;&lt;span class=&quot;pun&quot;&gt;:&lt;/span&gt;&lt;span class=&quot;pln&quot;&gt; &lt;/span&gt;&lt;span class=&quot;str&quot;&gt;&quot;d-23b3p4r8b&quot;&lt;/span&gt;&lt;span class=&quot;pun&quot;&gt;,&lt;/span&gt;&lt;span class=&quot;pln&quot;&gt; &lt;/span&gt;&lt;/code&gt;&lt;/li&gt;&lt;li class=&quot;L8&quot;&gt;&lt;code class=&quot;lang-json&quot;&gt;&lt;span class=&quot;pln&quot;&gt;        &lt;/span&gt;&lt;span class=&quot;str&quot;&gt;&quot;IOPSRead&quot;&lt;/span&gt;&lt;span class=&quot;pun&quot;&gt;:&lt;/span&gt;&lt;span class=&quot;pln&quot;&gt; &lt;/span&gt;&lt;span class=&quot;lit&quot;&gt;0&lt;/span&gt;&lt;span class=&quot;pun&quot;&gt;,&lt;/span&gt;&lt;span class=&quot;pln&quot;&gt; &lt;/span&gt;&lt;/code&gt;&lt;/li&gt;&lt;li class=&quot;L9&quot;&gt;&lt;code class=&quot;lang-json&quot;&gt;&lt;span class=&quot;pln&quot;&gt;        &lt;/span&gt;&lt;span class=&quot;str&quot;&gt;&quot;IOPSTotal&quot;&lt;/span&gt;&lt;span class=&quot;pun&quot;&gt;:&lt;/span&gt;&lt;span class=&quot;pln&quot;&gt; &lt;/span&gt;&lt;span class=&quot;lit&quot;&gt;0&lt;/span&gt;&lt;span class=&quot;pun&quot;&gt;,&lt;/span&gt;&lt;span class=&quot;pln&quot;&gt; &lt;/span&gt;&lt;/code&gt;&lt;/li&gt;&lt;li class=&quot;L0&quot;&gt;&lt;code class=&quot;lang-json&quot;&gt;&lt;span class=&quot;pln&quot;&gt;        &lt;/span&gt;&lt;span class=&quot;str&quot;&gt;&quot;IOPSWrite&quot;&lt;/span&gt;&lt;span class=&quot;pun&quot;&gt;:&lt;/span&gt;&lt;span class=&quot;pln&quot;&gt; &lt;/span&gt;&lt;span class=&quot;lit&quot;&gt;0&lt;/span&gt;&lt;span class=&quot;pun&quot;&gt;,&lt;/span&gt;&lt;span class=&quot;pln&quot;&gt; &lt;/span&gt;&lt;/code&gt;&lt;/li&gt;&lt;li class=&quot;L1&quot;&gt;&lt;code class=&quot;lang-json&quot;&gt;&lt;span class=&quot;pln&quot;&gt;        &lt;/span&gt;&lt;span class=&quot;str&quot;&gt;&quot;TimeStamp&quot;&lt;/span&gt;&lt;span class=&quot;pun&quot;&gt;:&lt;/span&gt;&lt;span class=&quot;pln&quot;&gt; &lt;/span&gt;&lt;span class=&quot;str&quot;&gt;&quot;2014-07-23T12:07:00Z&quot;&lt;/span&gt;&lt;/code&gt;&lt;/li&gt;&lt;li class=&quot;L2&quot;&gt;&lt;code class=&quot;lang-json&quot;&gt;&lt;span class=&quot;pln&quot;&gt;      &lt;/span&gt;&lt;span class=&quot;pun&quot;&gt;},&lt;/span&gt;&lt;span class=&quot;pln&quot;&gt; &lt;/span&gt;&lt;/code&gt;&lt;/li&gt;&lt;li class=&quot;L3&quot;&gt;&lt;code class=&quot;lang-json&quot;&gt;&lt;span class=&quot;pln&quot;&gt;      &lt;/span&gt;&lt;span class=&quot;pun&quot;&gt;{&lt;/span&gt;&lt;/code&gt;&lt;/li&gt;&lt;li class=&quot;L4&quot;&gt;&lt;code class=&quot;lang-json&quot;&gt;&lt;span class=&quot;pln&quot;&gt;        &lt;/span&gt;&lt;span class=&quot;str&quot;&gt;&quot;BPSRead&quot;&lt;/span&gt;&lt;span class=&quot;pun&quot;&gt;:&lt;/span&gt;&lt;span class=&quot;pln&quot;&gt; &lt;/span&gt;&lt;span class=&quot;lit&quot;&gt;0&lt;/span&gt;&lt;span class=&quot;pun&quot;&gt;,&lt;/span&gt;&lt;span class=&quot;pln&quot;&gt; &lt;/span&gt;&lt;/code&gt;&lt;/li&gt;&lt;li class=&quot;L5&quot;&gt;&lt;code class=&quot;lang-json&quot;&gt;&lt;span class=&quot;pln&quot;&gt;        &lt;/span&gt;&lt;span class=&quot;str&quot;&gt;&quot;BPSTotal&quot;&lt;/span&gt;&lt;span class=&quot;pun&quot;&gt;:&lt;/span&gt;&lt;span class=&quot;pln&quot;&gt; &lt;/span&gt;&lt;span class=&quot;lit&quot;&gt;204&lt;/span&gt;&lt;span class=&quot;pun&quot;&gt;,&lt;/span&gt;&lt;span class=&quot;pln&quot;&gt; &lt;/span&gt;&lt;/code&gt;&lt;/li&gt;&lt;li class=&quot;L6&quot;&gt;&lt;code class=&quot;lang-json&quot;&gt;&lt;span class=&quot;pln&quot;&gt;        &lt;/span&gt;&lt;span class=&quot;str&quot;&gt;&quot;BPSWrite&quot;&lt;/span&gt;&lt;span class=&quot;pun&quot;&gt;:&lt;/span&gt;&lt;span class=&quot;pln&quot;&gt; &lt;/span&gt;&lt;span class=&quot;lit&quot;&gt;204&lt;/span&gt;&lt;span class=&quot;pun&quot;&gt;,&lt;/span&gt;&lt;span class=&quot;pln&quot;&gt; &lt;/span&gt;&lt;/code&gt;&lt;/li&gt;&lt;li class=&quot;L7&quot;&gt;&lt;code class=&quot;lang-json&quot;&gt;&lt;span class=&quot;pln&quot;&gt;        &lt;/span&gt;&lt;span class=&quot;str&quot;&gt;&quot;DiskId&quot;&lt;/span&gt;&lt;span class=&quot;pun&quot;&gt;:&lt;/span&gt;&lt;span class=&quot;pln&quot;&gt; &lt;/span&gt;&lt;span class=&quot;str&quot;&gt;&quot;d-23b3p4r8b&quot;&lt;/span&gt;&lt;span class=&quot;pun&quot;&gt;,&lt;/span&gt;&lt;span class=&quot;pln&quot;&gt; &lt;/span&gt;&lt;/code&gt;&lt;/li&gt;&lt;li class=&quot;L8&quot;&gt;&lt;code class=&quot;lang-json&quot;&gt;&lt;span class=&quot;pln&quot;&gt;        &lt;/span&gt;&lt;span class=&quot;str&quot;&gt;&quot;IOPSRead&quot;&lt;/span&gt;&lt;span class=&quot;pun&quot;&gt;:&lt;/span&gt;&lt;span class=&quot;pln&quot;&gt; &lt;/span&gt;&lt;span class=&quot;lit&quot;&gt;0&lt;/span&gt;&lt;span class=&quot;pun&quot;&gt;,&lt;/span&gt;&lt;span class=&quot;pln&quot;&gt; &lt;/span&gt;&lt;/code&gt;&lt;/li&gt;&lt;li class=&quot;L9&quot;&gt;&lt;code class=&quot;lang-json&quot;&gt;&lt;span class=&quot;pln&quot;&gt;        &lt;/span&gt;&lt;span class=&quot;str&quot;&gt;&quot;IOPSTotal&quot;&lt;/span&gt;&lt;span class=&quot;pun&quot;&gt;:&lt;/span&gt;&lt;span class=&quot;pln&quot;&gt; &lt;/span&gt;&lt;span class=&quot;lit&quot;&gt;0&lt;/span&gt;&lt;span class=&quot;pun&quot;&gt;,&lt;/span&gt;&lt;span class=&quot;pln&quot;&gt; &lt;/span&gt;&lt;/code&gt;&lt;/li&gt;&lt;li class=&quot;L0&quot;&gt;&lt;code class=&quot;lang-json&quot;&gt;&lt;span class=&quot;pln&quot;&gt;        &lt;/span&gt;&lt;span class=&quot;str&quot;&gt;&quot;IOPSWrite&quot;&lt;/span&gt;&lt;span class=&quot;pun&quot;&gt;:&lt;/span&gt;&lt;span class=&quot;pln&quot;&gt; &lt;/span&gt;&lt;span class=&quot;lit&quot;&gt;0&lt;/span&gt;&lt;span class=&quot;pun&quot;&gt;,&lt;/span&gt;&lt;span class=&quot;pln&quot;&gt; &lt;/span&gt;&lt;/code&gt;&lt;/li&gt;&lt;li class=&quot;L1&quot;&gt;&lt;code class=&quot;lang-json&quot;&gt;&lt;span class=&quot;pln&quot;&gt;        &lt;/span&gt;&lt;span class=&quot;str&quot;&gt;&quot;TimeStamp&quot;&lt;/span&gt;&lt;span class=&quot;pun&quot;&gt;:&lt;/span&gt;&lt;span class=&quot;pln&quot;&gt; &lt;/span&gt;&lt;span class=&quot;str&quot;&gt;&quot;2014-07-23T12:08:00Z&quot;&lt;/span&gt;&lt;/code&gt;&lt;/li&gt;&lt;li class=&quot;L2&quot;&gt;&lt;code class=&quot;lang-json&quot;&gt;&lt;span class=&quot;pln&quot;&gt;      &lt;/span&gt;&lt;span class=&quot;pun&quot;&gt;},&lt;/span&gt;&lt;span class=&quot;pln&quot;&gt; &lt;/span&gt;&lt;/code&gt;&lt;/li&gt;&lt;li class=&quot;L3&quot;&gt;&lt;code class=&quot;lang-json&quot;&gt;&lt;span class=&quot;pln&quot;&gt;      &lt;/span&gt;&lt;span class=&quot;pun&quot;&gt;{&lt;/span&gt;&lt;/code&gt;&lt;/li&gt;&lt;li class=&quot;L4&quot;&gt;&lt;code class=&quot;lang-json&quot;&gt;&lt;span class=&quot;pln&quot;&gt;        &lt;/span&gt;&lt;span class=&quot;str&quot;&gt;&quot;BPSRead&quot;&lt;/span&gt;&lt;span class=&quot;pun&quot;&gt;:&lt;/span&gt;&lt;span class=&quot;pln&quot;&gt; &lt;/span&gt;&lt;span class=&quot;lit&quot;&gt;0&lt;/span&gt;&lt;span class=&quot;pun&quot;&gt;,&lt;/span&gt;&lt;span class=&quot;pln&quot;&gt; &lt;/span&gt;&lt;/code&gt;&lt;/li&gt;&lt;li class=&quot;L5&quot;&gt;&lt;code class=&quot;lang-json&quot;&gt;&lt;span class=&quot;pln&quot;&gt;        &lt;/span&gt;&lt;span class=&quot;str&quot;&gt;&quot;BPSTotal&quot;&lt;/span&gt;&lt;span class=&quot;pun&quot;&gt;:&lt;/span&gt;&lt;span class=&quot;pln&quot;&gt; &lt;/span&gt;&lt;span class=&quot;lit&quot;&gt;819&lt;/span&gt;&lt;span class=&quot;pun&quot;&gt;,&lt;/span&gt;&lt;span class=&quot;pln&quot;&gt; &lt;/span&gt;&lt;/code&gt;&lt;/li&gt;&lt;li class=&quot;L6&quot;&gt;&lt;code class=&quot;lang-json&quot;&gt;&lt;span class=&quot;pln&quot;&gt;        &lt;/span&gt;&lt;span class=&quot;str&quot;&gt;&quot;BPSWrite&quot;&lt;/span&gt;&lt;span class=&quot;pun&quot;&gt;:&lt;/span&gt;&lt;span class=&quot;pln&quot;&gt; &lt;/span&gt;&lt;span class=&quot;lit&quot;&gt;819&lt;/span&gt;&lt;span class=&quot;pun&quot;&gt;,&lt;/span&gt;&lt;span class=&quot;pln&quot;&gt; &lt;/span&gt;&lt;/code&gt;&lt;/li&gt;&lt;li class=&quot;L7&quot;&gt;&lt;code class=&quot;lang-json&quot;&gt;&lt;span class=&quot;pln&quot;&gt;        &lt;/span&gt;&lt;span class=&quot;str&quot;&gt;&quot;DiskId&quot;&lt;/span&gt;&lt;span class=&quot;pun&quot;&gt;:&lt;/span&gt;&lt;span class=&quot;pln&quot;&gt; &lt;/span&gt;&lt;span class=&quot;str&quot;&gt;&quot;d-23b3p4r8b&quot;&lt;/span&gt;&lt;span class=&quot;pun&quot;&gt;,&lt;/span&gt;&lt;span class=&quot;pln&quot;&gt; &lt;/span&gt;&lt;/code&gt;&lt;/li&gt;&lt;li class=&quot;L8&quot;&gt;&lt;code class=&quot;lang-json&quot;&gt;&lt;span class=&quot;pln&quot;&gt;        &lt;/span&gt;&lt;span class=&quot;str&quot;&gt;&quot;IOPSRead&quot;&lt;/span&gt;&lt;span class=&quot;pun&quot;&gt;:&lt;/span&gt;&lt;span class=&quot;pln&quot;&gt; &lt;/span&gt;&lt;span class=&quot;lit&quot;&gt;0&lt;/span&gt;&lt;span class=&quot;pun&quot;&gt;,&lt;/span&gt;&lt;span class=&quot;pln&quot;&gt; &lt;/span&gt;&lt;/code&gt;&lt;/li&gt;&lt;li class=&quot;L9&quot;&gt;&lt;code class=&quot;lang-json&quot;&gt;&lt;span class=&quot;pln&quot;&gt;        &lt;/span&gt;&lt;span class=&quot;str&quot;&gt;&quot;IOPSTotal&quot;&lt;/span&gt;&lt;span class=&quot;pun&quot;&gt;:&lt;/span&gt;&lt;span class=&quot;pln&quot;&gt; &lt;/span&gt;&lt;span class=&quot;lit&quot;&gt;0&lt;/span&gt;&lt;span class=&quot;pun&quot;&gt;,&lt;/span&gt;&lt;span class=&quot;pln&quot;&gt; &lt;/span&gt;&lt;/code&gt;&lt;/li&gt;&lt;li class=&quot;L0&quot;&gt;&lt;code class=&quot;lang-json&quot;&gt;&lt;span class=&quot;pln&quot;&gt;        &lt;/span&gt;&lt;span class=&quot;str&quot;&gt;&quot;IOPSWrite&quot;&lt;/span&gt;&lt;span class=&quot;pun&quot;&gt;:&lt;/span&gt;&lt;span class=&quot;pln&quot;&gt; &lt;/span&gt;&lt;span class=&quot;lit&quot;&gt;0&lt;/span&gt;&lt;span class=&quot;pun&quot;&gt;,&lt;/span&gt;&lt;span class=&quot;pln&quot;&gt; &lt;/span&gt;&lt;/code&gt;&lt;/li&gt;&lt;li class=&quot;L1&quot;&gt;&lt;code class=&quot;lang-json&quot;&gt;&lt;span class=&quot;pln&quot;&gt;        &lt;/span&gt;&lt;span class=&quot;str&quot;&gt;&quot;TimeStamp&quot;&lt;/span&gt;&lt;span class=&quot;pun&quot;&gt;:&lt;/span&gt;&lt;span class=&quot;pln&quot;&gt; &lt;/span&gt;&lt;span class=&quot;str&quot;&gt;&quot;2014-07-23T12:09:00Z&quot;&lt;/span&gt;&lt;/code&gt;&lt;/li&gt;&lt;li class=&quot;L2&quot;&gt;&lt;code class=&quot;lang-json&quot;&gt;&lt;span class=&quot;pln&quot;&gt;      &lt;/span&gt;&lt;span class=&quot;pun&quot;&gt;}&lt;/span&gt;&lt;/code&gt;&lt;/li&gt;&lt;li class=&quot;L3&quot;&gt;&lt;code class=&quot;lang-json&quot;&gt;&lt;span class=&quot;pln&quot;&gt;    &lt;/span&gt;&lt;span class=&quot;pun&quot;&gt;]&lt;/span&gt;&lt;/code&gt;&lt;/li&gt;&lt;li class=&quot;L4&quot;&gt;&lt;code class=&quot;lang-json&quot;&gt;&lt;span class=&quot;pln&quot;&gt;  &lt;/span&gt;&lt;span class=&quot;pun&quot;&gt;},&lt;/span&gt;&lt;span class=&quot;pln&quot;&gt; &lt;/span&gt;&lt;/code&gt;&lt;/li&gt;&lt;li class=&quot;L5&quot;&gt;&lt;code class=&quot;lang-json&quot;&gt;&lt;span class=&quot;pln&quot;&gt;  &lt;/span&gt;&lt;span class=&quot;str&quot;&gt;&quot;RequestId&quot;&lt;/span&gt;&lt;span class=&quot;pun&quot;&gt;:&lt;/span&gt;&lt;span class=&quot;pln&quot;&gt; &lt;/span&gt;&lt;span class=&quot;str&quot;&gt;&quot;A48A0A77-34F5-4C33-9066-9E8D2DA0D8E2&quot;&lt;/span&gt;&lt;span class=&quot;pun&quot;&gt;,&lt;/span&gt;&lt;span class=&quot;pln&quot;&gt; &lt;/span&gt;&lt;/code&gt;&lt;/li&gt;&lt;li class=&quot;L6&quot;&gt;&lt;code class=&quot;lang-json&quot;&gt;&lt;span class=&quot;pln&quot;&gt;  &lt;/span&gt;&lt;span class=&quot;str&quot;&gt;&quot;TotalCount&quot;&lt;/span&gt;&lt;span class=&quot;pun&quot;&gt;:&lt;/span&gt;&lt;span class=&quot;pln&quot;&gt; &lt;/span&gt;&lt;span class=&quot;lit&quot;&gt;3&lt;/span&gt;&lt;/code&gt;&lt;/li&gt;&lt;li class=&quot;L7&quot;&gt;&lt;code class=&quot;lang-json&quot;&gt;&lt;span class=&quot;pun&quot;&gt;}&lt;/span&gt;&lt;/code&gt;&lt;/li&gt;&lt;/ol&gt;&lt;/pre&gt;"/>
          <id value="2"/>
          <note value="JSON格式"/>
        </x-responsesample>
      </x-responsesample>
    </node>
    <node nodeName="/public">
      <request>
        <parameters nodeType="array">
          <parameters>
            <default value="XML"/>
            <description value="返回值的类型，支持 JSON 与 XML。默认为 XML。"/>
            <enum nodeType="array">
              <enum value="XML"/>
              <enum value="JSON"/>
            </enum>
            <in value="query"/>
            <name value="Format"/>
            <required value="false"/>
            <type value="string"/>
          </parameters>
          <parameters>
            <description value="API 版本号，为日期形式：YYYY-MM-DD，本版本对应为 2014-05-26。"/>
            <in value="query"/>
            <name value="Version"/>
            <required value="true"/>
            <type value="string"/>
          </parameters>
          <parameters>
            <description value="阿里云颁发给用户的访问服务所用的密钥 ID。"/>
            <in value="query"/>
            <name value="AccessKeyId"/>
            <required value="true"/>
            <type value="string"/>
          </parameters>
          <parameters>
            <description value="签名结果串，关于签名的计算方法，请参见&amp;lt;&lt;a href=&quot;/document_detail/25492.html&quot;&gt;签名机制&lt;/a&gt;&amp;gt;。"/>
            <in value="query"/>
            <name value="Signature"/>
            <required value="true"/>
            <type value="string"/>
          </parameters>
          <parameters>
            <description value="签名方式，目前支持 HMAC-SHA1。"/>
            <in value="query"/>
            <name value="SignatureMethod"/>
            <required value="true"/>
            <type value="string"/>
          </parameters>
          <parameters>
            <description value="        请求的时间戳。日期格式按照 &lt;a href=&quot;/document_detail/25696.html&quot;&gt;ISO8601&lt;/a&gt; 标准表示，并需要使用 UTC 时间。格式为： &lt;br /&gt;        YYYY-MM-DDThh:mm:ssZ &lt;br /&gt;        例如，2014-05-26T12:00:00Z（为北京时间 2014 年 5 月 26 日 20 点 0 分 0 秒）。    "/>
            <in value="query"/>
            <name value="Timestamp"/>
            <required value="true"/>
            <type value="string"/>
          </parameters>
          <parameters>
            <description value="签名算法版本，目前版本是 1.0。"/>
            <in value="query"/>
            <name value="SignatureVersion"/>
            <required value="true"/>
            <type value="string"/>
          </parameters>
          <parameters>
            <description value="唯一随机数，用于防止网络重放攻击。用户在不同请求间要使用不同的随机数值"/>
            <in value="query"/>
            <name value="SignatureNonce"/>
            <required value="true"/>
            <type value="string"/>
          </parameters>
          <parameters>
            <description value="本次 API 请求访问到的资源拥有者账户，即登录用户名。 &lt;br /&gt;        此参数的使用方法，详见&amp;lt; &lt;a href=&quot;/document_detail/25494.html&quot;&gt;借助 RAM 实现子账号对主账号的 ECS 资源访问&lt;/a&gt; &amp;gt;，（只能在 &lt;a href=&quot;/document_detail/25496.html&quot;&gt;RAM 中可对 ECS 资源进行授权的 Action&lt;/a&gt; 中才能使用此参数，否则访问会被拒绝）    "/>
            <in value="query"/>
            <name value="ResourceOwnerAccount"/>
            <required value="false"/>
            <type value="string"/>
          </parameters>
        </parameters>
      </request>
      <response>
        <RequestId>
          <description value="用户发送的每次接口调用请求，无论成功与否，系统都会返回一个唯一识别码"/>
          <in value="body"/>
          <name value="RequestId"/>
          <type value="string"/>
        </RequestId>
      </response>
    </node>
  </paths>
  <swagger value="2.0"/>
  <x-vee value="2.0 AS"/>
</root>
