<?xml version="1.0" encoding="UTF-8"?>
<root>
  <host value="vpc.aliyuncs.com"/>
  <info>
    <description value="专有网络VPC（Virtual Private Cloud）是用户基于阿里云创建的自定义私有网络, 不同的专有网络之间二层逻辑隔离，用户可以在自己创建的专有网络内创建和管理云产品实例，比如ECS、负载均衡、RDS等。"/>
    <title value="VPC"/>
    <version value="1.0"/>
  </info>
  <paths>
    <node nodeName="/DescribeRouteTables">
      <get>
        <consumes nodeType="array">
          <consumes value="application/x-www-form-urlencoded"/>
        </consumes>
        <description value="&lt;h2 id=&quot;h2--em-em-&quot;&gt;&lt;a name=&quot;&amp;lt;em&amp;gt;描述&amp;lt;/em&amp;gt;&quot; class=&quot;reference-link&quot;&gt;&lt;/a&gt;&lt;span class=&quot;header-link octicon octicon-link&quot;&gt;&lt;/span&gt;&lt;em&gt;描述&lt;/em&gt;&lt;/h2&gt;&lt;ul&gt;&lt;li&gt;支持查询专有网络中的路由器（VRouter）和高速通道中的边界路由器（VBR）上的路由表（RouteTable）&lt;/li&gt;&lt;li&gt;查询用户名下路由表的列表。此接口支持分页查询，每页的数量默认为10条。该接口只会校验参数的合法性，不会校验参数之间的依赖关系，返回结果是所有条件的“交集”。&lt;/li&gt;&lt;/ul&gt;"/>
        <parameters nodeType="array">
          <parameters>
            <description value="系统规定参数，取值：DescribeRouteTables"/>
            <enum nodeType="array">
              <enum value="DescribeRouteTables"/>
            </enum>
            <in value="query"/>
            <name value="Action"/>
            <required value="true"/>
            <type value="string"/>
          </parameters>
          <parameters>
            <description value="所属的路由器类型。可选值：VRouter，VBR"/>
            <enum nodeType="array">
              <enum value="VRouter"/>
              <enum value="VBR"/>
            </enum>
            <in value="query"/>
            <name value="RouterType"/>
            <required value="false"/>
            <type value="string"/>
          </parameters>
          <parameters>
            <description value="所属的路由器ID。VRouterID或VBRID。"/>
            <in value="query"/>
            <name value="RouterId"/>
            <required value="false"/>
            <type value="string"/>
          </parameters>
          <parameters>
            <description value="所属专有网络路由器ID。指定VRouterId自动指定RouterType为VRouter。"/>
            <in value="query"/>
            <name value="VRouterId"/>
            <required value="false"/>
            <type value="string"/>
          </parameters>
          <parameters>
            <description value="RouteTableId"/>
            <in value="query"/>
            <name value="RouteTableId"/>
            <required value="false"/>
            <type value="string"/>
          </parameters>
          <parameters>
            <default value="1"/>
            <description value="实例状态列表的页码，起始值为1，默认值为1"/>
            <in value="query"/>
            <name value="PageNumber"/>
            <required value="false"/>
            <type value="integer"/>
          </parameters>
          <parameters>
            <default value="10"/>
            <description value="分页查询时设置的每页行数，最大值50行，默认为10"/>
            <in value="query"/>
            <maximum value="50"/>
            <name value="PageSize"/>
            <required value="false"/>
            <type value="integer"/>
          </parameters>
        </parameters>
        <produces nodeType="array">
          <produces value="application/xml"/>
          <produces value="application/json"/>
        </produces>
        <responses>
          <node nodeName="200">
            <description value="Accept"/>
            <schema>
              <properties>
                <PageNumber>
                  <description value="当前页码"/>
                  <name value="PageNumber"/>
                  <type value="integer"/>
                </PageNumber>
                <PageSize>
                  <description value="当前分页包含多少条目"/>
                  <name value="PageSize"/>
                  <type value="integer"/>
                </PageSize>
                <RouteTables>
                  <description value="RouteTable详情&lt;a href=&quot;/document_detail/36092.html&quot;&gt;RouteTableSetType&lt;/a&gt;的集合"/>
                  <name value="RouteTables"/>
                  <properties>
                    <RouteTable>
                      <items>
                        <x-schema>
                          <properties>
                            <CreationTime>
                              <description value="创建时间。按照&lt;a href=&quot;/document_detail/36567.html&quot;&gt;ISO8601&lt;/a&gt;标准表示，并需要使用UTC时间。格式为：&lt;br&gt;YYYY-MM-DDThh:mmZ"/>
                              <name value="CreationTime"/>
                              <type value="string"/>
                            </CreationTime>
                            <RouteEntrys>
                              <description value="路由条目详情&lt;a href=&quot;/document_detail/36089.html&quot;&gt;RouteEntrySetType&lt;/a&gt;组成的集合"/>
                              <name value="RouteEntrys"/>
                              <properties>
                                <RouteEntry>
                                  <items>
                                    <x-schema>
                                      <properties>
                                        <DestinationCidrBlock>
                                          <description value="目标网段地址"/>
                                          <name value="DestinationCidrBlock"/>
                                          <type value="string"/>
                                        </DestinationCidrBlock>
                                        <InstanceId>
                                          <description value="下一跳实例ID，非ECMP类路由。"/>
                                          <name value="InstanceId"/>
                                          <type value="string"/>
                                        </InstanceId>
                                        <NextHopType>
                                          <description value="下一跳的目标对象类型，非ECMP类路由。"/>
                                          <name value="NextHopType"/>
                                          <type value="string"/>
                                        </NextHopType>
                                        <NextHops>
                                          <description value="下一跳列表，ECMP类路由。"/>
                                          <items>
                                            <x-schema>
                                              <name value="NextHopItemType"/>
                                              <properties>
                                                <Enabled>
                                                  <description value="该下一跳是否可用，1表示可用，0表示不可用"/>
                                                  <enum nodeType="array">
                                                    <enum value="1"/>
                                                    <enum value="0"/>
                                                  </enum>
                                                  <name value="Enabled"/>
                                                  <type value="integer"/>
                                                </Enabled>
                                                <NextHopId>
                                                  <description value="下一跳实例ID"/>
                                                  <name value="NextHopId"/>
                                                  <type value="string"/>
                                                </NextHopId>
                                                <NextHopType>
                                                  <description value="下一跳的目标对象类型，可选值为Instance|Tunnel|HaVip|RouterInterface"/>
                                                  <enum nodeType="array">
                                                    <enum value="Instance"/>
                                                    <enum value="Tunnel"/>
                                                    <enum value="HaVip"/>
                                                    <enum value="RouterInterface"/>
                                                  </enum>
                                                  <name value="NextHopType"/>
                                                  <type value="string"/>
                                                </NextHopType>
                                                <Weight>
                                                  <description value="该下一跳的路由权重"/>
                                                  <name value="Weight"/>
                                                  <type value="integer"/>
                                                </Weight>
                                              </properties>
                                              <type value="object"/>
                                            </x-schema>
                                          </items>
                                          <name value="NextHops"/>
                                          <type value="array"/>
                                        </NextHops>
                                        <RouteTableId>
                                          <description value="路由条目所在的路由器"/>
                                          <name value="RouteTableId"/>
                                          <type value="string"/>
                                        </RouteTableId>
                                        <RouterId>
                                          <description value="VBR的ID。"/>
                                          <name value="RouterId"/>
                                          <type value="string"/>
                                        </RouterId>
                                        <Status>
                                          <description value="路由条目状态Pending | Available | Modifying"/>
                                          <enum nodeType="array">
                                            <enum value="Pending"/>
                                            <enum value="Available"/>
                                            <enum value="Modifying"/>
                                          </enum>
                                          <name value="Status"/>
                                          <type value="string"/>
                                        </Status>
                                        <Type>
                                          <description value="路由类型(System | Custom | BGP)"/>
                                          <enum nodeType="array">
                                            <enum value="System"/>
                                            <enum value="Custom"/>
                                            <enum value="BGP"/>
                                          </enum>
                                          <name value="Type"/>
                                          <type value="string"/>
                                        </Type>
                                      </properties>
                                      <type value="object"/>
                                    </x-schema>
                                  </items>
                                  <type value="array"/>
                                </RouteEntry>
                              </properties>
                              <type value="object"/>
                            </RouteEntrys>
                            <RouteTableId>
                              <description value="路由表的ID"/>
                              <name value="RouteTableId"/>
                              <type value="string"/>
                            </RouteTableId>
                            <RouteTableType>
                              <description value="路由表类型，System | Custom 二者选其一"/>
                              <enum nodeType="array">
                                <enum value="System"/>
                                <enum value="Custom"/>
                              </enum>
                              <name value="RouteTableType"/>
                              <type value="string"/>
                            </RouteTableType>
                            <RouterId>
                              <description value="所属的路由器ID。VRouter ID或VBR ID。"/>
                              <name value="RouterId"/>
                              <type value="string"/>
                            </RouterId>
                            <RouterType>
                              <description value="所属的路由器类型。可取值：VRouter，VBR。"/>
                              <enum nodeType="array">
                                <enum value="VRouter"/>
                                <enum value="VBR"/>
                              </enum>
                              <name value="RouterType"/>
                              <type value="string"/>
                            </RouterType>
                            <VRouterId>
                              <description value="路由器的ID,RouterType为VRouter时的VRouter ID。"/>
                              <name value="VRouterId"/>
                              <type value="string"/>
                            </VRouterId>
                          </properties>
                          <type value="object"/>
                        </x-schema>
                      </items>
                      <type value="array"/>
                    </RouteTable>
                  </properties>
                  <type value="object"/>
                </RouteTables>
                <TotalCount>
                  <description value="列表条条目数"/>
                  <name value="TotalCount"/>
                  <type value="integer"/>
                </TotalCount>
              </properties>
              <type value="object"/>
            </schema>
          </node>
          <node nodeName="400">
            <description value="{code: MissingParameter, describeen: The input parameter “Action” that is mandatory for processing this request is not supplied, describecn: 缺少 Action 字段}, {code: MissingParameter, describeen: The input parameter “AccessKeyId” that is mandatory for processing this request is not supplied, describecn: 缺少 AccessKeyId 字段}, {code: MissingParameter, describeen: An input parameter “Signature” that is mandatory for processing the request is not supplied., describecn: 缺少 Signature 字段}, {code: MissingParameter, describeen: The input parameter “TimeStamp” that is mandatory for processing this request is not supplied, describecn: 缺少 Timestamp 字段}, {code: MissingParameter, describeen: The input parameter “Version” that is mandatory for processing this request is not supplied, describecn: 缺少 Version 字段}, {code: InvalidParameter, describeen: The specified parameter “Action or Version” is not valid., describecn: 无效的 Action 值（该 API 不存在）}, {code: InvalidAccessKeyId.NotFound, describeen: The Access Key ID provided does not exist in our records., describecn: 无效的 AccessKeyId 值（该 key 不存在）}, {code: IncompleteSignature, describeen: The request signature does not conform to Aliyun standards., describecn: 无效的 Signature 取值（签名结果错误）}, {code: InvalidParamater, describeen: The specified parameter “SignatureMethod” is not valid., describecn: 无效的 SignatureMethod 取值}, {code: InvalidParamater, describeen: The specified parameter “SignatureVersion” is not valid., describecn: 无效的 SignatureVersion 取值}, {code: IllegalTimestamp, describeen: The input parameter “Timestamp” that is mandatory for processing this request is not supplied., describecn: 无效的 Timestamp 取值（Timestamp 与服务器时间相差超过了 1 个小时）}, {code: SignatureNonceUsed, describeen: The request signature nonce has been used., describecn: 无效的 SignatureNonce（该 SignatureNonce 值已被使用过）}, {code: InvalidParameter, describeen: The specified parameter “Action or Version” is not valid., describecn: 无效的 Version 取值}, {code: InvalidOwnerId, describeen: The specified OwnerId is not valid., describecn: 无效的 OwnerId 取值}, {code: InvalidOwnerAccount, describeen: The specified OwnerAccount is not valid., describecn: 无效的 OwnerAccount 取值}, {code: InvalidOwner, describeen: OwnerId and OwnerAccount can’t be used at one API access., describecn: 同时使用了 OwnerId 和 OwnerAccount}, {code: Throttling, describeen: Request was denied due to request throttling., describecn: 因系统流控拒绝访问}, {code: Throttling, describeen: Request was denied due to request throttling., describecn: 该 key 的调用 quota 已用完}, {code: UnsupportedParameter, describeen: The parameter ”&amp;lt;parameter name&amp;gt;” is not supported., describecn: 使用了无效的参数}, {code: UnsupportedParameter, describeen: The parameter ”&amp;lt;parameter name&amp;gt;” is not supported., describecn: 该参数无权使用}, {code: InsufficientBalance, describeen: Your account does not have enough balance., describecn: 余额不足}, {code: IdempotentParameterMismatch, describeen: Request uses a client token in a previous request but is not identical to that request., describecn: 使用了一个已经使用过的 ClientToken，但此次请求内容却又与上一次使用该 Token 的 request 不一样.}, {code: InvalidParameter, describeen: The specified parameter is not valid, describecn: 参数校验失败},{code: InvalidVRouterName.Malformed, describeen: Specified virtual router name is not valid., describecn: 指定的路由器名字格式不符合要求}, {code: InvalidVRouterDiscription.Malformed, describeen: Specified virtual router description is not valid., describecn: 指定的路由器描述信息格式不符合要求},{code: InvalidCidrBlock.Malformed, describeen: Specified CIDR block is not valid., describecn: 指定的 CIDR 格式不正确}, {code: InvalidVSwitchName.Malformed, describeen: Specified virtual switch name is not valid., describecn: 指定的 VSwitch 名字格式不正确}, {code: InvalidVSwitchDiscription.Malformed, describeen: Specified  virtual switch description is not valid., describecn: 指定的 VSwitch 描述信息格式不正确}, {code: ResourceNotAvailable, describeen: Resource you requested is not available in this region or zone., describecn: 指定的 Region 或者可用区不支持 VPC}, {code: InvalidParameter, describeen: Specified CIDR block is not valid in VPC., describecn: 指定的 CIDR 不正确}, {code: InvalidCidrBlock.Overlapped, describeen: Specified CIDR block overlapped with other subnets., describecn: 指定的 CIDR 与其他 VSwitch 的 CIDR 重叠}, {code: InvalidCidrBlock.Overlapped, describeen: Specified CIDR block overlapped with other entry, describecn: 指定的 CIDR 与已有的自定义路由的 CIDR 重叠}, {code: QuotaExceeded.VSwitch, describeen: Virtual switch quota exceeded., describecn: VSwitch 数量达到配额上限}, {code: IncorretRouteEntryStatus, describeen: Some route entry status blocked this operation., describecn: 部分自定义路由处于 pending 状态，创建 VSwitch 失败}, {code: IncorretVSwitchStatus, describeen: Some virtual switch is modifying within the same VPC., describecn: 部分 VSwitch 处于 pending 状态，创建 VSwitch 失败}, {code: InvalidCirdrBlock.MaskLength, describeen: Specified CIDR block is not valid., describecn: 指定的 CIDR 网段格式不正确}, {code: IncorrectVpcStatus, describeen: Current VPC status does not support this operation., describecn: 指定的 VPC 处于 pending 状态，创建 VSwitch 失败},{code: IncorrectVSwitchStatus, describeen: The current virtual switch status does not support this operation., describecn: 指定的VSwitch处于pending状态，无法删除}, {code: DependencyViolation, describeen: Specified object has dependent resources., describecn: 指定的VSwitch还有资源未释放，无法删除}, {code: DependencyViolation.HaVip, describeen: VSwitch cannot be deleted when there are some HaVip dependent with it., describecn: 指定的VSwitch还有HaVip资源未释放，无法删除}, {code: IncorretRouteEntryStatus, describeen: Some route entry status blocked this operation., describecn: 部分自定义路由条目处于pending状态，无法删除},{code: InvalidVSwitchName.Malformed, describeen: Specified virtual switch name is not valid., describecn: 指定的 VSwitch 名字格式不正确}, {code: InvalidVSwitchDiscription.Malformed, describeen: Specified virtual switch description is not valid., describecn: 指定的 VSwitch 描述内容格式不正确},{code: MissingParameter, describeen: Miss mandatory parameter., describecn: 缺少必要参数参数}, {code: InvalidCidrBlock.Malformed, describeen: Specified CIDR block is not valid., describecn: 指定的网段不合法}, {code: InvalidCIDRBlock.Duplicate, describeen: Specified CIDR block is already exists., describecn: 指定的网段已经在该路由表中存在}, {code: IncorrectVpcStatus, describeen: Current VPC status does not support this operation., describecn: 所指定的VPC未创建完成}, {code: QuotaExceeded, describeen: Route entry quota exceeded in this route table., describecn: 同一个路由表中自定义路由条目不能超过48条}, {code: IncorretRouteEntryStatus, describeen: Some route entry status blocked this operation., describecn: 同一个vpc下面的路由表中的任一个路由条目/VSwitch处在中间状态（添加中，修改中，删除中），不能创建路由条目}, {code: InvalidCidrBlock, describeen: Specified CIDR block is not valid., describecn:                 1. 该用户不在10.0.0.0/8的路由网段的白名单中，不能使用该网段。 &lt;br&gt;                2. 添加的自定义路由目标网段不能从属于同一个vpc下面所有vswitch的网段。&lt;br&gt;                3. 网段不能是：100.64.0.0/10。            }, {code: InvalidNexthopTypeAndList.BothNull, describeen: both nexthopType and nextHopList are null., describecn: NexthopType和NextHopList不能同时为空}, {code: InvalidRouterInterface, describeen: invalid router interface., describecn: 指定的RouterInterface不合法}, {code: InvalidOppositeRouterType, describeen: nexthop list cannot only contain router interface whose opposite router interface is on vbr., describecn: NextHopList只能包含对端路由器接口在VBR上的路由器接口}, {code: InvalidNexthopListSize, describeen: nexthop size is illegal. Must be between 2 and 4., describecn: NextHopList中需要包含2-4个下一跳}, {code: CountLimitExceed.HaVipRouteEntry, describeen: There can be 5 route entry to HaVip at most in one route table., describecn: 一个VPC内，指向HaVip对象的路由最多同时只能存在五条。}, {code: IncorrectHaVipStatus, describeen: This operation is denied because satus of the specified HaVip is neither Available nor InUse., describecn: 只有当HaVip的状态为Available或者InUse时，创建指向这个HaVip的路由。}, {code: InvalidVBRStatus, describeen: invalid virtual border router status., describecn: VBR状态不合法}, {code: InvalidPhysicalConnectionBusinessStatus, describeen: invalid physical connection business status., describecn: 物理专线业务状态被锁定}, {code: InvalidRouterType, describeen: Cannot specify nexthop list in vbr’s route table., describecn: 不能在VBR的路由表中指定NextHopList}, {code: InvalidRouteEntry.Duplicate, describeen: The route entry already exist., describecn: 该路由条目已经存在},{code: IncorrectRouteEntryStatus, describeen: Some route entry status blocked this operation., describecn:                 1. 同一个 VPC 下面的路由表中的任一个路由条目处在中间状态（添加中，修改中，删除中），不能删除路由条目。&lt;br&gt;                2. 同一个 VPC 下的 VSwitch 处在中间状态（创建中，删除中），不能再删除路由条目。            }, {code: MissingParameter, describeen: Miss mandatory parameter., describecn: 缺少必要参数}, {code: InvalidCidrBlock.Malformed, describeen: Specified CIDR block is not valid., describecn: CidrBlock 输入格式有误}, {code: OperationDenied, describeen: Specified operation is denied as route entry type is system., describecn: 不允许删除 System 的路由项}"/>
          </node>
          <node nodeName="403">
            <description value="{code: Forbidden.AccessKeyDisabled, describeen: The Access Key is disabled., describecn: 该 AccessKey 处于禁用状态}, {code: InvalidAction, describeen: Specified action is not valid., describecn: 该 key 无权调用该 API}, {code: UnsupportedHTTPMethod, describeen: This http method is not supported., describecn: 用户使用了不支持的 Http Method（当前 TOP 只支持 post 和 get）}, {code: MissingParameter, describeen: The input parameter OwnerId,OwnerAccount that is mandatory for processing this request is not supplied., describecn: 调用该接口没有指定 OwnerId}, {code: Forbidden.SubUser, describeen: The specified action is not available for you。, describecn: 无权调用订单类接口}, {code: Forbidden.RAM, describeen: User not authorized to operate the specified resource, or this API doesn’t support RAM., describecn: 使用了 RAM 授权子账号进行资源访问,但是本次操作没有被正确的授权}, {code: Forbidden.NotSupportRAM, describeen: This action does not support accessed by RAM mode., describecn: 该接口不允许使用 RAM 方式进行访问}, {code: RealNameAuthenticationError, describeen: Your account has not passed the real-name authentication yet., describecn: 用户未进行实名认证}, {code: InvalidIdempotenceParameter.Mismatch, describeen: The specified parameters are different from before, describecn: 幂等参数不匹配}, {code: LastTokenProcessing, describeen: The last token request is processing, describecn: 上一次请求还在处理中},{code: IncorrectInstanceStatus, describeen: The current status of the resource does not support this operation., describecn: 指定实例的状态不支持当前操作}"/>
          </node>
          <node nodeName="404">
            <description value="{code: Forbidden.InstanceNotFound, describeen: The specified Instance is not found, so we cann’t get enough information to check permission in RAM., describecn: 使用了 RAM 授权子账号进行资源访问，但是本次访问涉及到的 Instance 不存在}, {code: Forbidden.DiskNotFound, describeen: The specified Disk is not found, so we cann’t get enough information to check permission in RAM., describecn: 使用了 RAM 授权子账号进行资源访问,但是本次访问涉及到的 Disk 不存在}, {code: Forbidden.SecurityGroupNotFound, describeen: The specified SecurityGroup is not found, so we cann’t get enough information to check permission in RAM., describecn: 使用了 RAM 授权子账号进行资源访问,但是本次访问涉及到的 SecurityGroup 不存在}, {code: Forbidden.SnapshotNotFound, describeen: The specified Snapshot is not found, so we cann’t get enough information to check permission in RAM., describecn: 使用了 RAM 授权子账号进行资源访问,但是本次访问涉及到的 Snapshot 不存在}, {code: Forbidden.ImageNotFound, describeen: The specified Image is not found, so we cann’t get enough information to check permission in RAM., describecn: 使用了 RAM 授权子账号进行资源访问,但是本次访问涉及到的 Image 不存在},{code: Forbidden.RegionNotFound, describeen: Specified region is not found during access authentication., describecn: 指定的 Region 不存在},{code: InvalidVRouterId.NotFound, describeen: Specified virtual router does not exist., describecn: 指定的路由器不存在},{code: InvalidZoneId.NotFound, describeen: Specified zone does not exist., describecn: 指定的可用区不存在}, {code: InvalidVpcId.NotFound, describeen: Specified VPC does not exist., describecn: 指定的 VPC 不存在},{code: InvalidRegionId.NotFound, describeen: The RegionId provided does not exist in our records., describecn: 指定的 RegionId 不存在},{code: Forbidden.VpcNotFound, describeen: Specified VPC is not found during access authentication., describecn: 指定的 VPC 不存在},{code: InvalidVSwitchId.NotFound, describeen: The specified virtual switch does not exists., describecn: 指定的 VSwitch 不存在},{code: InvalidNextHopId.NotFound, describeen: Specified next hop does not exist., describecn: 指定的NextHopId不存在}, {code: InvalidInstanceId.NotFound, describeen: Specified instance does not exist., describecn: 指定的ECS实例不存在（实例不在该vpc下）}, {code: InvalidRouteTableId.NotFound, describeen: Specified route table does not exist., describecn: 指定的虚拟路由表不存在}, {code: InvalidNextHop.NotFound, describeen: Specified next hop does not exist., describecn: 指定的next hop不存在}, {code: InvalidHaViNpId.NotFound, describeen: The specified HaVip does not exist in the specified VPC., describecn: 指定的HaVip不存在，或者不属于当前RouterTable所在的VPC。},{code: InvalidRouteTableId.NotFound, describeen: Specified route table does not exist., describecn: RouteTableId 不存在}"/>
          </node>
          <node nodeName="500">
            <description value="{code: ServiceUnavailable, describeen: The request has failed due to a temporary failure of the server., describecn: 服务不可用}, {code: InternalError, describeen: The request processing has failed due to some unknown error, exception or failure., describecn: 其他情况}"/>
          </node>
        </responses>
      </get>
      <parameter>
        <node nodeName="$ref" value="#/paths/&quot;/public&quot;/request/parameters"/>
      </parameter>
      <summary value="查询用户名下路由表的列表"/>
      <x-requestsample nodeType="array">
        <x-requestsample>
          <description value="&lt;pre class=&quot;prettyprint linenums prettyprinted&quot; style=&quot;&quot;&gt;&lt;ol class=&quot;linenums&quot;&gt;&lt;li class=&quot;L0&quot;&gt;&lt;code&gt;&lt;span class=&quot;pln&quot;&gt;https&lt;/span&gt;&lt;span class=&quot;pun&quot;&gt;:&lt;/span&gt;&lt;span class=&quot;com&quot;&gt;//vpc.aliyuncs.com/?Action=DescribeRouteTables&lt;/span&gt;&lt;/code&gt;&lt;/li&gt;&lt;li class=&quot;L1&quot;&gt;&lt;code&gt;&lt;span class=&quot;pun&quot;&gt;&amp;amp;&lt;/span&gt;&lt;span class=&quot;typ&quot;&gt;VRouterId&lt;/span&gt;&lt;span class=&quot;pun&quot;&gt;=&lt;/span&gt;&lt;span class=&quot;pln&quot;&gt;vrt&lt;/span&gt;&lt;span class=&quot;pun&quot;&gt;-&lt;/span&gt;&lt;span class=&quot;lit&quot;&gt;25u5f8u2q&lt;/span&gt;&lt;/code&gt;&lt;/li&gt;&lt;li class=&quot;L2&quot;&gt;&lt;code&gt;&lt;span class=&quot;pun&quot;&gt;&amp;amp;&amp;lt;公共请求参数&amp;gt;&lt;/span&gt;&lt;/code&gt;&lt;/li&gt;&lt;/ol&gt;&lt;/pre&gt;"/>
          <id value="1"/>
        </x-requestsample>
        <x-requestsample>
          <description value="&lt;pre class=&quot;prettyprint linenums prettyprinted&quot; style=&quot;&quot;&gt;&lt;ol class=&quot;linenums&quot;&gt;&lt;li class=&quot;L0&quot;&gt;&lt;code&gt;&lt;span class=&quot;pln&quot;&gt;https&lt;/span&gt;&lt;span class=&quot;pun&quot;&gt;:&lt;/span&gt;&lt;span class=&quot;com&quot;&gt;//vpc.aliyuncs.com/?Action=DescribeRouteTables&lt;/span&gt;&lt;/code&gt;&lt;/li&gt;&lt;li class=&quot;L1&quot;&gt;&lt;code&gt;&lt;span class=&quot;pun&quot;&gt;&amp;amp;&lt;/span&gt;&lt;span class=&quot;typ&quot;&gt;VRouterId&lt;/span&gt;&lt;span class=&quot;pun&quot;&gt;=&lt;/span&gt;&lt;span class=&quot;pln&quot;&gt;vrt&lt;/span&gt;&lt;span class=&quot;pun&quot;&gt;-&lt;/span&gt;&lt;span class=&quot;lit&quot;&gt;25u5f8u2q&lt;/span&gt;&lt;/code&gt;&lt;/li&gt;&lt;li class=&quot;L2&quot;&gt;&lt;code&gt;&lt;span class=&quot;pun&quot;&gt;&amp;amp;&amp;lt;公共请求参数&amp;gt;&lt;/span&gt;&lt;/code&gt;&lt;/li&gt;&lt;/ol&gt;&lt;/pre&gt;"/>
          <id value="2"/>
        </x-requestsample>
      </x-requestsample>
      <x-responsesample nodeType="array">
        <x-responsesample>
          <description value="&lt;pre class=&quot;prettyprint linenums prettyprinted&quot; style=&quot;&quot;&gt;&lt;ol class=&quot;linenums&quot;&gt;&lt;li class=&quot;L0&quot;&gt;&lt;code class=&quot;lang-xml&quot;&gt;&lt;span class=&quot;tag&quot;&gt;&amp;lt;DescribeRouteTablesResponse&amp;gt;&lt;/span&gt;&lt;/code&gt;&lt;/li&gt;&lt;li class=&quot;L1&quot;&gt;&lt;code class=&quot;lang-xml&quot;&gt;&lt;span class=&quot;pln&quot;&gt;    &lt;/span&gt;&lt;span class=&quot;tag&quot;&gt;&amp;lt;RequestId&amp;gt;&lt;/span&gt;&lt;span class=&quot;pln&quot;&gt;913F8774-681A-4857-95D8-ACBAF044D453&lt;/span&gt;&lt;span class=&quot;tag&quot;&gt;&amp;lt;/RequestId&amp;gt;&lt;/span&gt;&lt;/code&gt;&lt;/li&gt;&lt;li class=&quot;L2&quot;&gt;&lt;code class=&quot;lang-xml&quot;&gt;&lt;span class=&quot;pln&quot;&gt;    &lt;/span&gt;&lt;span class=&quot;tag&quot;&gt;&amp;lt;RouteTables&amp;gt;&lt;/span&gt;&lt;/code&gt;&lt;/li&gt;&lt;li class=&quot;L3&quot;&gt;&lt;code class=&quot;lang-xml&quot;&gt;&lt;span class=&quot;pln&quot;&gt;        &lt;/span&gt;&lt;span class=&quot;tag&quot;&gt;&amp;lt;RouteTableId&amp;gt;&lt;/span&gt;&lt;span class=&quot;pln&quot;&gt;routetable01&lt;/span&gt;&lt;span class=&quot;tag&quot;&gt;&amp;lt;/RouteTableId&amp;gt;&lt;/span&gt;&lt;/code&gt;&lt;/li&gt;&lt;li class=&quot;L4&quot;&gt;&lt;code class=&quot;lang-xml&quot;&gt;&lt;span class=&quot;pln&quot;&gt;        &lt;/span&gt;&lt;span class=&quot;tag&quot;&gt;&amp;lt;RouteEntrys&amp;gt;&lt;/span&gt;&lt;/code&gt;&lt;/li&gt;&lt;li class=&quot;L5&quot;&gt;&lt;code class=&quot;lang-xml&quot;&gt;&lt;span class=&quot;pln&quot;&gt;            &lt;/span&gt;&lt;span class=&quot;tag&quot;&gt;&amp;lt;RouteEntry&amp;gt;&lt;/span&gt;&lt;/code&gt;&lt;/li&gt;&lt;li class=&quot;L6&quot;&gt;&lt;code class=&quot;lang-xml&quot;&gt;&lt;span class=&quot;pln&quot;&gt;                &lt;/span&gt;&lt;span class=&quot;tag&quot;&gt;&amp;lt;DestinationCidrBlock&amp;gt;&lt;/span&gt;&lt;span class=&quot;pln&quot;&gt;192.168.10.1/32&lt;/span&gt;&lt;span class=&quot;tag&quot;&gt;&amp;lt;/DestinationCidrBlock&amp;gt;&lt;/span&gt;&lt;/code&gt;&lt;/li&gt;&lt;li class=&quot;L7&quot;&gt;&lt;code class=&quot;lang-xml&quot;&gt;&lt;span class=&quot;pln&quot;&gt;                &lt;/span&gt;&lt;span class=&quot;tag&quot;&gt;&amp;lt;Type&amp;gt;&lt;/span&gt;&lt;span class=&quot;pln&quot;&gt;Custom&lt;/span&gt;&lt;span class=&quot;tag&quot;&gt;&amp;lt;/Type&amp;gt;&lt;/span&gt;&lt;/code&gt;&lt;/li&gt;&lt;li class=&quot;L8&quot;&gt;&lt;code class=&quot;lang-xml&quot;&gt;&lt;span class=&quot;pln&quot;&gt;                &lt;/span&gt;&lt;span class=&quot;tag&quot;&gt;&amp;lt;InstanceId&amp;gt;&lt;/span&gt;&lt;span class=&quot;pln&quot;&gt; i-25skktcp4&lt;/span&gt;&lt;span class=&quot;tag&quot;&gt;&amp;lt;/InstanceId&amp;gt;&lt;/span&gt;&lt;/code&gt;&lt;/li&gt;&lt;li class=&quot;L9&quot;&gt;&lt;code class=&quot;lang-xml&quot;&gt;&lt;span class=&quot;pln&quot;&gt;                &lt;/span&gt;&lt;span class=&quot;tag&quot;&gt;&amp;lt;Status&amp;gt;&lt;/span&gt;&lt;span class=&quot;pln&quot;&gt;Available&lt;/span&gt;&lt;span class=&quot;tag&quot;&gt;&amp;lt;/Status&amp;gt;&lt;/span&gt;&lt;/code&gt;&lt;/li&gt;&lt;li class=&quot;L0&quot;&gt;&lt;code class=&quot;lang-xml&quot;&gt;&lt;span class=&quot;pln&quot;&gt;                &lt;/span&gt;&lt;span class=&quot;tag&quot;&gt;&amp;lt;RouteTableId&amp;gt;&lt;/span&gt;&lt;span class=&quot;pln&quot;&gt; vtb-25vtxl5ct&lt;/span&gt;&lt;span class=&quot;tag&quot;&gt;&amp;lt;/RouteTableId&amp;gt;&lt;/span&gt;&lt;/code&gt;&lt;/li&gt;&lt;li class=&quot;L1&quot;&gt;&lt;code class=&quot;lang-xml&quot;&gt;&lt;span class=&quot;pln&quot;&gt;               &lt;/span&gt;&lt;span class=&quot;tag&quot;&gt;&amp;lt;/RouteEntry&amp;gt;&lt;/span&gt;&lt;/code&gt;&lt;/li&gt;&lt;li class=&quot;L2&quot;&gt;&lt;code class=&quot;lang-xml&quot;&gt;&lt;span class=&quot;pln&quot;&gt;            &lt;/span&gt;&lt;span class=&quot;tag&quot;&gt;&amp;lt;RouteEntry&amp;gt;&lt;/span&gt;&lt;/code&gt;&lt;/li&gt;&lt;li class=&quot;L3&quot;&gt;&lt;code class=&quot;lang-xml&quot;&gt;&lt;span class=&quot;pln&quot;&gt;                 &lt;/span&gt;&lt;span class=&quot;tag&quot;&gt;&amp;lt;DestinationCidrBlock&amp;gt;&lt;/span&gt;&lt;span class=&quot;pln&quot;&gt;192.168.1.0/24&lt;/span&gt;&lt;span class=&quot;tag&quot;&gt;&amp;lt;/DestinationCidrBlock&amp;gt;&lt;/span&gt;&lt;/code&gt;&lt;/li&gt;&lt;li class=&quot;L4&quot;&gt;&lt;code class=&quot;lang-xml&quot;&gt;&lt;span class=&quot;pln&quot;&gt;                &lt;/span&gt;&lt;span class=&quot;tag&quot;&gt;&amp;lt;InstanceId&amp;gt;&amp;lt;/InstanceId&amp;gt;&lt;/span&gt;&lt;/code&gt;&lt;/li&gt;&lt;li class=&quot;L5&quot;&gt;&lt;code class=&quot;lang-xml&quot;&gt;&lt;span class=&quot;pln&quot;&gt;                &lt;/span&gt;&lt;span class=&quot;tag&quot;&gt;&amp;lt;RouteTableId&amp;gt;&lt;/span&gt;&lt;span class=&quot;pln&quot;&gt;vtb-25vtxl5ct&lt;/span&gt;&lt;span class=&quot;tag&quot;&gt;&amp;lt;/RouteTableId&amp;gt;&lt;/span&gt;&lt;/code&gt;&lt;/li&gt;&lt;li class=&quot;L6&quot;&gt;&lt;code class=&quot;lang-xml&quot;&gt;&lt;span class=&quot;pln&quot;&gt;                &lt;/span&gt;&lt;span class=&quot;tag&quot;&gt;&amp;lt;Status&amp;gt;&lt;/span&gt;&lt;span class=&quot;pln&quot;&gt;Available&lt;/span&gt;&lt;span class=&quot;tag&quot;&gt;&amp;lt;/Status&amp;gt;&lt;/span&gt;&lt;/code&gt;&lt;/li&gt;&lt;li class=&quot;L7&quot;&gt;&lt;code class=&quot;lang-xml&quot;&gt;&lt;span class=&quot;pln&quot;&gt;                &lt;/span&gt;&lt;span class=&quot;tag&quot;&gt;&amp;lt;Type&amp;gt;&lt;/span&gt;&lt;span class=&quot;pln&quot;&gt;System&lt;/span&gt;&lt;span class=&quot;tag&quot;&gt;&amp;lt;/Type&amp;gt;&lt;/span&gt;&lt;/code&gt;&lt;/li&gt;&lt;li class=&quot;L8&quot;&gt;&lt;code class=&quot;lang-xml&quot;&gt;&lt;span class=&quot;pln&quot;&gt;               &lt;/span&gt;&lt;span class=&quot;tag&quot;&gt;&amp;lt;/RouteEntry&amp;gt;&lt;/span&gt;&lt;/code&gt;&lt;/li&gt;&lt;li class=&quot;L9&quot;&gt;&lt;code class=&quot;lang-xml&quot;&gt;&lt;span class=&quot;pln&quot;&gt;            &lt;/span&gt;&lt;span class=&quot;tag&quot;&gt;&amp;lt;RouteEntry&amp;gt;&lt;/span&gt;&lt;/code&gt;&lt;/li&gt;&lt;li class=&quot;L0&quot;&gt;&lt;code class=&quot;lang-xml&quot;&gt;&lt;span class=&quot;pln&quot;&gt;                &lt;/span&gt;&lt;span class=&quot;tag&quot;&gt;&amp;lt;DestinationCidrBlock&amp;gt;&lt;/span&gt;&lt;span class=&quot;pln&quot;&gt;100.64.0.0/10&lt;/span&gt;&lt;span class=&quot;tag&quot;&gt;&amp;lt;/DestinationCidrBlock&amp;gt;&lt;/span&gt;&lt;/code&gt;&lt;/li&gt;&lt;li class=&quot;L1&quot;&gt;&lt;code class=&quot;lang-xml&quot;&gt;&lt;span class=&quot;pln&quot;&gt;                &lt;/span&gt;&lt;span class=&quot;tag&quot;&gt;&amp;lt;InstanceId&amp;gt;&amp;lt;/InstanceId&amp;gt;&lt;/span&gt;&lt;/code&gt;&lt;/li&gt;&lt;li class=&quot;L2&quot;&gt;&lt;code class=&quot;lang-xml&quot;&gt;&lt;span class=&quot;pln&quot;&gt;                &lt;/span&gt;&lt;span class=&quot;tag&quot;&gt;&amp;lt;RouteTableId&amp;gt;&lt;/span&gt;&lt;span class=&quot;pln&quot;&gt;vtb-25vtxl5ct&lt;/span&gt;&lt;span class=&quot;tag&quot;&gt;&amp;lt;/RouteTableId&amp;gt;&lt;/span&gt;&lt;/code&gt;&lt;/li&gt;&lt;li class=&quot;L3&quot;&gt;&lt;code class=&quot;lang-xml&quot;&gt;&lt;span class=&quot;pln&quot;&gt;                &lt;/span&gt;&lt;span class=&quot;tag&quot;&gt;&amp;lt;Status&amp;gt;&lt;/span&gt;&lt;span class=&quot;pln&quot;&gt;Available&lt;/span&gt;&lt;span class=&quot;tag&quot;&gt;&amp;lt;/Status&amp;gt;&lt;/span&gt;&lt;/code&gt;&lt;/li&gt;&lt;li class=&quot;L4&quot;&gt;&lt;code class=&quot;lang-xml&quot;&gt;&lt;span class=&quot;pln&quot;&gt;                &lt;/span&gt;&lt;span class=&quot;tag&quot;&gt;&amp;lt;Type&amp;gt;&lt;/span&gt;&lt;span class=&quot;pln&quot;&gt;System&lt;/span&gt;&lt;span class=&quot;tag&quot;&gt;&amp;lt;/Type&amp;gt;&lt;/span&gt;&lt;/code&gt;&lt;/li&gt;&lt;li class=&quot;L5&quot;&gt;&lt;code class=&quot;lang-xml&quot;&gt;&lt;span class=&quot;pln&quot;&gt;            &lt;/span&gt;&lt;span class=&quot;tag&quot;&gt;&amp;lt;/RouteEntry&amp;gt;&lt;/span&gt;&lt;/code&gt;&lt;/li&gt;&lt;li class=&quot;L6&quot;&gt;&lt;code class=&quot;lang-xml&quot;&gt;&lt;span class=&quot;pln&quot;&gt;            &lt;/span&gt;&lt;span class=&quot;tag&quot;&gt;&amp;lt;RouteEntry&amp;gt;&lt;/span&gt;&lt;/code&gt;&lt;/li&gt;&lt;li class=&quot;L7&quot;&gt;&lt;code class=&quot;lang-xml&quot;&gt;&lt;span class=&quot;pln&quot;&gt;                &lt;/span&gt;&lt;span class=&quot;tag&quot;&gt;&amp;lt;DestinationCidrBlock&amp;gt;&lt;/span&gt;&lt;span class=&quot;pln&quot;&gt;10.0.0.0/8&lt;/span&gt;&lt;span class=&quot;tag&quot;&gt;&amp;lt;/DestinationCidrBlock&amp;gt;&lt;/span&gt;&lt;/code&gt;&lt;/li&gt;&lt;li class=&quot;L8&quot;&gt;&lt;code class=&quot;lang-xml&quot;&gt;&lt;span class=&quot;pln&quot;&gt;                &lt;/span&gt;&lt;span class=&quot;tag&quot;&gt;&amp;lt;InstanceId&amp;gt;&amp;lt;/InstanceId&amp;gt;&lt;/span&gt;&lt;/code&gt;&lt;/li&gt;&lt;li class=&quot;L9&quot;&gt;&lt;code class=&quot;lang-xml&quot;&gt;&lt;span class=&quot;pln&quot;&gt;                &lt;/span&gt;&lt;span class=&quot;tag&quot;&gt;&amp;lt;RouteTableId&amp;gt;&lt;/span&gt;&lt;span class=&quot;pln&quot;&gt;vtb-25vtxl5ct&lt;/span&gt;&lt;span class=&quot;tag&quot;&gt;&amp;lt;/RouteTableId&amp;gt;&lt;/span&gt;&lt;/code&gt;&lt;/li&gt;&lt;li class=&quot;L0&quot;&gt;&lt;code class=&quot;lang-xml&quot;&gt;&lt;span class=&quot;pln&quot;&gt;                &lt;/span&gt;&lt;span class=&quot;tag&quot;&gt;&amp;lt;Status&amp;gt;&lt;/span&gt;&lt;span class=&quot;pln&quot;&gt;Available&lt;/span&gt;&lt;span class=&quot;tag&quot;&gt;&amp;lt;/Status&amp;gt;&lt;/span&gt;&lt;/code&gt;&lt;/li&gt;&lt;li class=&quot;L1&quot;&gt;&lt;code class=&quot;lang-xml&quot;&gt;&lt;span class=&quot;pln&quot;&gt;                &lt;/span&gt;&lt;span class=&quot;tag&quot;&gt;&amp;lt;Type&amp;gt;&lt;/span&gt;&lt;span class=&quot;pln&quot;&gt;System&lt;/span&gt;&lt;span class=&quot;tag&quot;&gt;&amp;lt;/Type&amp;gt;&lt;/span&gt;&lt;/code&gt;&lt;/li&gt;&lt;li class=&quot;L2&quot;&gt;&lt;code class=&quot;lang-xml&quot;&gt;&lt;span class=&quot;pln&quot;&gt;            &lt;/span&gt;&lt;span class=&quot;tag&quot;&gt;&amp;lt;/RouteEntry&amp;gt;&lt;/span&gt;&lt;/code&gt;&lt;/li&gt;&lt;li class=&quot;L3&quot;&gt;&lt;code class=&quot;lang-xml&quot;&gt;&lt;span class=&quot;pln&quot;&gt;        &lt;/span&gt;&lt;span class=&quot;tag&quot;&gt;&amp;lt;/RouteEntrys&amp;gt;&lt;/span&gt;&lt;/code&gt;&lt;/li&gt;&lt;li class=&quot;L4&quot;&gt;&lt;code class=&quot;lang-xml&quot;&gt;&lt;span class=&quot;pln&quot;&gt;        &lt;/span&gt;&lt;span class=&quot;tag&quot;&gt;&amp;lt;RouteTableId&amp;gt;&lt;/span&gt;&lt;span class=&quot;pln&quot;&gt; vtb-25vtxl5ct&lt;/span&gt;&lt;span class=&quot;tag&quot;&gt;&amp;lt;/RouteTableId&amp;gt;&lt;/span&gt;&lt;/code&gt;&lt;/li&gt;&lt;li class=&quot;L5&quot;&gt;&lt;code class=&quot;lang-xml&quot;&gt;&lt;span class=&quot;pln&quot;&gt;        &lt;/span&gt;&lt;span class=&quot;tag&quot;&gt;&amp;lt;RouteTableType&amp;gt;&lt;/span&gt;&lt;span class=&quot;pln&quot;&gt;System&lt;/span&gt;&lt;span class=&quot;tag&quot;&gt;&amp;lt;/RouteTableType&amp;gt;&lt;/span&gt;&lt;/code&gt;&lt;/li&gt;&lt;li class=&quot;L6&quot;&gt;&lt;code class=&quot;lang-xml&quot;&gt;&lt;span class=&quot;pln&quot;&gt;        &lt;/span&gt;&lt;span class=&quot;tag&quot;&gt;&amp;lt;VRouterId&amp;gt;&lt;/span&gt;&lt;span class=&quot;pln&quot;&gt;vrt-25u5f8u2q&lt;/span&gt;&lt;span class=&quot;tag&quot;&gt;&amp;lt;/VRouterId&amp;gt;&lt;/span&gt;&lt;/code&gt;&lt;/li&gt;&lt;li class=&quot;L7&quot;&gt;&lt;code class=&quot;lang-xml&quot;&gt;&lt;span class=&quot;pln&quot;&gt;         &lt;/span&gt;&lt;span class=&quot;tag&quot;&gt;&amp;lt;CreationTime&amp;gt;&lt;/span&gt;&lt;span class=&quot;pln&quot;&gt; 2014-09-11T04:52:53Z &lt;/span&gt;&lt;span class=&quot;tag&quot;&gt;&amp;lt;/CreationTime&amp;gt;&lt;/span&gt;&lt;/code&gt;&lt;/li&gt;&lt;li class=&quot;L8&quot;&gt;&lt;code class=&quot;lang-xml&quot;&gt;&lt;span class=&quot;pln&quot;&gt;    &lt;/span&gt;&lt;span class=&quot;tag&quot;&gt;&amp;lt;/RouteTables&amp;gt;&lt;/span&gt;&lt;/code&gt;&lt;/li&gt;&lt;li class=&quot;L9&quot;&gt;&lt;code class=&quot;lang-xml&quot;&gt;&lt;span class=&quot;tag&quot;&gt;&amp;lt;/DescribeRouteTablesResponse&amp;gt;&lt;/span&gt;&lt;/code&gt;&lt;/li&gt;&lt;/ol&gt;&lt;/pre&gt;"/>
          <id value="1"/>
          <note value="XML格式"/>
        </x-responsesample>
        <x-responsesample>
          <description value="&lt;pre class=&quot;prettyprint linenums prettyprinted&quot; style=&quot;&quot;&gt;&lt;ol class=&quot;linenums&quot;&gt;&lt;li class=&quot;L0&quot;&gt;&lt;code class=&quot;lang-json&quot;&gt;&lt;span class=&quot;pun&quot;&gt;{&lt;/span&gt;&lt;/code&gt;&lt;/li&gt;&lt;li class=&quot;L1&quot;&gt;&lt;code class=&quot;lang-json&quot;&gt;&lt;span class=&quot;pln&quot;&gt;  &lt;/span&gt;&lt;span class=&quot;str&quot;&gt;&quot;PageNumber&quot;&lt;/span&gt;&lt;span class=&quot;pun&quot;&gt;:&lt;/span&gt;&lt;span class=&quot;pln&quot;&gt; &lt;/span&gt;&lt;span class=&quot;lit&quot;&gt;1&lt;/span&gt;&lt;span class=&quot;pun&quot;&gt;,&lt;/span&gt;&lt;/code&gt;&lt;/li&gt;&lt;li class=&quot;L2&quot;&gt;&lt;code class=&quot;lang-json&quot;&gt;&lt;span class=&quot;pln&quot;&gt;  &lt;/span&gt;&lt;span class=&quot;str&quot;&gt;&quot;PageSize&quot;&lt;/span&gt;&lt;span class=&quot;pun&quot;&gt;:&lt;/span&gt;&lt;span class=&quot;pln&quot;&gt; &lt;/span&gt;&lt;span class=&quot;lit&quot;&gt;10&lt;/span&gt;&lt;span class=&quot;pun&quot;&gt;,&lt;/span&gt;&lt;/code&gt;&lt;/li&gt;&lt;li class=&quot;L3&quot;&gt;&lt;code class=&quot;lang-json&quot;&gt;&lt;span class=&quot;pln&quot;&gt;  &lt;/span&gt;&lt;span class=&quot;str&quot;&gt;&quot;RequestId&quot;&lt;/span&gt;&lt;span class=&quot;pun&quot;&gt;:&lt;/span&gt;&lt;span class=&quot;pln&quot;&gt; &lt;/span&gt;&lt;span class=&quot;str&quot;&gt;&quot;913F8774-681A-4857-95D8-ACBAF044D453&quot;&lt;/span&gt;&lt;span class=&quot;pun&quot;&gt;,&lt;/span&gt;&lt;/code&gt;&lt;/li&gt;&lt;li class=&quot;L4&quot;&gt;&lt;code class=&quot;lang-json&quot;&gt;&lt;span class=&quot;pln&quot;&gt;  &lt;/span&gt;&lt;span class=&quot;str&quot;&gt;&quot;RouteTables&quot;&lt;/span&gt;&lt;span class=&quot;pun&quot;&gt;:&lt;/span&gt;&lt;span class=&quot;pln&quot;&gt; &lt;/span&gt;&lt;span class=&quot;pun&quot;&gt;{&lt;/span&gt;&lt;/code&gt;&lt;/li&gt;&lt;li class=&quot;L5&quot;&gt;&lt;code class=&quot;lang-json&quot;&gt;&lt;span class=&quot;pln&quot;&gt;    &lt;/span&gt;&lt;span class=&quot;str&quot;&gt;&quot;RouteTable&quot;&lt;/span&gt;&lt;span class=&quot;pun&quot;&gt;:&lt;/span&gt;&lt;span class=&quot;pln&quot;&gt; &lt;/span&gt;&lt;span class=&quot;pun&quot;&gt;[&lt;/span&gt;&lt;/code&gt;&lt;/li&gt;&lt;li class=&quot;L6&quot;&gt;&lt;code class=&quot;lang-json&quot;&gt;&lt;span class=&quot;pln&quot;&gt;      &lt;/span&gt;&lt;span class=&quot;pun&quot;&gt;{&lt;/span&gt;&lt;/code&gt;&lt;/li&gt;&lt;li class=&quot;L7&quot;&gt;&lt;code class=&quot;lang-json&quot;&gt;&lt;span class=&quot;pln&quot;&gt;        &lt;/span&gt;&lt;span class=&quot;str&quot;&gt;&quot;CreationTime&quot;&lt;/span&gt;&lt;span class=&quot;pun&quot;&gt;:&lt;/span&gt;&lt;span class=&quot;pln&quot;&gt; &lt;/span&gt;&lt;span class=&quot;str&quot;&gt;&quot;2014-09-11T04:52:53Z&quot;&lt;/span&gt;&lt;span class=&quot;pun&quot;&gt;,&lt;/span&gt;&lt;/code&gt;&lt;/li&gt;&lt;li class=&quot;L8&quot;&gt;&lt;code class=&quot;lang-json&quot;&gt;&lt;span class=&quot;pln&quot;&gt;        &lt;/span&gt;&lt;span class=&quot;str&quot;&gt;&quot;RouteEntrys&quot;&lt;/span&gt;&lt;span class=&quot;pun&quot;&gt;:&lt;/span&gt;&lt;span class=&quot;pln&quot;&gt; &lt;/span&gt;&lt;span class=&quot;pun&quot;&gt;{&lt;/span&gt;&lt;/code&gt;&lt;/li&gt;&lt;li class=&quot;L9&quot;&gt;&lt;code class=&quot;lang-json&quot;&gt;&lt;span class=&quot;pln&quot;&gt;          &lt;/span&gt;&lt;span class=&quot;str&quot;&gt;&quot;RouteEntry&quot;&lt;/span&gt;&lt;span class=&quot;pun&quot;&gt;:&lt;/span&gt;&lt;span class=&quot;pln&quot;&gt; &lt;/span&gt;&lt;span class=&quot;pun&quot;&gt;[&lt;/span&gt;&lt;/code&gt;&lt;/li&gt;&lt;li class=&quot;L0&quot;&gt;&lt;code class=&quot;lang-json&quot;&gt;&lt;span class=&quot;pln&quot;&gt;            &lt;/span&gt;&lt;span class=&quot;pun&quot;&gt;{&lt;/span&gt;&lt;/code&gt;&lt;/li&gt;&lt;li class=&quot;L1&quot;&gt;&lt;code class=&quot;lang-json&quot;&gt;&lt;span class=&quot;pln&quot;&gt;              &lt;/span&gt;&lt;span class=&quot;str&quot;&gt;&quot;DestinationCidrBlock&quot;&lt;/span&gt;&lt;span class=&quot;pun&quot;&gt;:&lt;/span&gt;&lt;span class=&quot;pln&quot;&gt; &lt;/span&gt;&lt;span class=&quot;str&quot;&gt;&quot;192.168.10.1/32&quot;&lt;/span&gt;&lt;span class=&quot;pun&quot;&gt;,&lt;/span&gt;&lt;/code&gt;&lt;/li&gt;&lt;li class=&quot;L2&quot;&gt;&lt;code class=&quot;lang-json&quot;&gt;&lt;span class=&quot;pln&quot;&gt;              &lt;/span&gt;&lt;span class=&quot;str&quot;&gt;&quot;InstanceId&quot;&lt;/span&gt;&lt;span class=&quot;pun&quot;&gt;:&lt;/span&gt;&lt;span class=&quot;pln&quot;&gt; &lt;/span&gt;&lt;span class=&quot;str&quot;&gt;&quot;i-25skktcp4&quot;&lt;/span&gt;&lt;span class=&quot;pun&quot;&gt;,&lt;/span&gt;&lt;/code&gt;&lt;/li&gt;&lt;li class=&quot;L3&quot;&gt;&lt;code class=&quot;lang-json&quot;&gt;&lt;span class=&quot;pln&quot;&gt;              &lt;/span&gt;&lt;span class=&quot;str&quot;&gt;&quot;RouteTableId&quot;&lt;/span&gt;&lt;span class=&quot;pun&quot;&gt;:&lt;/span&gt;&lt;span class=&quot;pln&quot;&gt; &lt;/span&gt;&lt;span class=&quot;str&quot;&gt;&quot;vtb-25vtxl5ct&quot;&lt;/span&gt;&lt;span class=&quot;pun&quot;&gt;,&lt;/span&gt;&lt;/code&gt;&lt;/li&gt;&lt;li class=&quot;L4&quot;&gt;&lt;code class=&quot;lang-json&quot;&gt;&lt;span class=&quot;pln&quot;&gt;              &lt;/span&gt;&lt;span class=&quot;str&quot;&gt;&quot;Status&quot;&lt;/span&gt;&lt;span class=&quot;pun&quot;&gt;:&lt;/span&gt;&lt;span class=&quot;pln&quot;&gt; &lt;/span&gt;&lt;span class=&quot;str&quot;&gt;&quot;Available&quot;&lt;/span&gt;&lt;span class=&quot;pun&quot;&gt;,&lt;/span&gt;&lt;/code&gt;&lt;/li&gt;&lt;li class=&quot;L5&quot;&gt;&lt;code class=&quot;lang-json&quot;&gt;&lt;span class=&quot;pln&quot;&gt;              &lt;/span&gt;&lt;span class=&quot;str&quot;&gt;&quot;Type&quot;&lt;/span&gt;&lt;span class=&quot;pun&quot;&gt;:&lt;/span&gt;&lt;span class=&quot;pln&quot;&gt; &lt;/span&gt;&lt;span class=&quot;str&quot;&gt;&quot;Custom&quot;&lt;/span&gt;&lt;/code&gt;&lt;/li&gt;&lt;li class=&quot;L6&quot;&gt;&lt;code class=&quot;lang-json&quot;&gt;&lt;span class=&quot;pln&quot;&gt;            &lt;/span&gt;&lt;span class=&quot;pun&quot;&gt;},&lt;/span&gt;&lt;/code&gt;&lt;/li&gt;&lt;li class=&quot;L7&quot;&gt;&lt;code class=&quot;lang-json&quot;&gt;&lt;span class=&quot;pln&quot;&gt;            &lt;/span&gt;&lt;span class=&quot;pun&quot;&gt;{&lt;/span&gt;&lt;/code&gt;&lt;/li&gt;&lt;li class=&quot;L8&quot;&gt;&lt;code class=&quot;lang-json&quot;&gt;&lt;span class=&quot;pln&quot;&gt;              &lt;/span&gt;&lt;span class=&quot;str&quot;&gt;&quot;DestinationCidrBlock&quot;&lt;/span&gt;&lt;span class=&quot;pun&quot;&gt;:&lt;/span&gt;&lt;span class=&quot;pln&quot;&gt; &lt;/span&gt;&lt;span class=&quot;str&quot;&gt;&quot;192.168.1.0/24&quot;&lt;/span&gt;&lt;span class=&quot;pun&quot;&gt;,&lt;/span&gt;&lt;/code&gt;&lt;/li&gt;&lt;li class=&quot;L9&quot;&gt;&lt;code class=&quot;lang-json&quot;&gt;&lt;span class=&quot;pln&quot;&gt;              &lt;/span&gt;&lt;span class=&quot;str&quot;&gt;&quot;InstanceId&quot;&lt;/span&gt;&lt;span class=&quot;pun&quot;&gt;:&lt;/span&gt;&lt;span class=&quot;pln&quot;&gt; &lt;/span&gt;&lt;span class=&quot;str&quot;&gt;&quot;&quot;&lt;/span&gt;&lt;span class=&quot;pun&quot;&gt;,&lt;/span&gt;&lt;/code&gt;&lt;/li&gt;&lt;li class=&quot;L0&quot;&gt;&lt;code class=&quot;lang-json&quot;&gt;&lt;span class=&quot;pln&quot;&gt;              &lt;/span&gt;&lt;span class=&quot;str&quot;&gt;&quot;RouteTableId&quot;&lt;/span&gt;&lt;span class=&quot;pun&quot;&gt;:&lt;/span&gt;&lt;span class=&quot;pln&quot;&gt; &lt;/span&gt;&lt;span class=&quot;str&quot;&gt;&quot;vtb-25vtxl5ct&quot;&lt;/span&gt;&lt;span class=&quot;pun&quot;&gt;,&lt;/span&gt;&lt;/code&gt;&lt;/li&gt;&lt;li class=&quot;L1&quot;&gt;&lt;code class=&quot;lang-json&quot;&gt;&lt;span class=&quot;pln&quot;&gt;              &lt;/span&gt;&lt;span class=&quot;str&quot;&gt;&quot;Status&quot;&lt;/span&gt;&lt;span class=&quot;pun&quot;&gt;:&lt;/span&gt;&lt;span class=&quot;pln&quot;&gt; &lt;/span&gt;&lt;span class=&quot;str&quot;&gt;&quot;Available&quot;&lt;/span&gt;&lt;span class=&quot;pun&quot;&gt;,&lt;/span&gt;&lt;/code&gt;&lt;/li&gt;&lt;li class=&quot;L2&quot;&gt;&lt;code class=&quot;lang-json&quot;&gt;&lt;span class=&quot;pln&quot;&gt;              &lt;/span&gt;&lt;span class=&quot;str&quot;&gt;&quot;Type&quot;&lt;/span&gt;&lt;span class=&quot;pun&quot;&gt;:&lt;/span&gt;&lt;span class=&quot;pln&quot;&gt; &lt;/span&gt;&lt;span class=&quot;str&quot;&gt;&quot;System&quot;&lt;/span&gt;&lt;/code&gt;&lt;/li&gt;&lt;li class=&quot;L3&quot;&gt;&lt;code class=&quot;lang-json&quot;&gt;&lt;span class=&quot;pln&quot;&gt;            &lt;/span&gt;&lt;span class=&quot;pun&quot;&gt;},&lt;/span&gt;&lt;/code&gt;&lt;/li&gt;&lt;li class=&quot;L4&quot;&gt;&lt;code class=&quot;lang-json&quot;&gt;&lt;span class=&quot;pln&quot;&gt;            &lt;/span&gt;&lt;span class=&quot;pun&quot;&gt;{&lt;/span&gt;&lt;/code&gt;&lt;/li&gt;&lt;li class=&quot;L5&quot;&gt;&lt;code class=&quot;lang-json&quot;&gt;&lt;span class=&quot;pln&quot;&gt;              &lt;/span&gt;&lt;span class=&quot;str&quot;&gt;&quot;DestinationCidrBlock&quot;&lt;/span&gt;&lt;span class=&quot;pun&quot;&gt;:&lt;/span&gt;&lt;span class=&quot;pln&quot;&gt; &lt;/span&gt;&lt;span class=&quot;str&quot;&gt;&quot;100.64.0.0/10&quot;&lt;/span&gt;&lt;span class=&quot;pun&quot;&gt;,&lt;/span&gt;&lt;/code&gt;&lt;/li&gt;&lt;li class=&quot;L6&quot;&gt;&lt;code class=&quot;lang-json&quot;&gt;&lt;span class=&quot;pln&quot;&gt;              &lt;/span&gt;&lt;span class=&quot;str&quot;&gt;&quot;InstanceId&quot;&lt;/span&gt;&lt;span class=&quot;pun&quot;&gt;:&lt;/span&gt;&lt;span class=&quot;pln&quot;&gt; &lt;/span&gt;&lt;span class=&quot;str&quot;&gt;&quot;&quot;&lt;/span&gt;&lt;span class=&quot;pun&quot;&gt;,&lt;/span&gt;&lt;/code&gt;&lt;/li&gt;&lt;li class=&quot;L7&quot;&gt;&lt;code class=&quot;lang-json&quot;&gt;&lt;span class=&quot;pln&quot;&gt;              &lt;/span&gt;&lt;span class=&quot;str&quot;&gt;&quot;RouteTableId&quot;&lt;/span&gt;&lt;span class=&quot;pun&quot;&gt;:&lt;/span&gt;&lt;span class=&quot;pln&quot;&gt; &lt;/span&gt;&lt;span class=&quot;str&quot;&gt;&quot;vtb-25vtxl5ct&quot;&lt;/span&gt;&lt;span class=&quot;pun&quot;&gt;,&lt;/span&gt;&lt;/code&gt;&lt;/li&gt;&lt;li class=&quot;L8&quot;&gt;&lt;code class=&quot;lang-json&quot;&gt;&lt;span class=&quot;pln&quot;&gt;              &lt;/span&gt;&lt;span class=&quot;str&quot;&gt;&quot;Status&quot;&lt;/span&gt;&lt;span class=&quot;pun&quot;&gt;:&lt;/span&gt;&lt;span class=&quot;pln&quot;&gt; &lt;/span&gt;&lt;span class=&quot;str&quot;&gt;&quot;Available&quot;&lt;/span&gt;&lt;span class=&quot;pun&quot;&gt;,&lt;/span&gt;&lt;/code&gt;&lt;/li&gt;&lt;li class=&quot;L9&quot;&gt;&lt;code class=&quot;lang-json&quot;&gt;&lt;span class=&quot;pln&quot;&gt;              &lt;/span&gt;&lt;span class=&quot;str&quot;&gt;&quot;Type&quot;&lt;/span&gt;&lt;span class=&quot;pun&quot;&gt;:&lt;/span&gt;&lt;span class=&quot;pln&quot;&gt; &lt;/span&gt;&lt;span class=&quot;str&quot;&gt;&quot;System&quot;&lt;/span&gt;&lt;/code&gt;&lt;/li&gt;&lt;li class=&quot;L0&quot;&gt;&lt;code class=&quot;lang-json&quot;&gt;&lt;span class=&quot;pln&quot;&gt;            &lt;/span&gt;&lt;span class=&quot;pun&quot;&gt;},&lt;/span&gt;&lt;/code&gt;&lt;/li&gt;&lt;li class=&quot;L1&quot;&gt;&lt;code class=&quot;lang-json&quot;&gt;&lt;span class=&quot;pln&quot;&gt;            &lt;/span&gt;&lt;span class=&quot;pun&quot;&gt;{&lt;/span&gt;&lt;/code&gt;&lt;/li&gt;&lt;li class=&quot;L2&quot;&gt;&lt;code class=&quot;lang-json&quot;&gt;&lt;span class=&quot;pln&quot;&gt;              &lt;/span&gt;&lt;span class=&quot;str&quot;&gt;&quot;DestinationCidrBlock&quot;&lt;/span&gt;&lt;span class=&quot;pun&quot;&gt;:&lt;/span&gt;&lt;span class=&quot;pln&quot;&gt; &lt;/span&gt;&lt;span class=&quot;str&quot;&gt;&quot;10.0.0.0/8&quot;&lt;/span&gt;&lt;span class=&quot;pun&quot;&gt;,&lt;/span&gt;&lt;/code&gt;&lt;/li&gt;&lt;li class=&quot;L3&quot;&gt;&lt;code class=&quot;lang-json&quot;&gt;&lt;span class=&quot;pln&quot;&gt;              &lt;/span&gt;&lt;span class=&quot;str&quot;&gt;&quot;InstanceId&quot;&lt;/span&gt;&lt;span class=&quot;pun&quot;&gt;:&lt;/span&gt;&lt;span class=&quot;pln&quot;&gt; &lt;/span&gt;&lt;span class=&quot;str&quot;&gt;&quot;&quot;&lt;/span&gt;&lt;span class=&quot;pun&quot;&gt;,&lt;/span&gt;&lt;/code&gt;&lt;/li&gt;&lt;li class=&quot;L4&quot;&gt;&lt;code class=&quot;lang-json&quot;&gt;&lt;span class=&quot;pln&quot;&gt;              &lt;/span&gt;&lt;span class=&quot;str&quot;&gt;&quot;RouteTableId&quot;&lt;/span&gt;&lt;span class=&quot;pun&quot;&gt;:&lt;/span&gt;&lt;span class=&quot;pln&quot;&gt; &lt;/span&gt;&lt;span class=&quot;str&quot;&gt;&quot;vtb-25vtxl5ct&quot;&lt;/span&gt;&lt;span class=&quot;pun&quot;&gt;,&lt;/span&gt;&lt;/code&gt;&lt;/li&gt;&lt;li class=&quot;L5&quot;&gt;&lt;code class=&quot;lang-json&quot;&gt;&lt;span class=&quot;pln&quot;&gt;              &lt;/span&gt;&lt;span class=&quot;str&quot;&gt;&quot;Status&quot;&lt;/span&gt;&lt;span class=&quot;pun&quot;&gt;:&lt;/span&gt;&lt;span class=&quot;pln&quot;&gt; &lt;/span&gt;&lt;span class=&quot;str&quot;&gt;&quot;Available&quot;&lt;/span&gt;&lt;span class=&quot;pun&quot;&gt;,&lt;/span&gt;&lt;/code&gt;&lt;/li&gt;&lt;li class=&quot;L6&quot;&gt;&lt;code class=&quot;lang-json&quot;&gt;&lt;span class=&quot;pln&quot;&gt;              &lt;/span&gt;&lt;span class=&quot;str&quot;&gt;&quot;Type&quot;&lt;/span&gt;&lt;span class=&quot;pun&quot;&gt;:&lt;/span&gt;&lt;span class=&quot;pln&quot;&gt; &lt;/span&gt;&lt;span class=&quot;str&quot;&gt;&quot;System&quot;&lt;/span&gt;&lt;/code&gt;&lt;/li&gt;&lt;li class=&quot;L7&quot;&gt;&lt;code class=&quot;lang-json&quot;&gt;&lt;span class=&quot;pln&quot;&gt;            &lt;/span&gt;&lt;span class=&quot;pun&quot;&gt;}&lt;/span&gt;&lt;/code&gt;&lt;/li&gt;&lt;li class=&quot;L8&quot;&gt;&lt;code class=&quot;lang-json&quot;&gt;&lt;span class=&quot;pln&quot;&gt;          &lt;/span&gt;&lt;span class=&quot;pun&quot;&gt;]&lt;/span&gt;&lt;/code&gt;&lt;/li&gt;&lt;li class=&quot;L9&quot;&gt;&lt;code class=&quot;lang-json&quot;&gt;&lt;span class=&quot;pln&quot;&gt;        &lt;/span&gt;&lt;span class=&quot;pun&quot;&gt;},&lt;/span&gt;&lt;/code&gt;&lt;/li&gt;&lt;li class=&quot;L0&quot;&gt;&lt;code class=&quot;lang-json&quot;&gt;&lt;span class=&quot;pln&quot;&gt;        &lt;/span&gt;&lt;span class=&quot;str&quot;&gt;&quot;RouteTableId&quot;&lt;/span&gt;&lt;span class=&quot;pun&quot;&gt;:&lt;/span&gt;&lt;span class=&quot;pln&quot;&gt; &lt;/span&gt;&lt;span class=&quot;str&quot;&gt;&quot;vtb-25vtxl5ct&quot;&lt;/span&gt;&lt;span class=&quot;pun&quot;&gt;,&lt;/span&gt;&lt;/code&gt;&lt;/li&gt;&lt;li class=&quot;L1&quot;&gt;&lt;code class=&quot;lang-json&quot;&gt;&lt;span class=&quot;pln&quot;&gt;        &lt;/span&gt;&lt;span class=&quot;str&quot;&gt;&quot;RouteTableType&quot;&lt;/span&gt;&lt;span class=&quot;pun&quot;&gt;:&lt;/span&gt;&lt;span class=&quot;pln&quot;&gt; &lt;/span&gt;&lt;span class=&quot;str&quot;&gt;&quot;System&quot;&lt;/span&gt;&lt;span class=&quot;pun&quot;&gt;,&lt;/span&gt;&lt;/code&gt;&lt;/li&gt;&lt;li class=&quot;L2&quot;&gt;&lt;code class=&quot;lang-json&quot;&gt;&lt;span class=&quot;pln&quot;&gt;        &lt;/span&gt;&lt;span class=&quot;str&quot;&gt;&quot;VRouterId&quot;&lt;/span&gt;&lt;span class=&quot;pun&quot;&gt;:&lt;/span&gt;&lt;span class=&quot;pln&quot;&gt; &lt;/span&gt;&lt;span class=&quot;str&quot;&gt;&quot;vrt-25u5f8u2q&quot;&lt;/span&gt;&lt;/code&gt;&lt;/li&gt;&lt;li class=&quot;L3&quot;&gt;&lt;code class=&quot;lang-json&quot;&gt;&lt;span class=&quot;pln&quot;&gt;      &lt;/span&gt;&lt;span class=&quot;pun&quot;&gt;}&lt;/span&gt;&lt;/code&gt;&lt;/li&gt;&lt;li class=&quot;L4&quot;&gt;&lt;code class=&quot;lang-json&quot;&gt;&lt;span class=&quot;pln&quot;&gt;    &lt;/span&gt;&lt;span class=&quot;pun&quot;&gt;]&lt;/span&gt;&lt;/code&gt;&lt;/li&gt;&lt;li class=&quot;L5&quot;&gt;&lt;code class=&quot;lang-json&quot;&gt;&lt;span class=&quot;pln&quot;&gt;  &lt;/span&gt;&lt;span class=&quot;pun&quot;&gt;},&lt;/span&gt;&lt;/code&gt;&lt;/li&gt;&lt;li class=&quot;L6&quot;&gt;&lt;code class=&quot;lang-json&quot;&gt;&lt;span class=&quot;pln&quot;&gt;  &lt;/span&gt;&lt;span class=&quot;str&quot;&gt;&quot;TotalCount&quot;&lt;/span&gt;&lt;span class=&quot;pun&quot;&gt;:&lt;/span&gt;&lt;span class=&quot;pln&quot;&gt; &lt;/span&gt;&lt;span class=&quot;lit&quot;&gt;1&lt;/span&gt;&lt;/code&gt;&lt;/li&gt;&lt;li class=&quot;L7&quot;&gt;&lt;code class=&quot;lang-json&quot;&gt;&lt;span class=&quot;pun&quot;&gt;}&lt;/span&gt;&lt;/code&gt;&lt;/li&gt;&lt;/ol&gt;&lt;/pre&gt;"/>
          <id value="2"/>
          <note value="JSON格式"/>
        </x-responsesample>
      </x-responsesample>
    </node>
    <node nodeName="/public">
      <request>
        <parameters nodeType="array">
          <parameters>
            <default value="XML"/>
            <description value="返回值的类型，支持 JSON 与 XML。默认为 XML。"/>
            <enum nodeType="array">
              <enum value="XML"/>
              <enum value="JSON"/>
            </enum>
            <in value="query"/>
            <name value="Format"/>
            <required value="false"/>
            <type value="string"/>
          </parameters>
          <parameters>
            <description value="API 版本号，为日期形式：YYYY-MM-DD，本版本对应为 2014-05-26。"/>
            <in value="query"/>
            <name value="Version"/>
            <required value="true"/>
            <type value="string"/>
          </parameters>
          <parameters>
            <description value="阿里云颁发给用户的访问服务所用的密钥 ID。"/>
            <in value="query"/>
            <name value="AccessKeyId"/>
            <required value="true"/>
            <type value="string"/>
          </parameters>
          <parameters>
            <description value="签名结果串，关于签名的计算方法，请参见&amp;lt;&lt;a href=&quot;/document_detail/25492.html&quot;&gt;签名机制&lt;/a&gt;&amp;gt;。"/>
            <in value="query"/>
            <name value="Signature"/>
            <required value="true"/>
            <type value="string"/>
          </parameters>
          <parameters>
            <description value="签名方式，目前支持 HMAC-SHA1。"/>
            <in value="query"/>
            <name value="SignatureMethod"/>
            <required value="true"/>
            <type value="string"/>
          </parameters>
          <parameters>
            <description value="        请求的时间戳。日期格式按照 &lt;a href=&quot;/document_detail/25696.html&quot;&gt;ISO8601&lt;/a&gt; 标准表示，并需要使用 UTC 时间。格式为： &lt;br /&gt;        YYYY-MM-DDThh:mm:ssZ &lt;br /&gt;        例如，2014-05-26T12:00:00Z（为北京时间 2014 年 5 月 26 日 20 点 0 分 0 秒）。    "/>
            <in value="query"/>
            <name value="Timestamp"/>
            <required value="true"/>
            <type value="string"/>
          </parameters>
          <parameters>
            <description value="签名算法版本，目前版本是 1.0。"/>
            <in value="query"/>
            <name value="SignatureVersion"/>
            <required value="true"/>
            <type value="string"/>
          </parameters>
          <parameters>
            <description value="唯一随机数，用于防止网络重放攻击。用户在不同请求间要使用不同的随机数值"/>
            <in value="query"/>
            <name value="SignatureNonce"/>
            <required value="true"/>
            <type value="string"/>
          </parameters>
          <parameters>
            <description value="本次 API 请求访问到的资源拥有者账户，即登录用户名。 &lt;br /&gt;        此参数的使用方法，详见&amp;lt; &lt;a href=&quot;/document_detail/25494.html&quot;&gt;借助 RAM 实现子账号对主账号的 ECS 资源访问&lt;/a&gt; &amp;gt;，（只能在 &lt;a href=&quot;/document_detail/25496.html&quot;&gt;RAM 中可对 ECS 资源进行授权的 Action&lt;/a&gt; 中才能使用此参数，否则访问会被拒绝）    "/>
            <in value="query"/>
            <name value="ResourceOwnerAccount"/>
            <required value="false"/>
            <type value="string"/>
          </parameters>
        </parameters>
      </request>
      <response>
        <RequestId>
          <description value="用户发送的每次接口调用请求，无论成功与否，系统都会返回一个唯一识别码"/>
          <in value="body"/>
          <name value="RequestId"/>
          <type value="string"/>
        </RequestId>
      </response>
    </node>
  </paths>
  <swagger value="2.0"/>
  <x-vee value="2.0 AS"/>
</root>
