<?xml version="1.0" encoding="UTF-8"?>
<root>
  <host value=""/>
  <info>
    <describe value="阿里云对象存储服务（Object Storage Service，简称OSS），是阿里云对外提供的海量，安全，低成本，高可靠的云存储服务。用户可以通过本文档提供的简单的REST接口，在任何时间、任何地点、任何互联网设备上进行上传和下载数据。基于OSS，用户可以搭建出各种多媒体分享网站、网盘、个人和企业数据备份等基于大规模数据的服务。"/>
    <title value="aliyun oss api"/>
    <version value="1.0"/>
  </info>
  <paths>
    <node nodeName="/{BucketName}.oss-cn-hangzhou.aliyuncs.com/GetBucketLifecycle/?lifecycle">
      <get>
        <consumes nodeType="array">
          <consumes value="application/x-www-form-urlencoded"/>
        </consumes>
        <description value="Get Bucket Lifecycle用于查看Bucket的Lifecycle配置。 1.&#9;只有Bucket的拥有者才能查看Bucket的Lifecycle配置，否则返回403 Forbidden错误,错误码：AccessDenied。 2.&#9;如果Bucket或Lifecycle不存在，返回404 Not Found错误，错误码：NoSuchBucket或 NoSuchLifecycle。"/>
        <parameters nodeType="array">
          <parameters>
            <description value="对象名"/>
            <in value="path"/>
            <name value="BucketName"/>
            <required value="true"/>
            <type value="string"/>
          </parameters>
        </parameters>
        <produces nodeType="array">
          <produces value="application/x-www-form-urlencoded"/>
        </produces>
        <responses>
          <node nodeName="200">
            <description value="success response"/>
          </node>
          <node nodeName="403">
            <description value="只有Bucket的拥有者才能查看Bucket的Lifecycle配置，否则返回403 Forbidden错误,错误码：AccessDenied。"/>
          </node>
          <node nodeName="404">
            <description value="如果Bucket或Lifecycle不存在，返回404 Not Found错误，错误码：NoSuchBucket或NoSuchLifecycle。"/>
          </node>
        </responses>
      </get>
      <summary value="查看Bucket中Object的生命周期规则"/>
      <x-requestformat value=" GET /?lifecycle HTTP/1.1 Host: BucketName.oss.aliyuncs.com Date: GMT Date Authorization: SignatureValue&#10;"/>
      <x-requestsample nodeType="array">
        <x-requestsample>
          <description value=" Get /?lifecycle HTTP/1.1 Host: oss-example.oss.aliyuncs.com Date: Mon, 14 Apr 2014 01:17:29 GMT Authorization: OSS qn6qrrqxo2oawuk53otfjbyc:ceOEyZavKY4QcjoUWYSpYbJ3naA=&#10;"/>
          <id value="1"/>
        </x-requestsample>
        <x-requestsample>
          <description value=" Get /?lifecycle HTTP/1.1 Host: oss-example.oss.aliyuncs.com Date: Mon, 14 Apr 2014 01:17:29 GMT Authorization: OSS qn6qrrqxo2oawuk53otfjbyc:ceOEyZavKY4QcjoUWYSpYbJ3naA=&#10;"/>
          <id value="2"/>
        </x-requestsample>
      </x-requestsample>
      <x-responsesample nodeType="array">
        <x-responsesample>
          <description value=" HTTP/1.1 200 x-oss-request-id: 534B371674E88A4D8906008B Date: Mon, 14 Apr 2014 01:17:29 GMT Connection: keep-alive Content-Length: 255 Server: AliyunOSS &lt;?xml version=&quot;1.0&quot; encoding=&quot;UTF-8&quot;?&gt; &lt;LifecycleConfiguration&gt; &lt;Rule&gt; &lt;ID&gt;delete after one day&lt;/ID&gt; &lt;Prefix&gt;logs/&lt;/Prefix&gt; &lt;Status&gt;Enabled&lt;/Status&gt; &lt;Expiration&gt; &lt;Days&gt;1&lt;/Days&gt; &lt;/Expiration&gt; &lt;/Rule&gt; &lt;/LifecycleConfiguration&gt;&#10;"/>
          <id value="1"/>
          <note value="已设置Lifecycle的返回示例"/>
        </x-responsesample>
        <x-responsesample>
          <description value=" HTTP/1.1 404 x-oss-request-id: 534B371674E88A4D8906008B Date: Mon, 14 Apr 2014 01:17:29 GMT Connection: keep-alive Content-Length: 278 Server: AliyunOSS &lt;?xml version=&quot;1.0&quot; encoding=&quot;UTF-8&quot;?&gt; &lt;Error&gt; &lt;BucketName&gt;oss-example&lt;/BucketName&gt; &lt;Code&gt;NoSuchLifecycle&lt;/Code&gt; &lt;Message&gt;No Row found in Lifecycle Table.&lt;/Message&gt; &lt;RequestId&gt;534B372974E88A4D89060099&lt;/RequestId&gt; &lt;HostId&gt; oss-example.oss.aliyuncs.com&lt;/HostId&gt; &lt;/Error&gt;&#10;"/>
          <id value="2"/>
          <note value="未设置Lifecycle的返回示例"/>
        </x-responsesample>
      </x-responsesample>
    </node>
  </paths>
  <swagger value="2.0"/>
  <x-vee value="2.0 AS"/>
</root>
