<?xml version="1.0" encoding="UTF-8"?>
<root>
  <host value=""/>
  <info>
    <description value="阿里云对象存储服务（Object Storage Service，简称OSS），是阿里云对外提供的海量，安全，低成本，高可靠的云存储服务。用户可以通过本文档提供的简单的REST接口，在任何时间、任何地点、任何互联网设备上进行上传和下载数据。基于OSS，用户可以搭建出各种多媒体分享网站、网盘、个人和企业数据备份等基于大规模数据的服务。"/>
    <title value="aliyun oss api"/>
    <version value="1.0"/>
  </info>
  <paths>
    <node nodeName="/{BucketName}.oss-cn-hangzhou.aliyuncs.com/AbortMultipartUpload/{ObjectName}?uploadId={UploadId}">
      <delete>
        <consumes nodeType="array">
          <consumes value="application/x-www-form-urlencoded"/>
        </consumes>
        <description value="该接口可以根据用户提供的Upload ID中止其对应的Multipart Upload事件。当一个Multipart Upload事件被中止后，就不能再使用这个Upload ID做任何操作，已经上传的Part数据也会被删除。 1. 中止一个Multipart Upload事件时，如果其所属的某些Part仍然在上传，那么这次中止操作将无法删除这些Part。所以如果存在并发访问的情况，为了彻底释放OSS上的空间，需要调用几次AbortMultipart Upload接口。 2. 如果输入的Upload Id不存在，OSS会返回404错误，错误码为：NoSuchUpload。"/>
        <parameters nodeType="array">
          <parameters>
            <description value="对象名"/>
            <in value="path"/>
            <name value="BucketName"/>
            <required value="true"/>
            <type value="string"/>
          </parameters>
          <parameters>
            <description value="容器名"/>
            <in value="path"/>
            <name value="ObjectName"/>
            <required value="true"/>
            <type value="string"/>
          </parameters>
          <parameters>
            <description value="唯一标示此次Multipart Upload事件的ID。"/>
            <in value="path"/>
            <name value="UploadId"/>
            <required value="true"/>
            <type value="string"/>
          </parameters>
        </parameters>
        <produces nodeType="array">
          <produces value="application/x-www-form-urlencoded"/>
        </produces>
        <responses>
          <node nodeName="200">
            <description value="success response"/>
          </node>
          <node nodeName="404">
            <description value="如果输入的Upload Id不存在，OSS会返回404错误，错误码为：NoSuchUpload。"/>
          </node>
        </responses>
      </delete>
      <summary value="取消Multipart Upload事件"/>
      <x-requestformat value=" DELETE /ObjectName?uploadId=UploadId HTTP/1.1 Host: BucketName.oss-cn-hangzhou.aliyuncs.com Date: GMT Date Authorization: Signature&#10;"/>
      <x-requestsample nodeType="array">
        <x-requestsample>
          <description value=" Delete /multipart.data?&amp;uploadId=0004B9895DBBB6EC98E  HTTP/1.1 Host: oss-example.oss-cn-hangzhou.aliyuncs.com Date: Wed, 22 Feb 2012 08:32:21 GMT Authorization: OSS qn6qrrqxo2oawuk53otfjbyc:J/lICfXEvPmmSW86bBAfMmUmWjI=&#10;"/>
          <id value="1"/>
        </x-requestsample>
      </x-requestsample>
      <x-responsesample nodeType="array">
        <x-responsesample>
          <description value=" HTTP/1.1 204 Server: AliyunOSS Connection: keep-alive x-oss-request-id: 059a22ba-6ba9-daed-5f3a-e48027df344d Date: Wed, 22 Feb 2012 08:32:21 GMT&#10;"/>
          <id value="1"/>
        </x-responsesample>
      </x-responsesample>
    </node>
  </paths>
  <swagger value="2.0"/>
  <x-vee value="2.0 AS"/>
</root>
