<?xml version="1.0" encoding="UTF-8"?>
<root>
  <host value="ecs.aliyuncs.com"/>
  <info>
    <description value="云服务器（Elastic Compute Service，简称 ECS）是一种简单高效、处理能力可弹性伸缩的计算服务，帮助您快速构建更稳定、安全的应用，提升运维效率，降低 IT 成本，使您更专注于核心业务创新。"/>
    <title value="instance"/>
    <version value="1.0"/>
  </info>
  <paths>
    <node nodeName="/AllocatePublicIpAddress">
      <get>
        <consumes nodeType="array">
          <consumes value="application/x-www-form-urlencoded"/>
        </consumes>
        <description value="&lt;h2 id=&quot;h2--em-em-&quot;&gt;&lt;a name=&quot;&lt;em&gt;描述&lt;/em&gt;&quot; class=&quot;reference-link&quot;&gt;&lt;/a&gt;&lt;span class=&quot;header-link octicon octicon-link&quot;&gt;&lt;/span&gt;&lt;em&gt;描述&lt;/em&gt;&lt;/h2&gt;&lt;p&gt;给一个特定实例分配一个可用公网IP地址。&lt;/p&gt;&lt;ul&gt;&lt;li&gt;弹性公网 IP 地址的接口，请参考 &lt;a href=&quot;/document_detail/36018.html&quot;&gt;查询弹性公网 IP 列表&lt;/a&gt;。&lt;/li&gt;&lt;li&gt;&lt;a href=&quot;/document_detail/25687.html&quot;&gt;实例状态&lt;/a&gt;必须为运行中（Running）或已停止（Stopped）状态，才可以调用此接口。&lt;/li&gt;&lt;li&gt;分配的 IP 必须在实例启动或重启后才能生效。&lt;/li&gt;&lt;li&gt;分配的时候只能是 IP，不能是 IP 段。&lt;/li&gt;&lt;li&gt;目前，一个实例只能分配一个 IP。当调用此接口时，如果实例已经拥有一个公网 IP，将直接返回原 IP 地址。&lt;/li&gt;&lt;li&gt;被安全控制在实例的 &lt;code&gt;OperationLocks&lt;/code&gt; 中标记了 &lt;code&gt;&quot;LockReason&quot; : &quot;security&quot;&lt;/code&gt; 的锁定状态时，不能分配公网 IP。&lt;/li&gt;&lt;/ul&gt;"/>
        <parameters nodeType="array">
          <parameters>
            <description value="系统规定参数。取值：AllocatePublicIpAddress"/>
            <enum nodeType="array">
              <enum value="AllocatePublicIpAddress"/>
            </enum>
            <in value="query"/>
            <name value="Action"/>
            <required value="true"/>
            <type value="string"/>
          </parameters>
          <parameters>
            <description value="需要分配 IP 地址的实例 ID。"/>
            <in value="query"/>
            <name value="InstanceId"/>
            <required value="true"/>
            <type value="string"/>
          </parameters>
        </parameters>
        <produces nodeType="array">
          <produces value="application/xml"/>
          <produces value="application/json"/>
        </produces>
        <responses>
          <node nodeName="200">
            <description value="Accept"/>
            <schema>
              <properties>
                <IpAddress>
                  <description value="分配的公网 IP 地址"/>
                  <name value="IpAddress"/>
                  <type value="string"/>
                </IpAddress>
              </properties>
              <type value="object"/>
            </schema>
          </node>
          <node nodeName="400">
            <description value="{code: IdempotentParameterMismatch, describeen: The request is retried with updated parameters.}, {code: IllegalTimestamp, describeen: The input parameter “Timestamp” that is mandatory for processing this request is not supplied.}, {code: IncompleteSignature, describeen: The request signature does not conform to Aliyun standards.}, {code: InsufficientBalance, describeen: Your account does not have enough balance.}, {code: InvalidAccessKeyId.NotFound, describeen: The specified Access Key ID does not exist.}, {code: InvalidOwner, describeen: OwnerId and OwnerAccount can’t be used at one API access.}, {code: InvalidOwnerAccount, describeen: The specified OwnerAccount is not valid.}, {code: InvalidOwnerId, describeen: The specified OwnerId is not valid.}, {code: InvalidParamater, describeen: The specified parameter “SignatureMethod” is not valid.}, {code: InvalidParamater, describeen: The specified parameter “SignatureVersion” is not valid.}, {code: InvalidParameter, describeen: The specified parameter is not valid}, {code: InvalidParameter, describeen: The specified parameter “Action or Version” is not valid.}, {code: InvalidParameter.IsNull, describeen: The required parameter must be not null.}, {code: MissingParameter, describeen: The input parameter “Action” that is mandatory for processing this request is not supplied}, {code: MissingParameter, describeen: The input parameter “AccessKeyId” that is mandatory for processing this request is not supplied}, {code: MissingParameter, describeen: The input parameter “Signature” that is mandatory for processing the request is not supplied.}, {code: MissingParameter, describeen: The input parameter “TimeStamp” that is mandatory for processing this request is not supplied}, {code: MissingParameter, describeen: The input parameter “Version” that is mandatory for processing this request is not supplied}, {code: SignatureNonceUsed, describeen: The request signature nonce has been used.}, {code: Throttling, describeen: You have made too many requests within a short time; your request is denied due to request throttling.}, {code: UnsupportedParameter, describeen: },{code: OperationDenied, describeen: Specified operation is denied as your instance is in VPC., describecn: 指定实例在 VPC 中。}, {code: InsufficientPublicIp, describeen: Ip address not found, describecn: IP 资源库存不足。}"/>
          </node>
          <node nodeName="403">
            <description value="{code: ChargeTypeViolation, describeen: The operation is not permitted due to charge type of the instance.}, {code: Forbidden.AccessKeyDisabled, describeen: The Access Key is disabled.}, {code: Forbidden.NotSupportRAM, describeen: This action does not support accessed by RAM mode.}, {code: Forbidden.RAM, describeen: User not authorized to operate on the specified resource, or this API doesn&amp;#39;t support RAM.}, {code: Forbidden.RiskControl, describeen: This operation is forbidden by Aliyun RiskControl system.}, {code: Forbidden.SubUser, describeen: The specified action is not available for you.}, {code: Forbidden.Unauthorized, describeen: User not authorized to operate on the specified resource.}, {code: InvalidAccount.NotFound, describeen: The specified Account does not exist.}, {code: InvalidAction, describeen: Specified action is not valid.}, {code: InvalidIdempotenceParameter.Mismatch, describeen: The specified parameters are different from before.}, {code: InvalidParameter.OwnerAccount, describeen: OwnerAccount is Invalid.}, {code: InvalidParameter.ResourceOwnerAccount, describeen: ResourceOwnerAccount is Invalid.}, {code: LastTokenProcessing, describeen: The last token request is processing.}, {code: MissingParameter, describeen: The input parameter OwnerId,OwnerAccount that is mandatory for processing this request is not supplied.}, {code: RealNameAuthenticationError, describeen: Your account has not passed the real-name authentication yet.}, {code: UnsupportedHTTPMethod, describeen: This http method is not supported.},{code: IncorrectInstanceStatus, describeen: The current status of the resource does not support this operation., describecn: 该资源目前的状态不支持此操作。}, {code: InstanceLockedForSecurity, describeen: The specified operation is denied as your instance is locked for security reasons., describecn: 该资源目前被安全锁定被拒绝操作。}, {code: InstanceExpiredOrInArrears, describeen: The specified operation is denied as your prepay instance is expired (prepay mode) or in arrears (afterpay mode)., describecn: 实例到期或者欠费（是指该实例是包年包月或者按量欠费的情况）。}, {code: IpInUse, describeen: The specified IP is already in use., describecn: 用户使用指定 IP 进行绑定时，IP 已经被使用在别的机器上。}, {code: AllocatedAlready, describeen: There is an IpAddress allocated already for the specified instance., describecn: 用户使用指定 IP 进行绑定时，该实例已经被分配了别的 IP 地址。}"/>
          </node>
          <node nodeName="404">
            <description value="{code: InvalidDiskId.NotFound, describeen: The specified DiskId does not exist.}, {code: InvalidImageId.NotFound, describeen: The specified ImageId does not exist.}, {code: InvalidInstanceId.NotFound, describeen: The specified InstanceId does not exist.}, {code: InvalidRegionId.NotFound, describeen: The specified RegionId does not exist.}, {code: InvalidSecurityGroupId.NotFound, describeen: The specified SecurityGroupId does not exist.}, {code: InvalidSnapshotId.NotFound, describeen: The specified SnapshotId does not exist.},{code: InvalidInstanceId.NotFound, describeen: The specified InstanceId does not exist., describecn: 指定的 InstanceId 不存在。}"/>
          </node>
          <node nodeName="409">
            <description value="{code: OperationConflict, describeen: Request was denied due to conflict with a previous request.}"/>
          </node>
          <node nodeName="500">
            <description value="{code: InternalError, describeen: The request processing has failed due to some unknown error, exception or failure.}"/>
          </node>
          <node nodeName="503">
            <description value="{code: ServiceUnavailable, describeen: The request has failed due to a temporary failure of the server.}, {code: ServiceUnavailable.RegionMaintaining, describeen: System maintenance is in progress on the selected region, please wait a few minutes before trying again.}"/>
          </node>
        </responses>
      </get>
      <parameter>
        <node nodeName="$ref" value="#/paths/&quot;/public&quot;/request/parameters"/>
      </parameter>
      <summary value="给一个特定实例分配一个可用公网 IP 地址"/>
      <x-requestsample nodeType="array">
        <x-requestsample>
          <description value="&lt;pre class=&quot;prettyprint linenums prettyprinted&quot; style=&quot;&quot;&gt;&lt;ol class=&quot;linenums&quot;&gt;&lt;li class=&quot;L0&quot;&gt;&lt;code class=&quot;lang-shell&quot;&gt;&lt;span class=&quot;pln&quot;&gt;https&lt;/span&gt;&lt;span class=&quot;pun&quot;&gt;:&lt;/span&gt;&lt;span class=&quot;com&quot;&gt;//ecs.aliyuncs.com/?Action=AllocatePublicIpAddress&lt;/span&gt;&lt;/code&gt;&lt;/li&gt;&lt;li class=&quot;L1&quot;&gt;&lt;code class=&quot;lang-shell&quot;&gt;&lt;span class=&quot;pun&quot;&gt;&amp;amp;&lt;/span&gt;&lt;span class=&quot;typ&quot;&gt;InstanceId&lt;/span&gt;&lt;span class=&quot;pun&quot;&gt;=&lt;/span&gt;&lt;span class=&quot;pln&quot;&gt;i&lt;/span&gt;&lt;span class=&quot;pun&quot;&gt;-&lt;/span&gt;&lt;span class=&quot;pln&quot;&gt;instance1&lt;/span&gt;&lt;/code&gt;&lt;/li&gt;&lt;li class=&quot;L2&quot;&gt;&lt;code class=&quot;lang-shell&quot;&gt;&lt;span class=&quot;pun&quot;&gt;&amp;amp;&amp;lt;公共请求参数&amp;gt;&lt;/span&gt;&lt;/code&gt;&lt;/li&gt;&lt;/ol&gt;&lt;/pre&gt;"/>
          <id value="1"/>
        </x-requestsample>
        <x-requestsample>
          <description value="&lt;pre class=&quot;prettyprint linenums prettyprinted&quot; style=&quot;&quot;&gt;&lt;ol class=&quot;linenums&quot;&gt;&lt;li class=&quot;L0&quot;&gt;&lt;code class=&quot;lang-shell&quot;&gt;&lt;span class=&quot;pln&quot;&gt;https&lt;/span&gt;&lt;span class=&quot;pun&quot;&gt;:&lt;/span&gt;&lt;span class=&quot;com&quot;&gt;//ecs.aliyuncs.com/?Action=AllocatePublicIpAddress&lt;/span&gt;&lt;/code&gt;&lt;/li&gt;&lt;li class=&quot;L1&quot;&gt;&lt;code class=&quot;lang-shell&quot;&gt;&lt;span class=&quot;pun&quot;&gt;&amp;amp;&lt;/span&gt;&lt;span class=&quot;typ&quot;&gt;InstanceId&lt;/span&gt;&lt;span class=&quot;pun&quot;&gt;=&lt;/span&gt;&lt;span class=&quot;pln&quot;&gt;i&lt;/span&gt;&lt;span class=&quot;pun&quot;&gt;-&lt;/span&gt;&lt;span class=&quot;pln&quot;&gt;instance1&lt;/span&gt;&lt;/code&gt;&lt;/li&gt;&lt;li class=&quot;L2&quot;&gt;&lt;code class=&quot;lang-shell&quot;&gt;&lt;span class=&quot;pun&quot;&gt;&amp;amp;&amp;lt;公共请求参数&amp;gt;&lt;/span&gt;&lt;/code&gt;&lt;/li&gt;&lt;/ol&gt;&lt;/pre&gt;"/>
          <id value="2"/>
        </x-requestsample>
      </x-requestsample>
      <x-responsesample nodeType="array">
        <x-responsesample>
          <description value="&lt;pre class=&quot;prettyprint linenums prettyprinted&quot; style=&quot;&quot;&gt;&lt;ol class=&quot;linenums&quot;&gt;&lt;li class=&quot;L0&quot;&gt;&lt;code class=&quot;lang-xml&quot;&gt;&lt;span class=&quot;tag&quot;&gt;&amp;lt;AllocatePublicIpAddressResponse&amp;gt;&lt;/span&gt;&lt;/code&gt;&lt;/li&gt;&lt;li class=&quot;L1&quot;&gt;&lt;code class=&quot;lang-xml&quot;&gt;&lt;span class=&quot;pln&quot;&gt;    &lt;/span&gt;&lt;span class=&quot;tag&quot;&gt;&amp;lt;RequestId&amp;gt;&lt;/span&gt;&lt;span class=&quot;pln&quot;&gt;F2EF6A3B-E345-46B9-931E-0EA094818567&lt;/span&gt;&lt;span class=&quot;tag&quot;&gt;&amp;lt;/RequestId&amp;gt;&lt;/span&gt;&lt;/code&gt;&lt;/li&gt;&lt;li class=&quot;L2&quot;&gt;&lt;code class=&quot;lang-xml&quot;&gt;&lt;span class=&quot;pln&quot;&gt;    &lt;/span&gt;&lt;span class=&quot;tag&quot;&gt;&amp;lt;IpAddress&amp;gt;&lt;/span&gt;&lt;span class=&quot;pln&quot;&gt;10.1.149.159&lt;/span&gt;&lt;span class=&quot;tag&quot;&gt;&amp;lt;/IpAddress&amp;gt;&lt;/span&gt;&lt;/code&gt;&lt;/li&gt;&lt;li class=&quot;L3&quot;&gt;&lt;code class=&quot;lang-xml&quot;&gt;&lt;span class=&quot;tag&quot;&gt;&amp;lt;/AllocatePublicIpAddressResponse&amp;gt;&lt;/span&gt;&lt;/code&gt;&lt;/li&gt;&lt;/ol&gt;&lt;/pre&gt;"/>
          <id value="1"/>
          <note value="XML格式"/>
        </x-responsesample>
        <x-responsesample>
          <description value="&lt;pre class=&quot;prettyprint linenums prettyprinted&quot; style=&quot;&quot;&gt;&lt;ol class=&quot;linenums&quot;&gt;&lt;li class=&quot;L0&quot;&gt;&lt;code class=&quot;lang-json&quot;&gt;&lt;span class=&quot;pun&quot;&gt;{&lt;/span&gt;&lt;/code&gt;&lt;/li&gt;&lt;li class=&quot;L1&quot;&gt;&lt;code class=&quot;lang-json&quot;&gt;&lt;span class=&quot;pln&quot;&gt;    &lt;/span&gt;&lt;span class=&quot;str&quot;&gt;&quot;RequestId&quot;&lt;/span&gt;&lt;span class=&quot;pun&quot;&gt;:&lt;/span&gt;&lt;span class=&quot;pln&quot;&gt; &lt;/span&gt;&lt;span class=&quot;str&quot;&gt;&quot;F2EF6A3B-E345-46B9-931E-0EA094818567&quot;&lt;/span&gt;&lt;span class=&quot;pun&quot;&gt;,&lt;/span&gt;&lt;/code&gt;&lt;/li&gt;&lt;li class=&quot;L2&quot;&gt;&lt;code class=&quot;lang-json&quot;&gt;&lt;span class=&quot;pln&quot;&gt;    &lt;/span&gt;&lt;span class=&quot;str&quot;&gt;&quot;IpAddress&quot;&lt;/span&gt;&lt;span class=&quot;pun&quot;&gt;:&lt;/span&gt;&lt;span class=&quot;pln&quot;&gt; &lt;/span&gt;&lt;span class=&quot;str&quot;&gt;&quot;10.1.149.159&quot;&lt;/span&gt;&lt;/code&gt;&lt;/li&gt;&lt;li class=&quot;L3&quot;&gt;&lt;code class=&quot;lang-json&quot;&gt;&lt;span class=&quot;pun&quot;&gt;}&lt;/span&gt;&lt;/code&gt;&lt;/li&gt;&lt;/ol&gt;&lt;/pre&gt;"/>
          <id value="2"/>
          <note value="JSON格式"/>
        </x-responsesample>
      </x-responsesample>
    </node>
    <node nodeName="/public">
      <request>
        <parameters nodeType="array">
          <parameters>
            <default value="XML"/>
            <description value="返回值的类型，支持 JSON 与 XML。默认为 XML。"/>
            <enum nodeType="array">
              <enum value="XML"/>
              <enum value="JSON"/>
            </enum>
            <in value="query"/>
            <name value="Format"/>
            <required value="false"/>
            <type value="string"/>
          </parameters>
          <parameters>
            <description value="API 版本号，为日期形式：YYYY-MM-DD，本版本对应为 2014-05-26。"/>
            <in value="query"/>
            <name value="Version"/>
            <required value="true"/>
            <type value="string"/>
          </parameters>
          <parameters>
            <description value="阿里云颁发给用户的访问服务所用的密钥 ID。"/>
            <in value="query"/>
            <name value="AccessKeyId"/>
            <required value="true"/>
            <type value="string"/>
          </parameters>
          <parameters>
            <description value="签名结果串，关于签名的计算方法，请参见&amp;lt;&lt;a href=&quot;/document_detail/25492.html&quot;&gt;签名机制&lt;/a&gt;&amp;gt;。"/>
            <in value="query"/>
            <name value="Signature"/>
            <required value="true"/>
            <type value="string"/>
          </parameters>
          <parameters>
            <description value="签名方式，目前支持 HMAC-SHA1。"/>
            <in value="query"/>
            <name value="SignatureMethod"/>
            <required value="true"/>
            <type value="string"/>
          </parameters>
          <parameters>
            <description value="        请求的时间戳。日期格式按照 &lt;a href=&quot;/document_detail/25696.html&quot;&gt;ISO8601&lt;/a&gt; 标准表示，并需要使用 UTC 时间。格式为： &lt;br /&gt;        YYYY-MM-DDThh:mm:ssZ &lt;br /&gt;        例如，2014-05-26T12:00:00Z（为北京时间 2014 年 5 月 26 日 20 点 0 分 0 秒）。    "/>
            <in value="query"/>
            <name value="Timestamp"/>
            <required value="true"/>
            <type value="string"/>
          </parameters>
          <parameters>
            <description value="签名算法版本，目前版本是 1.0。"/>
            <in value="query"/>
            <name value="SignatureVersion"/>
            <required value="true"/>
            <type value="string"/>
          </parameters>
          <parameters>
            <description value="唯一随机数，用于防止网络重放攻击。用户在不同请求间要使用不同的随机数值"/>
            <in value="query"/>
            <name value="SignatureNonce"/>
            <required value="true"/>
            <type value="string"/>
          </parameters>
          <parameters>
            <description value="本次 API 请求访问到的资源拥有者账户，即登录用户名。 &lt;br /&gt;        此参数的使用方法，详见&amp;lt; &lt;a href=&quot;/document_detail/25494.html&quot;&gt;借助 RAM 实现子账号对主账号的 ECS 资源访问&lt;/a&gt; &amp;gt;，（只能在 &lt;a href=&quot;/document_detail/25496.html&quot;&gt;RAM 中可对 ECS 资源进行授权的 Action&lt;/a&gt; 中才能使用此参数，否则访问会被拒绝）    "/>
            <in value="query"/>
            <name value="ResourceOwnerAccount"/>
            <required value="false"/>
            <type value="string"/>
          </parameters>
        </parameters>
      </request>
      <response>
        <RequestId>
          <description value="用户发送的每次接口调用请求，无论成功与否，系统都会返回一个唯一识别码"/>
          <in value="body"/>
          <name value="RequestId"/>
          <type value="string"/>
        </RequestId>
      </response>
    </node>
  </paths>
  <swagger value="2.0"/>
  <x-vee value="2.0 AS"/>
</root>
