<?xml version="1.0" encoding="UTF-8"?>
<root>
  <host value="cs.aliyuncs.com"/>
  <info>
    <description value="容器服务（Container Service）提供高性能可伸缩的容器应用管理服务，支持用 Docker 容器进行应用生命周期管理，提供多种应用发布方式和持续交付能力并支持微服务架构。容器服务简化了容器管理集群的搭建工作，整合了阿里云虚拟化、存储、网络和安全能力，打造 Docker 云端最佳运行环境。"/>
    <title value="aliyun object api"/>
    <version value="1.0"/>
  </info>
  <paths>
    <node nodeName="/CreateCluster/clusters">
      <parameter>
        <node nodeName="$ref" value="#/paths/&quot;/public&quot;/request/parameters"/>
      </parameter>
      <post>
        <consumes nodeType="array">
          <consumes value="application/xml"/>
          <consumes value="application/json"/>
        </consumes>
        <description value="创建一个新的集群实例，并新建指定数量的节点。"/>
        <parameters nodeType="array">
          <parameters>
            <description value=""/>
            <in value="body"/>
            <name value="ClusterCreation"/>
            <required value="true"/>
            <schema>
              <properties>
                <data_disk_category>
                  <description value="ECS 使用的磁盘类型。更多详细信息，参见 &lt;a href=&quot;/document_detail/25691.html&quot;&gt;磁盘种类表&lt;/a&gt;。"/>
                  <name value="data_disk_category"/>
                  <required value="true"/>
                  <type value="string"/>
                </data_disk_category>
                <data_disk_size>
                  <description value="节点共享磁盘大小。"/>
                  <name value="data_disk_size"/>
                  <required value="true"/>
                  <type value="integer"/>
                </data_disk_size>
                <ecs_image_id>
                  <description value="ECS 使用的系统镜像 ID。 如果您需要自定义集群的 ECS 镜像的 ID，需要保证 ECS 镜像满足以下条件：&#10;操作系统：Ubuntu、CentOS。 Linux Kernel version ≥ 3.18，用于支持 overlayfs 以及 overlay network。 镜像中删除 /etc/docker/key.json 文件。"/>
                  <enum nodeType="array">
                    <enum value="ubuntu_14_0405_64_40G_base_20170222.vhd"/>
                    <enum value="centos_7_2_64_40G_base_20170222.vhd"/>
                  </enum>
                  <name value="ecs_image_id"/>
                  <required value="false"/>
                  <type value="string"/>
                </ecs_image_id>
                <instance_type>
                  <description value="ECS 规格类型代码。更多详细信息，参见 &lt;a href=&quot;/document_detail/25378.html&quot;&gt;实例规格族&lt;/a&gt;。"/>
                  <name value="instance_type"/>
                  <required value="true"/>
                  <type value="string"/>
                </instance_type>
                <io_optimized>
                  <description value="根据 ECS 实例规则来确定。取值为 none 或者 optimized。"/>
                  <enum nodeType="array">
                    <enum value="none"/>
                    <enum value="optimized。"/>
                  </enum>
                  <name value="io_optimized"/>
                  <required value="false"/>
                  <type value="string"/>
                </io_optimized>
                <name>
                  <description value="集群名称, 集群名称可以使用大小写英文字母、中文、数字、中划线。"/>
                  <name value="name"/>
                  <required value="true"/>
                  <type value="string"/>
                </name>
                <network_mode>
                  <description value="集群网络模式（经典网络: classic、VPC 网络: vpc）。"/>
                  <name value="network_mode"/>
                  <required value="true"/>
                  <type value="string"/>
                </network_mode>
                <password>
                  <description value="root 账号密码。"/>
                  <name value="password"/>
                  <required value="true"/>
                  <type value="string"/>
                </password>
                <size>
                  <description value="集群 ECS 节点数量。"/>
                  <name value="size"/>
                  <required value="true"/>
                  <type value="integer"/>
                </size>
                <subnet_cidr>
                  <description value="集群可以使用的网络地址块，例如：192.168.24.0/22。只有网络模式为 vpc 的时候，才需要设置该字段。"/>
                  <name value="subnet_cidr"/>
                  <required value="true"/>
                  <type value="string"/>
                </subnet_cidr>
                <vpc_id>
                  <description value="VPC 网络 ID。只有网络模式为 vpc 的时候，才需要设置该字段。更多详细信息，参见 &lt;a href=&quot;/document_detail/27708.html&quot;&gt;VPC 网络介绍&lt;/a&gt;。"/>
                  <name value="vpc_id"/>
                  <required value="true"/>
                  <type value="string"/>
                </vpc_id>
                <vswitch_id>
                  <description value="VPC 网络的交换机 ID。只有网络模式为 vpc 的时候，才需要设置该字段。"/>
                  <name value="vswitch_id"/>
                  <required value="true"/>
                  <type value="string"/>
                </vswitch_id>
              </properties>
              <type value="object"/>
            </schema>
            <type value="object"/>
          </parameters>
        </parameters>
        <produces nodeType="array">
          <produces value="application/xml"/>
          <produces value="application/json"/>
        </produces>
        <responses>
          <node nodeName="202">
            <description value="Accept"/>
            <schema>
              <properties>
                <cluster_id>
                  <description value="集群 ID，集群的唯一标识。"/>
                  <name value="cluster_id"/>
                  <type value="string"/>
                </cluster_id>
                <request_id>
                  <description value="请求 ID"/>
                  <name value="request_id"/>
                  <type value="string"/>
                </request_id>
                <task_id>
                  <description value="任务 ID"/>
                  <name value="task_id"/>
                  <type value="string"/>
                </task_id>
              </properties>
              <type value="object"/>
            </schema>
          </node>
        </responses>
      </post>
      <summary value="创建集群实例"/>
      <x-requestbody value=" ClusterCreation { &quot;name&quot;: &quot;string&quot;, &quot;size&quot;: &quot;number&quot;, &quot;network_mode&quot;: &quot;string&quot;, &quot;subnet_cidr&quot;: &quot;string&quot;, &quot;instance_type&quot;: &quot;string&quot;, &quot;vpc_id&quot;: &quot;string&quot;, &quot;vswitch_id&quot;: &quot;string&quot;, &quot;password&quot;: &quot;string&quot;, &quot;data_disk_size&quot;: &quot;number&quot;, &quot;data_disk_category&quot;: &quot;number&quot; &quot;ecs_image_id&quot;: &quot;string&quot;, }&#10;"/>
      <x-requestheader value=" POST /clusters HTTP/1.1 "/>
      <x-requestsample nodeType="array">
        <x-requestsample>
          <description value=" POST /clusters HTTP/1.1 &lt;公共请求头&gt; { &quot;password&quot;: &quot;Just$test&quot;, &quot;instance_type&quot;: &quot;ecs.s2.small&quot;, &quot;name&quot;: &quot;my-cluster-001&quot;, &quot;size&quot;: 2, &quot;network_mode&quot;: &quot;classic&quot;, &quot;data_disk_category&quot;: &quot;cloud&quot;, &quot;data_disk_size&quot;: 20, &quot;charge_type&quot;: &quot;PayByTraffic&quot;, &quot;ecs_image_id&quot;:&quot;ubuntu_14_0405_64_40G_base_20170222.vhd&quot; } "/>
          <id value="1"/>
        </x-requestsample>
      </x-requestsample>
      <x-responsebody value=" { &quot;cluster_id&quot;:&quot;string&quot;, &quot;request_id&quot;:&quot;string&quot;, &quot;task_id&quot;:&quot;string&quot; } "/>
      <x-responseheader value=" HTTP/1.1 202 Accepted "/>
      <x-responsesample nodeType="array">
        <x-responsesample>
          <description value=" HTTP/1.1 202 Accepted &lt;公共响应头&gt; { &quot;cluster_id&quot;:&quot;c01994faf5f364cc79b6ffb604061fa4a&quot;, &quot;request_id&quot;:&quot;b44afc3c-46a4-4087-a215-c333a1218316&quot;, &quot;task_id&quot;:&quot;T-8277xsdfsdf&quot; } "/>
          <id value="1"/>
        </x-responsesample>
      </x-responsesample>
    </node>
    <node nodeName="/public">
      <request>
        <parameters nodeType="array">
          <parameters>
            <description value="用于验证请求合法性的认证信息，采用 AccessKeyId:Signature 的形式。"/>
            <in value="header"/>
            <name value="Authorization"/>
            <required value="true"/>
            <type value="string"/>
          </parameters>
          <parameters>
            <description value="RFC 2616 中定义的 HTTP 请求内容长度。"/>
            <in value="header"/>
            <name value="Content-Length"/>
            <required value="true"/>
            <type value="string"/>
          </parameters>
          <parameters>
            <description value="RFC 2616 中定义的 HTTP 请求内容类型。"/>
            <in value="header"/>
            <name value="Content-Type"/>
            <required value="true"/>
            <type value="string"/>
          </parameters>
          <parameters>
            <description value="用于验证请求合法性的认证信息，采用 AccessKeyId:Signature 的形式。"/>
            <in value="header"/>
            <name value="Content-MD5"/>
            <required value="true"/>
            <type value="string"/>
          </parameters>
          <parameters>
            <description value="RFC 2616 中定义的 HTTP 请求内容长度。"/>
            <in value="header"/>
            <name value="Date"/>
            <required value="true"/>
            <type value="string"/>
          </parameters>
          <parameters>
            <description value="访问 Host 值，例如：diku.aliyuncs.com。"/>
            <in value="header"/>
            <name value="Host"/>
            <required value="true"/>
            <type value="string"/>
          </parameters>
          <parameters>
            <description value="客户端需要的返回值类型，支持application/json 和 application/xml。"/>
            <enum nodeType="array">
              <enum value="application/json"/>
              <enum value="application/xml"/>
            </enum>
            <in value="header"/>
            <name value="Accept"/>
            <required value="true"/>
            <type value="string"/>
          </parameters>
          <parameters>
            <description value="地域（Region）指的是 ECS 实例所在的物理位置。更多详细信息参见 地域概念 和 ECS查询可用地域列表。"/>
            <in value="header"/>
            <name value="x-acs-region-id"/>
            <required value="true"/>
            <type value="string"/>
          </parameters>
          <parameters>
            <description value="唯一随机数，用于防止网络重放攻击。您在不同请求间要使用不同的随机数值。"/>
            <in value="header"/>
            <name value="x-acs-signature-nonce"/>
            <required value="true"/>
            <type value="string"/>
          </parameters>
          <parameters>
            <description value="用户签名方式，目前只支持HMAC-SHA1。"/>
            <enum nodeType="array">
              <enum value="HMAC-SHA1"/>
            </enum>
            <in value="header"/>
            <name value="x-acs-signature-method"/>
            <required value="true"/>
            <type value="string"/>
          </parameters>
        </parameters>
      </request>
      <response>
        <RequestId>
          <description value="您发送的每次接口调用请求，无论成功与否，系统都会返回一个唯一识别码"/>
          <in value="body"/>
          <name value="RequestId"/>
          <type value="string"/>
        </RequestId>
      </response>
    </node>
  </paths>
  <swagger value="2.0"/>
  <x-vee value="2.0 AS"/>
</root>
