<?xml version="1.0" encoding="UTF-8"?>
<root>
  <host value="cs.aliyuncs.com"/>
  <info>
    <description value="容器服务（Container Service）提供高性能可伸缩的容器应用管理服务，支持用 Docker 容器进行应用生命周期管理，提供多种应用发布方式和持续交付能力并支持微服务架构。容器服务简化了容器管理集群的搭建工作，整合了阿里云虚拟化、存储、网络和安全能力，打造 Docker 云端最佳运行环境。"/>
    <title value="aliyun object api"/>
    <version value="1.0"/>
  </info>
  <paths>
    <node nodeName="/List Projects/projects/">
      <get>
        <consumes nodeType="array">
          <consumes value="application/xml"/>
          <consumes value="application/json"/>
        </consumes>
        <description value="查看您在容器集群中创建的所有应用实例列表。"/>
        <parameters nodeType="array">
          <parameters>
            <description value="应用名称"/>
            <in value="query"/>
            <name value="q"/>
            <required value="false"/>
            <type value="string"/>
          </parameters>
          <parameters>
            <default value="true"/>
            <description value="是否包含应用的服务信息，缺省值 true"/>
            <in value="query"/>
            <name value="services"/>
            <required value="false"/>
            <type value="boolean"/>
          </parameters>
          <parameters>
            <default value="true"/>
            <description value="是否包含服务的容器信息，缺省值 true"/>
            <in value="query"/>
            <name value="containers"/>
            <required value="false"/>
            <type value="boolean"/>
          </parameters>
        </parameters>
        <produces nodeType="array">
          <produces value="application/xml"/>
          <produces value="application/json"/>
        </produces>
        <responses>
          <node nodeName="200">
            <description value="OK"/>
            <schema>
              <items>
                <x-schema>
                  <properties>
                    <created>
                      <description value="应用创建时间"/>
                      <name value="created"/>
                      <type value="string"/>
                    </created>
                    <current_state>
                      <description value="当前状态"/>
                      <name value="current_state"/>
                      <type value="string"/>
                    </current_state>
                    <description>
                      <description value="应用描述"/>
                      <name value="description"/>
                      <type value="string"/>
                    </description>
                    <desired_state>
                      <description value="期望状态 （如果当前状态是中间状态时，期望状态指明变迁终态）"/>
                      <name value="desired_state"/>
                      <type value="string"/>
                    </desired_state>
                    <environment>
                      <description value="环境变量 key/value"/>
                      <items>
                        <x-schema>
                          <properties>
                            <key>
                              <description value="key-value"/>
                              <name value="key"/>
                              <type value="string"/>
                            </key>
                          </properties>
                          <type value="object"/>
                        </x-schema>
                      </items>
                      <name value="environment"/>
                      <type value="array"/>
                    </environment>
                    <name>
                      <description value="应用名称"/>
                      <name value="name"/>
                      <type value="string"/>
                    </name>
                    <services>
                      <description value="服务列表"/>
                      <items>
                        <type value="string"/>
                      </items>
                      <name value="services"/>
                      <type value="array"/>
                    </services>
                    <template>
                      <description value="应用 Compose 模板"/>
                      <name value="template"/>
                      <type value="string"/>
                    </template>
                    <updated>
                      <description value="应用更新时间"/>
                      <name value="updated"/>
                      <type value="string"/>
                    </updated>
                    <version>
                      <description value="应用版本"/>
                      <name value="version"/>
                      <type value="string"/>
                    </version>
                  </properties>
                  <type value="object"/>
                </x-schema>
              </items>
              <type value="array"/>
            </schema>
          </node>
        </responses>
      </get>
      <parameter>
        <node nodeName="$ref" value="#/paths/&quot;/public&quot;/request/parameters"/>
      </parameter>
      <summary value="查看应用实例列表"/>
      <x-requestbody value="&#10;"/>
      <x-requestheader value=" GET /projects/ HTTP/1.1 "/>
      <x-requestsample nodeType="array">
        <x-requestsample>
          <description value=" GET /projects HTTP/1.1 "/>
          <id value="1"/>
        </x-requestsample>
      </x-requestsample>
      <x-responsebody value=" [ { &quot;name&quot;: &quot;string&quot;, &quot;description&quot;: &quot;string&quot;, &quot;template&quot;: &quot;string&quot;, &quot;version&quot;: &quot;string&quot;, &quot;created&quot;: &quot;datetime&quot;, &quot;updated&quot;: &quot;datetime&quot;, &quot;desired_state&quot;: &quot;string&quot;, &quot;current_state&quot;: &quot;string&quot;, &quot;environment&quot;: { &quot;key&quot;: &quot;value&quot;, ... } &quot;services&quot;: [ ... ] } ] "/>
      <x-responseheader value=" HTTP/1.1 200 OK "/>
      <x-responsesample nodeType="array">
        <x-responsesample>
          <description value=" HTTP/1.1 200 OK Content-Type:application/json;charset=UTF-8 [ { &quot;name&quot;: &quot;test&quot;, &quot;description&quot;: &quot;This is a test application&quot;, &quot;template&quot;: &quot;...&quot;, &quot;version&quot;: &quot;1.0&quot;, &quot;environment&quot;: { &quot;COMPOSE_PROJECT_NAME&quot;: &quot;test&quot; }, &quot;created&quot;: &quot;2016-02-02T07:45:13.113833319Z&quot;, &quot;updated&quot;: &quot;2016-02-02T07:45:16.03142154Z&quot;, &quot;desired_state&quot;: &quot;running&quot;, &quot;current_state&quot;: &quot;running&quot;, &quot;services&quot;: [ ... ] }, ... ] "/>
          <id value="1"/>
        </x-responsesample>
      </x-responsesample>
    </node>
    <node nodeName="/public">
      <request>
        <parameters nodeType="array">
          <parameters>
            <description value="用于验证请求合法性的认证信息，采用 AccessKeyId:Signature 的形式。"/>
            <in value="header"/>
            <name value="Authorization"/>
            <required value="true"/>
            <type value="string"/>
          </parameters>
          <parameters>
            <description value="RFC 2616 中定义的 HTTP 请求内容长度。"/>
            <in value="header"/>
            <name value="Content-Length"/>
            <required value="true"/>
            <type value="string"/>
          </parameters>
          <parameters>
            <description value="RFC 2616 中定义的 HTTP 请求内容类型。"/>
            <in value="header"/>
            <name value="Content-Type"/>
            <required value="true"/>
            <type value="string"/>
          </parameters>
          <parameters>
            <description value="用于验证请求合法性的认证信息，采用 AccessKeyId:Signature 的形式。"/>
            <in value="header"/>
            <name value="Content-MD5"/>
            <required value="true"/>
            <type value="string"/>
          </parameters>
          <parameters>
            <description value="RFC 2616 中定义的 HTTP 请求内容长度。"/>
            <in value="header"/>
            <name value="Date"/>
            <required value="true"/>
            <type value="string"/>
          </parameters>
          <parameters>
            <description value="访问 Host 值，例如：diku.aliyuncs.com。"/>
            <in value="header"/>
            <name value="Host"/>
            <required value="true"/>
            <type value="string"/>
          </parameters>
          <parameters>
            <description value="客户端需要的返回值类型，支持application/json 和 application/xml。"/>
            <enum nodeType="array">
              <enum value="application/json"/>
              <enum value="application/xml"/>
            </enum>
            <in value="header"/>
            <name value="Accept"/>
            <required value="true"/>
            <type value="string"/>
          </parameters>
          <parameters>
            <description value="地域（Region）指的是 ECS 实例所在的物理位置。更多详细信息参见 地域概念 和 ECS查询可用地域列表。"/>
            <in value="header"/>
            <name value="x-acs-region-id"/>
            <required value="true"/>
            <type value="string"/>
          </parameters>
          <parameters>
            <description value="唯一随机数，用于防止网络重放攻击。您在不同请求间要使用不同的随机数值。"/>
            <in value="header"/>
            <name value="x-acs-signature-nonce"/>
            <required value="true"/>
            <type value="string"/>
          </parameters>
          <parameters>
            <description value="用户签名方式，目前只支持HMAC-SHA1。"/>
            <enum nodeType="array">
              <enum value="HMAC-SHA1"/>
            </enum>
            <in value="header"/>
            <name value="x-acs-signature-method"/>
            <required value="true"/>
            <type value="string"/>
          </parameters>
        </parameters>
      </request>
      <response>
        <RequestId>
          <description value="您发送的每次接口调用请求，无论成功与否，系统都会返回一个唯一识别码"/>
          <in value="body"/>
          <name value="RequestId"/>
          <type value="string"/>
        </RequestId>
      </response>
    </node>
  </paths>
  <swagger value="2.0"/>
  <x-vee value="2.0 AS"/>
</root>
