<?xml version="1.0" encoding="UTF-8"?>
<root>
  <host value=""/>
  <info>
    <description value="阿里云对象存储服务（Object Storage Service，简称OSS），是阿里云对外提供的海量，安全，低成本，高可靠的云存储服务。用户可以通过本文档提供的简单的REST接口，在任何时间、任何地点、任何互联网设备上进行上传和下载数据。基于OSS，用户可以搭建出各种多媒体分享网站、网盘、个人和企业数据备份等基于大规模数据的服务。"/>
    <title value="aliyun oss api"/>
    <version value="1.0"/>
  </info>
  <paths>
    <node nodeName="/{BucketName}.oss-cn-hangzhou.aliyuncs.com/DeleteBucket">
      <delete>
        <consumes nodeType="array">
          <consumes value="application/x-www-form-urlencoded"/>
        </consumes>
        <description value="Delete Bucket用于删除某个Bucket。 1.&#9;如果Bucket不存在，返回404 no content错误。错误码：NoSuchBucket。 2.&#9;为了防止误删除的发生，OSS不允许用户删除一个非空的Bucket。 3.&#9;如果试图删除一个不为空的Bucket，返回409 Conflict错误，错误码：BucketNotEmpty。 4.&#9;只有Bucket的拥有者才能删除这个Bucket。如果试图删除一个没有对应权限的Bucket，返回403 Forbidden错误。错误码：AccessDenied。"/>
        <parameters nodeType="array">
          <parameters>
            <description value="对象名"/>
            <in value="path"/>
            <name value="BucketName"/>
            <required value="true"/>
            <type value="string"/>
          </parameters>
        </parameters>
        <produces nodeType="array">
          <produces value="application/x-www-form-urlencoded"/>
        </produces>
        <responses>
          <node nodeName="200">
            <description value="success response"/>
          </node>
          <node nodeName="403">
            <description value="只有Bucket的拥有者才能删除这个Bucket。如果试图删除一个没有对应权限的Bucket，返回403 Forbidden错误。错误码：AccessDenied。"/>
          </node>
          <node nodeName="404">
            <description value="如果Bucket不存在，返回404 no content错误。错误码：NoSuchBucket。"/>
          </node>
          <node nodeName="409">
            <description value="如果试图删除一个不为空的Bucket，返回409 Conflict错误，错误码：BucketNotEmpty。"/>
          </node>
        </responses>
      </delete>
      <produces nodeType="array">
        <produces value="application/xml"/>
      </produces>
      <summary value="删除Bucket"/>
      <x-requestformat value=" DELETE / HTTP/1.1 Host: BucketName.oss-cn-hangzhou.aliyuncs.com Date: GMT Date Authorization: SignatureValue&#10;"/>
      <x-requestsample nodeType="array">
        <x-requestsample>
          <description value=" DELETE / HTTP/1.1 Host: oss-example.oss-cn-hangzhou.aliyuncs.com Date: Fri, 24 Feb 2012 05:31:04 GMT Authorization: OSS qn6qrrqxo2oawuk53otfjbyc:ceOEyZavKY4QcjoUWYSpYbJ3naA=&#10;"/>
          <id value="1"/>
        </x-requestsample>
      </x-requestsample>
      <x-responsesample nodeType="array">
        <x-responsesample>
          <description value=" HTTP/1.1 204 No Content x-oss-request-id: 534B371674E88A4D8906008B Date: Fri, 24 Feb 2012 05:31:04 GMT Connection: keep-alive Content-Length: 0 Server: AliyunOSS&#10;"/>
          <id value="1"/>
        </x-responsesample>
      </x-responsesample>
    </node>
  </paths>
  <swagger value="2.0"/>
  <x-vee value="2.0 AS"/>
</root>
