<?xml version="1.0" encoding="UTF-8"?>
<root>
  <host value="ecs.aliyuncs.com"/>
  <info>
    <description value="云服务器（Elastic Compute Service，简称 ECS）是一种简单高效、处理能力可弹性伸缩的计算服务，帮助您快速构建更稳定、安全的应用，提升运维效率，降低 IT 成本，使您更专注于核心业务创新。"/>
    <title value="instance"/>
    <version value="1.0"/>
  </info>
  <paths>
    <node nodeName="/ImportImage">
      <get>
        <consumes nodeType="array">
          <consumes value="application/x-www-form-urlencoded"/>
        </consumes>
        <description value="&lt;h2 id=&quot;h2--em-em-&quot;&gt;&lt;a name=&quot;&lt;em&gt;描述&lt;/em&gt;&quot; class=&quot;reference-link&quot;&gt;&lt;/a&gt;&lt;span class=&quot;header-link octicon octicon-link&quot;&gt;&lt;/span&gt;&lt;em&gt;描述&lt;/em&gt;&lt;/h2&gt;&lt;p&gt;该接口用于导入线下镜像文件到 ECS 环境中，并生成自定义镜像。成功导入的镜像可以用于&lt;a href=&quot;/document_detail/25465.html&quot;&gt;创建 ECS 实例&lt;/a&gt;或者&lt;a href=&quot;/document_detail/25448.html&quot;&gt;更换系统盘&lt;/a&gt;。&lt;/p&gt;&lt;ul&gt;&lt;li&gt;必须提前&lt;a href=&quot;/document_detail/31886.html&quot;&gt;上传镜像文件到 OSS&lt;/a&gt;。&lt;/li&gt;&lt;li&gt;导入镜像的地域必须跟镜像文件存放的 OSS 在同一个账号的同一个地域。&lt;/li&gt;&lt;li&gt;DiskDeviceMapping.n 中，n 的取值范围为 [1, 16]。n 为 1 时表示系统盘，n 为 [2, 16] 时表示数据盘。&lt;/li&gt;&lt;li&gt;不能删除正在导入的镜像，但是可以取消导入镜像任务。&lt;/li&gt;&lt;li&gt;需要通过 RAM 给阿里云 ECS 官方服务账号授权读取 OSS 的权限。&lt;ol&gt;&lt;li&gt;创建角色：AliyunECSImageImportDefaultRole。&lt;strong&gt;必须是这个名称&lt;/strong&gt;，否则导入镜像会失败。角色的策略：&lt;pre class=&quot;prettyprint linenums prettyprinted&quot; style=&quot;&quot;&gt;&lt;ol class=&quot;linenums&quot;&gt;&lt;li class=&quot;L0&quot;&gt;&lt;code&gt;&lt;span class=&quot;pun&quot;&gt;{&lt;/span&gt;&lt;/code&gt;&lt;/li&gt;&lt;li class=&quot;L1&quot;&gt;&lt;code&gt;&lt;span class=&quot;str&quot;&gt;&quot;Statement&quot;&lt;/span&gt;&lt;span class=&quot;pun&quot;&gt;:&lt;/span&gt;&lt;span class=&quot;pln&quot;&gt; &lt;/span&gt;&lt;span class=&quot;pun&quot;&gt;[&lt;/span&gt;&lt;/code&gt;&lt;/li&gt;&lt;li class=&quot;L2&quot;&gt;&lt;code&gt;&lt;span class=&quot;pln&quot;&gt; &lt;/span&gt;&lt;span class=&quot;pun&quot;&gt;{&lt;/span&gt;&lt;/code&gt;&lt;/li&gt;&lt;li class=&quot;L3&quot;&gt;&lt;code&gt;&lt;span class=&quot;pln&quot;&gt;   &lt;/span&gt;&lt;span class=&quot;str&quot;&gt;&quot;Action&quot;&lt;/span&gt;&lt;span class=&quot;pun&quot;&gt;:&lt;/span&gt;&lt;span class=&quot;pln&quot;&gt; &lt;/span&gt;&lt;span class=&quot;str&quot;&gt;&quot;sts:AssumeRole&quot;&lt;/span&gt;&lt;span class=&quot;pun&quot;&gt;,&lt;/span&gt;&lt;/code&gt;&lt;/li&gt;&lt;li class=&quot;L4&quot;&gt;&lt;code&gt;&lt;span class=&quot;pln&quot;&gt;   &lt;/span&gt;&lt;span class=&quot;str&quot;&gt;&quot;Effect&quot;&lt;/span&gt;&lt;span class=&quot;pun&quot;&gt;:&lt;/span&gt;&lt;span class=&quot;pln&quot;&gt; &lt;/span&gt;&lt;span class=&quot;str&quot;&gt;&quot;Allow&quot;&lt;/span&gt;&lt;span class=&quot;pun&quot;&gt;,&lt;/span&gt;&lt;/code&gt;&lt;/li&gt;&lt;li class=&quot;L5&quot;&gt;&lt;code&gt;&lt;span class=&quot;pln&quot;&gt;   &lt;/span&gt;&lt;span class=&quot;str&quot;&gt;&quot;Principal&quot;&lt;/span&gt;&lt;span class=&quot;pun&quot;&gt;:&lt;/span&gt;&lt;span class=&quot;pln&quot;&gt; &lt;/span&gt;&lt;span class=&quot;pun&quot;&gt;{&lt;/span&gt;&lt;/code&gt;&lt;/li&gt;&lt;li class=&quot;L6&quot;&gt;&lt;code&gt;&lt;span class=&quot;pln&quot;&gt;     &lt;/span&gt;&lt;span class=&quot;str&quot;&gt;&quot;Service&quot;&lt;/span&gt;&lt;span class=&quot;pun&quot;&gt;:&lt;/span&gt;&lt;span class=&quot;pln&quot;&gt; &lt;/span&gt;&lt;span class=&quot;pun&quot;&gt;[&lt;/span&gt;&lt;/code&gt;&lt;/li&gt;&lt;li class=&quot;L7&quot;&gt;&lt;code&gt;&lt;span class=&quot;pln&quot;&gt;       &lt;/span&gt;&lt;span class=&quot;str&quot;&gt;&quot;ecs.aliyuncs.com&quot;&lt;/span&gt;&lt;/code&gt;&lt;/li&gt;&lt;li class=&quot;L8&quot;&gt;&lt;code&gt;&lt;span class=&quot;pln&quot;&gt;     &lt;/span&gt;&lt;span class=&quot;pun&quot;&gt;]&lt;/span&gt;&lt;/code&gt;&lt;/li&gt;&lt;li class=&quot;L9&quot;&gt;&lt;code&gt;&lt;span class=&quot;pln&quot;&gt;   &lt;/span&gt;&lt;span class=&quot;pun&quot;&gt;}&lt;/span&gt;&lt;/code&gt;&lt;/li&gt;&lt;li class=&quot;L0&quot;&gt;&lt;code&gt;&lt;span class=&quot;pln&quot;&gt; &lt;/span&gt;&lt;span class=&quot;pun&quot;&gt;}&lt;/span&gt;&lt;/code&gt;&lt;/li&gt;&lt;li class=&quot;L1&quot;&gt;&lt;code&gt;&lt;span class=&quot;pun&quot;&gt;],&lt;/span&gt;&lt;/code&gt;&lt;/li&gt;&lt;li class=&quot;L2&quot;&gt;&lt;code&gt;&lt;span class=&quot;str&quot;&gt;&quot;Version&quot;&lt;/span&gt;&lt;span class=&quot;pun&quot;&gt;:&lt;/span&gt;&lt;span class=&quot;pln&quot;&gt; &lt;/span&gt;&lt;span class=&quot;str&quot;&gt;&quot;1&quot;&lt;/span&gt;&lt;/code&gt;&lt;/li&gt;&lt;li class=&quot;L3&quot;&gt;&lt;code&gt;&lt;span class=&quot;pun&quot;&gt;}&lt;/span&gt;&lt;/code&gt;&lt;/li&gt;&lt;/ol&gt;&lt;/pre&gt;&lt;/li&gt;&lt;li&gt;在该角色下，加入默认系统权限策略：AliyunECSImageImportRolePolicy。这个策略是 ECS 提供导入镜像的默认策略，您也可以创建自定义策略，权限需要包含：&lt;pre class=&quot;prettyprint linenums prettyprinted&quot; style=&quot;&quot;&gt;&lt;ol class=&quot;linenums&quot;&gt;&lt;li class=&quot;L0&quot;&gt;&lt;code&gt;&lt;span class=&quot;pun&quot;&gt;{&lt;/span&gt;&lt;/code&gt;&lt;/li&gt;&lt;li class=&quot;L1&quot;&gt;&lt;code&gt;&lt;span class=&quot;str&quot;&gt;&quot;Version&quot;&lt;/span&gt;&lt;span class=&quot;pun&quot;&gt;:&lt;/span&gt;&lt;span class=&quot;pln&quot;&gt; &lt;/span&gt;&lt;span class=&quot;str&quot;&gt;&quot;1&quot;&lt;/span&gt;&lt;span class=&quot;pun&quot;&gt;,&lt;/span&gt;&lt;/code&gt;&lt;/li&gt;&lt;li class=&quot;L2&quot;&gt;&lt;code&gt;&lt;span class=&quot;str&quot;&gt;&quot;Statement&quot;&lt;/span&gt;&lt;span class=&quot;pun&quot;&gt;:&lt;/span&gt;&lt;span class=&quot;pln&quot;&gt; &lt;/span&gt;&lt;span class=&quot;pun&quot;&gt;[&lt;/span&gt;&lt;/code&gt;&lt;/li&gt;&lt;li class=&quot;L3&quot;&gt;&lt;code&gt;&lt;span class=&quot;pln&quot;&gt; &lt;/span&gt;&lt;span class=&quot;pun&quot;&gt;{&lt;/span&gt;&lt;/code&gt;&lt;/li&gt;&lt;li class=&quot;L4&quot;&gt;&lt;code&gt;&lt;span class=&quot;pln&quot;&gt;   &lt;/span&gt;&lt;span class=&quot;str&quot;&gt;&quot;Action&quot;&lt;/span&gt;&lt;span class=&quot;pun&quot;&gt;:&lt;/span&gt;&lt;span class=&quot;pln&quot;&gt; &lt;/span&gt;&lt;span class=&quot;pun&quot;&gt;[&lt;/span&gt;&lt;/code&gt;&lt;/li&gt;&lt;li class=&quot;L5&quot;&gt;&lt;code&gt;&lt;span class=&quot;pln&quot;&gt;     &lt;/span&gt;&lt;span class=&quot;str&quot;&gt;&quot;oss:GetObject&quot;&lt;/span&gt;&lt;span class=&quot;pun&quot;&gt;,&lt;/span&gt;&lt;/code&gt;&lt;/li&gt;&lt;li class=&quot;L6&quot;&gt;&lt;code&gt;&lt;span class=&quot;pln&quot;&gt;     &lt;/span&gt;&lt;span class=&quot;str&quot;&gt;&quot;oss:GetBucketLocation&quot;&lt;/span&gt;&lt;/code&gt;&lt;/li&gt;&lt;li class=&quot;L7&quot;&gt;&lt;code&gt;&lt;span class=&quot;pln&quot;&gt;   &lt;/span&gt;&lt;span class=&quot;pun&quot;&gt;],&lt;/span&gt;&lt;/code&gt;&lt;/li&gt;&lt;li class=&quot;L8&quot;&gt;&lt;code&gt;&lt;span class=&quot;pln&quot;&gt;   &lt;/span&gt;&lt;span class=&quot;str&quot;&gt;&quot;Resource&quot;&lt;/span&gt;&lt;span class=&quot;pun&quot;&gt;:&lt;/span&gt;&lt;span class=&quot;pln&quot;&gt; &lt;/span&gt;&lt;span class=&quot;str&quot;&gt;&quot;*&quot;&lt;/span&gt;&lt;span class=&quot;pun&quot;&gt;,&lt;/span&gt;&lt;/code&gt;&lt;/li&gt;&lt;li class=&quot;L9&quot;&gt;&lt;code&gt;&lt;span class=&quot;pln&quot;&gt;   &lt;/span&gt;&lt;span class=&quot;str&quot;&gt;&quot;Effect&quot;&lt;/span&gt;&lt;span class=&quot;pun&quot;&gt;:&lt;/span&gt;&lt;span class=&quot;pln&quot;&gt; &lt;/span&gt;&lt;span class=&quot;str&quot;&gt;&quot;Allow&quot;&lt;/span&gt;&lt;/code&gt;&lt;/li&gt;&lt;li class=&quot;L0&quot;&gt;&lt;code&gt;&lt;span class=&quot;pln&quot;&gt; &lt;/span&gt;&lt;span class=&quot;pun&quot;&gt;}&lt;/span&gt;&lt;/code&gt;&lt;/li&gt;&lt;li class=&quot;L1&quot;&gt;&lt;code&gt;&lt;span class=&quot;pun&quot;&gt;]&lt;/span&gt;&lt;/code&gt;&lt;/li&gt;&lt;li class=&quot;L2&quot;&gt;&lt;code&gt;&lt;span class=&quot;pun&quot;&gt;}&lt;/span&gt;&lt;/code&gt;&lt;/li&gt;&lt;/ol&gt;&lt;/pre&gt;&lt;/li&gt;&lt;/ol&gt;&lt;/li&gt;&lt;/ul&gt;"/>
        <parameters nodeType="array">
          <parameters>
            <description value="系统规定参数。取值：ImportImage"/>
            <enum nodeType="array">
              <enum value="ImportImage"/>
            </enum>
            <in value="query"/>
            <name value="Action"/>
            <required value="true"/>
            <type value="string"/>
          </parameters>
          <parameters>
            <description value="源自定义镜像的 RegionId。RegionId 的列表详见 &lt;a href=&quot;/document_detail/40654.html&quot;&gt;地域列表&lt;/a&gt;。"/>
            <in value="query"/>
            <name value="RegionId"/>
            <required value="true"/>
            <type value="string"/>
          </parameters>
          <parameters>
            <description value="镜像名称。&lt;ul&gt;&lt;li&gt;长度为 [2, 128] 个大小写英文或中文字符，必须以大小字母或中文开头，可包含数字、点号（.）、下划线（_）或连字符（-）。&lt;/li&gt;&lt;li&gt;镜像名称会显示在控制台。&lt;/li&gt;&lt;li&gt;不能以 http:// 和 https:// 开头。&lt;/li&gt;&lt;/ul&gt;"/>
            <in value="query"/>
            <maxLength value="128"/>
            <minLength value="2"/>
            <name value="ImageName"/>
            <required value="false"/>
            <type value="string"/>
          </parameters>
          <parameters>
            <description value="镜像的描述信息。&lt;ul&gt;&lt;li&gt;长度为 [0, 256] 个大小写英文或中文字符。&lt;/li&gt;&lt;li&gt;不能以 http:// 和 https:// 开头。&lt;/li&gt;&lt;/ul&gt;"/>
            <in value="query"/>
            <maxLength value="256"/>
            <minLength value="0"/>
            <name value="Description"/>
            <required value="false"/>
            <type value="string"/>
          </parameters>
          <parameters>
            <default value="x86_64"/>
            <description value="系统架构。取值范围：&lt;ul&gt;&lt;li&gt;i386&lt;/li&gt;&lt;li&gt;x86_64&lt;/li&gt;&lt;/ul&gt;默认值：x86_64"/>
            <enum nodeType="array">
              <enum value="i386"/>
              <enum value="x86_64"/>
            </enum>
            <in value="query"/>
            <name value="Architecture"/>
            <required value="false"/>
            <type value="string"/>
          </parameters>
          <parameters>
            <default value="linux"/>
            <description value="操作系统平台类型。取值范围：&lt;ul&gt;&lt;li&gt;windows&lt;/li&gt;&lt;li&gt;linux&lt;/li&gt;&lt;/ul&gt;默认值：linux"/>
            <enum nodeType="array">
              <enum value="windows"/>
              <enum value="linux"/>
            </enum>
            <in value="query"/>
            <name value="OSType"/>
            <required value="false"/>
            <type value="string"/>
          </parameters>
          <parameters>
            <default value="：Others Linux"/>
            <description value="操作系统发行版。取值范围：&lt;ul&gt;&lt;li&gt;CentOS&lt;/li&gt;&lt;li&gt;Ubuntu&lt;/li&gt;&lt;li&gt;SUSE&lt;/li&gt;&lt;li&gt;OpenSUSE&lt;/li&gt;&lt;li&gt;Debian&lt;/li&gt;&lt;li&gt;CoreOS&lt;/li&gt;&lt;li&gt;Aliyun Linux&lt;/li&gt;&lt;li&gt;Windows Server 2003&lt;/li&gt;&lt;li&gt;Windows Server 2008&lt;/li&gt;&lt;li&gt;Windows Server 2012&lt;/li&gt;&lt;li&gt;Others Linux&lt;/li&gt;&lt;li&gt;Customized Linux&lt;/li&gt;&lt;/ul&gt;默认值：Others Linux&lt;br&gt;"/>
            <enum nodeType="array">
              <enum value="CentOS"/>
              <enum value="Ubuntu"/>
              <enum value="SUSE"/>
              <enum value="OpenSUSE"/>
              <enum value="Debian"/>
              <enum value="CoreOS"/>
              <enum value="Aliyun Linux"/>
              <enum value="Windows Server 2003"/>
              <enum value="Windows Server 2008"/>
              <enum value="Windows Server 2012"/>
              <enum value="Other Linux"/>
              <enum value="Customized Linux"/>
            </enum>
            <in value="query"/>
            <name value="Platform"/>
            <required value="false"/>
            <type value="string"/>
          </parameters>
          <parameters>
            <description value="镜像"/>
            <in value="query"/>
            <items>
              <x-schema>
                <properties>
                  <DiskImageSize>
                    <description value="镜像大小。必须确保系统盘空间 ≥ 文件系统空间。取值范围：&lt;ul&gt;&lt;li&gt;n = 1 时，即系统盘：[5, 500] GB&lt;/li&gt;&lt;li&gt;n = [2, 16] 时，即数据盘：[5, 1000] GB&lt;/li&gt;&lt;/ul&gt;导入镜像时，系统自动检测镜像大小，以检测结果为准。"/>
                    <in value="query"/>
                    <minLength value="5"/>
                    <name value="DiskDeviceMapping.n.DiskImageSize"/>
                    <required value="false"/>
                    <type value="string"/>
                  </DiskImageSize>
                  <Format>
                    <description value="镜像格式。取值范围：&lt;ul&gt;&lt;li&gt;RAW&lt;/li&gt;&lt;li&gt;VHD&lt;/li&gt;&lt;/ul&gt;导入镜像时，系统自动检测镜像格式，以检测格式为准。"/>
                    <enum nodeType="array">
                      <enum value="RAW"/>
                      <enum value="VHD"/>
                    </enum>
                    <in value="query"/>
                    <name value="DiskDeviceMapping.n.Format"/>
                    <required value="false"/>
                    <type value="string"/>
                  </Format>
                  <OSSBucket>
                    <description value="镜像文件所在的 OSS Bucket。"/>
                    <in value="query"/>
                    <name value="DiskDeviceMapping.n.OSSBucket"/>
                    <required value="true"/>
                    <type value="string"/>
                  </OSSBucket>
                  <OSSObject>
                    <description value="镜像文件所在的 OSS Object 的 key。"/>
                    <in value="query"/>
                    <name value="DiskDeviceMapping.n.OSSObject"/>
                    <required value="true"/>
                    <type value="string"/>
                  </OSSObject>
                </properties>
                <type value="object"/>
              </x-schema>
            </items>
            <maxItem value="16"/>
            <minItem value="1"/>
            <name value="DiskDeviceMapping"/>
            <required value="true"/>
            <type value="array"/>
          </parameters>
        </parameters>
        <produces nodeType="array">
          <produces value="application/xml"/>
          <produces value="application/json"/>
        </produces>
        <responses>
          <node nodeName="200">
            <description value="Accept"/>
            <schema>
              <properties>
                <ImageId>
                  <description value="镜像 ID"/>
                  <name value="ImageId"/>
                  <type value="string"/>
                </ImageId>
                <ImportTaskId>
                  <description value="导入镜像任务 ID"/>
                  <name value="ImportTaskId"/>
                  <type value="string"/>
                </ImportTaskId>
                <RegionId>
                  <description value="地域 ID"/>
                  <name value="RegionId"/>
                  <type value="string"/>
                </RegionId>
              </properties>
              <type value="object"/>
            </schema>
          </node>
          <node nodeName="400">
            <description value="{code: IdempotentParameterMismatch, describeen: The request is retried with updated parameters.}, {code: IllegalTimestamp, describeen: The input parameter “Timestamp” that is mandatory for processing this request is not supplied.}, {code: IncompleteSignature, describeen: The request signature does not conform to Aliyun standards.}, {code: InsufficientBalance, describeen: Your account does not have enough balance.}, {code: InvalidAccessKeyId.NotFound, describeen: The specified Access Key ID does not exist.}, {code: InvalidOwner, describeen: OwnerId and OwnerAccount can’t be used at one API access.}, {code: InvalidOwnerAccount, describeen: The specified OwnerAccount is not valid.}, {code: InvalidOwnerId, describeen: The specified OwnerId is not valid.}, {code: InvalidParamater, describeen: The specified parameter “SignatureMethod” is not valid.}, {code: InvalidParamater, describeen: The specified parameter “SignatureVersion” is not valid.}, {code: InvalidParameter, describeen: The specified parameter is not valid}, {code: InvalidParameter, describeen: The specified parameter “Action or Version” is not valid.}, {code: InvalidParameter.IsNull, describeen: The required parameter must be not null.}, {code: MissingParameter, describeen: The input parameter “Action” that is mandatory for processing this request is not supplied}, {code: MissingParameter, describeen: The input parameter “AccessKeyId” that is mandatory for processing this request is not supplied}, {code: MissingParameter, describeen: The input parameter “Signature” that is mandatory for processing the request is not supplied.}, {code: MissingParameter, describeen: The input parameter “TimeStamp” that is mandatory for processing this request is not supplied}, {code: MissingParameter, describeen: The input parameter “Version” that is mandatory for processing this request is not supplied}, {code: SignatureNonceUsed, describeen: The request signature nonce has been used.}, {code: Throttling, describeen: You have made too many requests within a short time; your request is denied due to request throttling.}, {code: UnsupportedParameter, describeen: },{code: MissingParameter, describeen: An input parameter “RegionId” that is mandatory for processing the request is not supplied., describecn: 缺少 RegionId 值。RegionId 的列表详见 &lt;a href=&quot;/document_detail/40654.html&quot;&gt;地域列表&lt;/a&gt;。}, {code: MissingParameter, describeen: An input parameter “DiskDeviceMapping.n.OSSBucket” that is mandatory for processing the request is not supplied., describecn: 缺少 OSSBucket 的值。}, {code: MissingParameter, describeen: An input parameter “DiskDeviceMapping.n.OSSObject” that is mandatory for processing the request is not supplied., describecn: 缺少 OSSObject 值。}, {code: InvalidImageName.Malformed, describeen: The specified destination Image name is wrongly formed., describecn: 指定的镜像名称不合法。}, {code: InvalidDescription.Malformed, describeen: The specified destination image description is wrongly formed., describecn: 指定的目标镜像描述不合法。}, {code: RegionId.NotFound, describeen: The specified region is not found., describecn: 指定的镜像的 RegionId 不存在。RegionId 的列表详见 &lt;a href=&quot;/document_detail/40654.html&quot;&gt;地域列表&lt;/a&gt;。}, {code: IncorrectImageStatus, describeen: The specified image is not available., describecn: 指定的镜像状态不正确。}, {code: InvalidImageName.Duplicated, describeen: The destination image is exist., describecn: 镜像名称已经重复。}, {code: Forbbiden, describeen: User not authorized to operate on the specified resource, describecn: 没有权限导入镜像。}, {code: InvalidArchitecture.Malformed, describeen: The specified Architecture is wrongly formed., describecn: 指定的平台架构不合法。}, {code: InvalidPlatform.Malformed, describeen: The specified Platform is wrongly formed., describecn: 指定的操作系统发行版类型不合法。}, {code: InvalidOSType.Malformed, describeen: The specified OSType is wrongly formed., describecn: 指定的操作系统类型不合法。}, {code: InvalidFormat.Malformed, describeen: The specified Image format is wrongly formed., describecn: 指定的镜像文件格式不合法。}, {code: InvalidImageSize, describeen: The specified “DiskDeviceMapping.n.DiskImageSize” should be not less than system device size., describecn: 指定的镜像的磁盘大小不合法。}"/>
          </node>
          <node nodeName="403">
            <description value="{code: ChargeTypeViolation, describeen: The operation is not permitted due to charge type of the instance.}, {code: Forbidden.AccessKeyDisabled, describeen: The Access Key is disabled.}, {code: Forbidden.NotSupportRAM, describeen: This action does not support accessed by RAM mode.}, {code: Forbidden.RAM, describeen: User not authorized to operate on the specified resource, or this API doesn&amp;#39;t support RAM.}, {code: Forbidden.RiskControl, describeen: This operation is forbidden by Aliyun RiskControl system.}, {code: Forbidden.SubUser, describeen: The specified action is not available for you.}, {code: Forbidden.Unauthorized, describeen: User not authorized to operate on the specified resource.}, {code: InvalidAccount.NotFound, describeen: The specified Account does not exist.}, {code: InvalidAction, describeen: Specified action is not valid.}, {code: InvalidIdempotenceParameter.Mismatch, describeen: The specified parameters are different from before.}, {code: InvalidParameter.OwnerAccount, describeen: OwnerAccount is Invalid.}, {code: InvalidParameter.ResourceOwnerAccount, describeen: ResourceOwnerAccount is Invalid.}, {code: LastTokenProcessing, describeen: The last token request is processing.}, {code: MissingParameter, describeen: The input parameter OwnerId,OwnerAccount that is mandatory for processing this request is not supplied.}, {code: RealNameAuthenticationError, describeen: Your account has not passed the real-name authentication yet.}, {code: UnsupportedHTTPMethod, describeen: This http method is not supported.},{code: QuotaExceed.Image, describeen: The Image Quota exceeds., describecn: 已经超过自定义镜像配额限制，不能再导入镜像。}, {code: QuotaExceed.Snapshot, describeen: The maximum number of snapshots is exceeded., describecn: 已经超过快照的配额限制，不能再导入镜像。}, {code: ImageIsImporting, describeen: The specified Image is importing., describecn: 指定的镜像正在复制中。}, {code: InvalidRegion.NotSupport, describeen: The specified region does not support image import or export., describecn: 指定的 Region 暂时不支持导入镜像。}"/>
          </node>
          <node nodeName="404">
            <description value="{code: InvalidDiskId.NotFound, describeen: The specified DiskId does not exist.}, {code: InvalidImageId.NotFound, describeen: The specified ImageId does not exist.}, {code: InvalidInstanceId.NotFound, describeen: The specified InstanceId does not exist.}, {code: InvalidRegionId.NotFound, describeen: The specified RegionId does not exist.}, {code: InvalidSecurityGroupId.NotFound, describeen: The specified SecurityGroupId does not exist.}, {code: InvalidSnapshotId.NotFound, describeen: The specified SnapshotId does not exist.}"/>
          </node>
          <node nodeName="409">
            <description value="{code: OperationConflict, describeen: Request was denied due to conflict with a previous request.}"/>
          </node>
          <node nodeName="500">
            <description value="{code: InternalError, describeen: The request processing has failed due to some unknown error, exception or failure.}"/>
          </node>
          <node nodeName="503">
            <description value="{code: ServiceUnavailable, describeen: The request has failed due to a temporary failure of the server.}, {code: ServiceUnavailable.RegionMaintaining, describeen: System maintenance is in progress on the selected region, please wait a few minutes before trying again.}"/>
          </node>
        </responses>
      </get>
      <parameter>
        <node nodeName="$ref" value="#/paths/&quot;/public&quot;/request/parameters"/>
      </parameter>
      <summary value="将线下的一个镜像文件导入到 ECS 环境中生成一个自定义镜像"/>
      <x-requestsample nodeType="array">
        <x-requestsample>
          <description value="&lt;pre class=&quot;prettyprint linenums prettyprinted&quot; style=&quot;&quot;&gt;&lt;ol class=&quot;linenums&quot;&gt;&lt;li class=&quot;L0&quot;&gt;&lt;code class=&quot;lang-shell&quot;&gt;&lt;span class=&quot;pln&quot;&gt;https&lt;/span&gt;&lt;span class=&quot;pun&quot;&gt;:&lt;/span&gt;&lt;span class=&quot;com&quot;&gt;//ecs.aliyuncs.com/?Action=ImportImage&lt;/span&gt;&lt;/code&gt;&lt;/li&gt;&lt;li class=&quot;L1&quot;&gt;&lt;code class=&quot;lang-shell&quot;&gt;&lt;span class=&quot;pun&quot;&gt;&amp;amp;&lt;/span&gt;&lt;span class=&quot;typ&quot;&gt;RegionId&lt;/span&gt;&lt;span class=&quot;pun&quot;&gt;=&lt;/span&gt;&lt;span class=&quot;pln&quot;&gt;cn&lt;/span&gt;&lt;span class=&quot;pun&quot;&gt;-&lt;/span&gt;&lt;span class=&quot;pln&quot;&gt;hangzhou&lt;/span&gt;&lt;/code&gt;&lt;/li&gt;&lt;li class=&quot;L2&quot;&gt;&lt;code class=&quot;lang-shell&quot;&gt;&lt;span class=&quot;pun&quot;&gt;&amp;amp;&lt;/span&gt;&lt;span class=&quot;typ&quot;&gt;DiskDeviceMapping&lt;/span&gt;&lt;span class=&quot;pun&quot;&gt;.&lt;/span&gt;&lt;span class=&quot;lit&quot;&gt;1.OSSBucket&lt;/span&gt;&lt;span class=&quot;pun&quot;&gt;=&lt;/span&gt;&lt;span class=&quot;pln&quot;&gt;ecsimageos&lt;/span&gt;&lt;/code&gt;&lt;/li&gt;&lt;li class=&quot;L3&quot;&gt;&lt;code class=&quot;lang-shell&quot;&gt;&lt;span class=&quot;pun&quot;&gt;&amp;amp;&lt;/span&gt;&lt;span class=&quot;typ&quot;&gt;DiskDeviceMapping&lt;/span&gt;&lt;span class=&quot;pun&quot;&gt;.&lt;/span&gt;&lt;span class=&quot;lit&quot;&gt;1.OSSObject&lt;/span&gt;&lt;span class=&quot;pun&quot;&gt;=&lt;/span&gt;&lt;span class=&quot;typ&quot;&gt;CentOS_5&lt;/span&gt;&lt;span class=&quot;pun&quot;&gt;.&lt;/span&gt;&lt;span class=&quot;lit&quot;&gt;4_32.raw&lt;/span&gt;&lt;/code&gt;&lt;/li&gt;&lt;li class=&quot;L4&quot;&gt;&lt;code class=&quot;lang-shell&quot;&gt;&lt;span class=&quot;pun&quot;&gt;&amp;amp;&amp;lt;公共请求参数&amp;gt;&lt;/span&gt;&lt;/code&gt;&lt;/li&gt;&lt;/ol&gt;&lt;/pre&gt;"/>
          <id value="1"/>
        </x-requestsample>
        <x-requestsample>
          <description value="&lt;pre class=&quot;prettyprint linenums prettyprinted&quot; style=&quot;&quot;&gt;&lt;ol class=&quot;linenums&quot;&gt;&lt;li class=&quot;L0&quot;&gt;&lt;code class=&quot;lang-shell&quot;&gt;&lt;span class=&quot;pln&quot;&gt;https&lt;/span&gt;&lt;span class=&quot;pun&quot;&gt;:&lt;/span&gt;&lt;span class=&quot;com&quot;&gt;//ecs.aliyuncs.com/?Action=ImportImage&lt;/span&gt;&lt;/code&gt;&lt;/li&gt;&lt;li class=&quot;L1&quot;&gt;&lt;code class=&quot;lang-shell&quot;&gt;&lt;span class=&quot;pun&quot;&gt;&amp;amp;&lt;/span&gt;&lt;span class=&quot;typ&quot;&gt;RegionId&lt;/span&gt;&lt;span class=&quot;pun&quot;&gt;=&lt;/span&gt;&lt;span class=&quot;pln&quot;&gt;cn&lt;/span&gt;&lt;span class=&quot;pun&quot;&gt;-&lt;/span&gt;&lt;span class=&quot;pln&quot;&gt;hangzhou&lt;/span&gt;&lt;/code&gt;&lt;/li&gt;&lt;li class=&quot;L2&quot;&gt;&lt;code class=&quot;lang-shell&quot;&gt;&lt;span class=&quot;pun&quot;&gt;&amp;amp;&lt;/span&gt;&lt;span class=&quot;typ&quot;&gt;DiskDeviceMapping&lt;/span&gt;&lt;span class=&quot;pun&quot;&gt;.&lt;/span&gt;&lt;span class=&quot;lit&quot;&gt;1.OSSBucket&lt;/span&gt;&lt;span class=&quot;pun&quot;&gt;=&lt;/span&gt;&lt;span class=&quot;pln&quot;&gt;ecsimageos&lt;/span&gt;&lt;/code&gt;&lt;/li&gt;&lt;li class=&quot;L3&quot;&gt;&lt;code class=&quot;lang-shell&quot;&gt;&lt;span class=&quot;pun&quot;&gt;&amp;amp;&lt;/span&gt;&lt;span class=&quot;typ&quot;&gt;DiskDeviceMapping&lt;/span&gt;&lt;span class=&quot;pun&quot;&gt;.&lt;/span&gt;&lt;span class=&quot;lit&quot;&gt;1.OSSObject&lt;/span&gt;&lt;span class=&quot;pun&quot;&gt;=&lt;/span&gt;&lt;span class=&quot;typ&quot;&gt;CentOS_5&lt;/span&gt;&lt;span class=&quot;pun&quot;&gt;.&lt;/span&gt;&lt;span class=&quot;lit&quot;&gt;4_32.raw&lt;/span&gt;&lt;/code&gt;&lt;/li&gt;&lt;li class=&quot;L4&quot;&gt;&lt;code class=&quot;lang-shell&quot;&gt;&lt;span class=&quot;pun&quot;&gt;&amp;amp;&amp;lt;公共请求参数&amp;gt;&lt;/span&gt;&lt;/code&gt;&lt;/li&gt;&lt;/ol&gt;&lt;/pre&gt;"/>
          <id value="2"/>
        </x-requestsample>
      </x-requestsample>
      <x-responsesample nodeType="array">
        <x-responsesample>
          <description value="&lt;pre class=&quot;prettyprint linenums prettyprinted&quot; style=&quot;&quot;&gt;&lt;ol class=&quot;linenums&quot;&gt;&lt;li class=&quot;L0&quot;&gt;&lt;code class=&quot;lang-xml&quot;&gt;&lt;span class=&quot;tag&quot;&gt;&amp;lt;ImportImageResponse&amp;gt;&lt;/span&gt;&lt;/code&gt;&lt;/li&gt;&lt;li class=&quot;L1&quot;&gt;&lt;code class=&quot;lang-xml&quot;&gt;&lt;span class=&quot;pln&quot;&gt;    &lt;/span&gt;&lt;span class=&quot;tag&quot;&gt;&amp;lt;RequestId&amp;gt;&lt;/span&gt;&lt;span class=&quot;pln&quot;&gt;C8B26B44-0189-443E-9816-D951F59623A9&lt;/span&gt;&lt;span class=&quot;tag&quot;&gt;&amp;lt;/RequestId&amp;gt;&lt;/span&gt;&lt;/code&gt;&lt;/li&gt;&lt;li class=&quot;L2&quot;&gt;&lt;code class=&quot;lang-xml&quot;&gt;&lt;span class=&quot;pln&quot;&gt;    &lt;/span&gt;&lt;span class=&quot;tag&quot;&gt;&amp;lt;ImageId&amp;gt;&lt;/span&gt;&lt;span class=&quot;pln&quot;&gt;Img-231234567&lt;/span&gt;&lt;span class=&quot;tag&quot;&gt;&amp;lt;/ImageId&amp;gt;&lt;/span&gt;&lt;/code&gt;&lt;/li&gt;&lt;li class=&quot;L3&quot;&gt;&lt;code class=&quot;lang-xml&quot;&gt;&lt;span class=&quot;pln&quot;&gt;    &lt;/span&gt;&lt;span class=&quot;tag&quot;&gt;&amp;lt;ImportTaskId&amp;gt;&lt;/span&gt;&lt;span class=&quot;pln&quot;&gt;123-345-2332-22323&lt;/span&gt;&lt;span class=&quot;tag&quot;&gt;&amp;lt;/ImportTaskId&amp;gt;&lt;/span&gt;&lt;/code&gt;&lt;/li&gt;&lt;li class=&quot;L4&quot;&gt;&lt;code class=&quot;lang-xml&quot;&gt;&lt;span class=&quot;tag&quot;&gt;&amp;lt;/ImportImageResponse&amp;gt;&lt;/span&gt;&lt;/code&gt;&lt;/li&gt;&lt;/ol&gt;&lt;/pre&gt;"/>
          <id value="1"/>
          <note value="XML格式"/>
        </x-responsesample>
        <x-responsesample>
          <description value="&lt;pre class=&quot;prettyprint linenums prettyprinted&quot; style=&quot;&quot;&gt;&lt;ol class=&quot;linenums&quot;&gt;&lt;li class=&quot;L0&quot;&gt;&lt;code class=&quot;lang-json&quot;&gt;&lt;span class=&quot;pun&quot;&gt;{&lt;/span&gt;&lt;/code&gt;&lt;/li&gt;&lt;li class=&quot;L1&quot;&gt;&lt;code class=&quot;lang-json&quot;&gt;&lt;span class=&quot;pln&quot;&gt;    &lt;/span&gt;&lt;span class=&quot;str&quot;&gt;&quot;RequestId&quot;&lt;/span&gt;&lt;span class=&quot;pun&quot;&gt;:&lt;/span&gt;&lt;span class=&quot;pln&quot;&gt; &lt;/span&gt;&lt;span class=&quot;str&quot;&gt;&quot;C8B26B44-0189-443E-9816-D951F59623A9&quot;&lt;/span&gt;&lt;span class=&quot;pun&quot;&gt;,&lt;/span&gt;&lt;/code&gt;&lt;/li&gt;&lt;li class=&quot;L2&quot;&gt;&lt;code class=&quot;lang-json&quot;&gt;&lt;span class=&quot;pln&quot;&gt;    &lt;/span&gt;&lt;span class=&quot;str&quot;&gt;&quot;ImageId&quot;&lt;/span&gt;&lt;span class=&quot;pun&quot;&gt;:&lt;/span&gt;&lt;span class=&quot;pln&quot;&gt; &lt;/span&gt;&lt;span class=&quot;str&quot;&gt;&quot;Img-231234567&quot;&lt;/span&gt;&lt;span class=&quot;pun&quot;&gt;，&lt;/span&gt;&lt;/code&gt;&lt;/li&gt;&lt;li class=&quot;L3&quot;&gt;&lt;code class=&quot;lang-json&quot;&gt;&lt;span class=&quot;pln&quot;&gt;    &lt;/span&gt;&lt;span class=&quot;str&quot;&gt;&quot;ImportTaskId&quot;&lt;/span&gt;&lt;span class=&quot;pun&quot;&gt;:&lt;/span&gt;&lt;span class=&quot;str&quot;&gt;&quot;123-345-2332-22323&quot;&lt;/span&gt;&lt;/code&gt;&lt;/li&gt;&lt;li class=&quot;L4&quot;&gt;&lt;code class=&quot;lang-json&quot;&gt;&lt;span class=&quot;pun&quot;&gt;}&lt;/span&gt;&lt;/code&gt;&lt;/li&gt;&lt;/ol&gt;&lt;/pre&gt;"/>
          <id value="2"/>
          <note value="JSON格式"/>
        </x-responsesample>
      </x-responsesample>
    </node>
    <node nodeName="/public">
      <request>
        <parameters nodeType="array">
          <parameters>
            <default value="XML"/>
            <description value="返回值的类型，支持 JSON 与 XML。默认为 XML。"/>
            <enum nodeType="array">
              <enum value="XML"/>
              <enum value="JSON"/>
            </enum>
            <in value="query"/>
            <name value="Format"/>
            <required value="false"/>
            <type value="string"/>
          </parameters>
          <parameters>
            <description value="API 版本号，为日期形式：YYYY-MM-DD，本版本对应为 2014-05-26。"/>
            <in value="query"/>
            <name value="Version"/>
            <required value="true"/>
            <type value="string"/>
          </parameters>
          <parameters>
            <description value="阿里云颁发给用户的访问服务所用的密钥 ID。"/>
            <in value="query"/>
            <name value="AccessKeyId"/>
            <required value="true"/>
            <type value="string"/>
          </parameters>
          <parameters>
            <description value="签名结果串，关于签名的计算方法，请参见&amp;lt;&lt;a href=&quot;/document_detail/25492.html&quot;&gt;签名机制&lt;/a&gt;&amp;gt;。"/>
            <in value="query"/>
            <name value="Signature"/>
            <required value="true"/>
            <type value="string"/>
          </parameters>
          <parameters>
            <description value="签名方式，目前支持 HMAC-SHA1。"/>
            <in value="query"/>
            <name value="SignatureMethod"/>
            <required value="true"/>
            <type value="string"/>
          </parameters>
          <parameters>
            <description value="        请求的时间戳。日期格式按照 &lt;a href=&quot;/document_detail/25696.html&quot;&gt;ISO8601&lt;/a&gt; 标准表示，并需要使用 UTC 时间。格式为： &lt;br /&gt;        YYYY-MM-DDThh:mm:ssZ &lt;br /&gt;        例如，2014-05-26T12:00:00Z（为北京时间 2014 年 5 月 26 日 20 点 0 分 0 秒）。    "/>
            <in value="query"/>
            <name value="Timestamp"/>
            <required value="true"/>
            <type value="string"/>
          </parameters>
          <parameters>
            <description value="签名算法版本，目前版本是 1.0。"/>
            <in value="query"/>
            <name value="SignatureVersion"/>
            <required value="true"/>
            <type value="string"/>
          </parameters>
          <parameters>
            <description value="唯一随机数，用于防止网络重放攻击。用户在不同请求间要使用不同的随机数值"/>
            <in value="query"/>
            <name value="SignatureNonce"/>
            <required value="true"/>
            <type value="string"/>
          </parameters>
          <parameters>
            <description value="本次 API 请求访问到的资源拥有者账户，即登录用户名。 &lt;br /&gt;        此参数的使用方法，详见&amp;lt; &lt;a href=&quot;/document_detail/25494.html&quot;&gt;借助 RAM 实现子账号对主账号的 ECS 资源访问&lt;/a&gt; &amp;gt;，（只能在 &lt;a href=&quot;/document_detail/25496.html&quot;&gt;RAM 中可对 ECS 资源进行授权的 Action&lt;/a&gt; 中才能使用此参数，否则访问会被拒绝）    "/>
            <in value="query"/>
            <name value="ResourceOwnerAccount"/>
            <required value="false"/>
            <type value="string"/>
          </parameters>
        </parameters>
      </request>
      <response>
        <RequestId>
          <description value="用户发送的每次接口调用请求，无论成功与否，系统都会返回一个唯一识别码"/>
          <in value="body"/>
          <name value="RequestId"/>
          <type value="string"/>
        </RequestId>
      </response>
    </node>
  </paths>
  <swagger value="2.0"/>
  <x-vee value="2.0 AS"/>
</root>
