<?xml version="1.0" encoding="UTF-8"?>
<root>
  <host value="vpc.aliyuncs.com"/>
  <info>
    <description value="专有网络VPC（Virtual Private Cloud）是用户基于阿里云创建的自定义私有网络, 不同的专有网络之间二层逻辑隔离，用户可以在自己创建的专有网络内创建和管理云产品实例，比如ECS、负载均衡、RDS等。"/>
    <title value="VPC"/>
    <version value="1.0"/>
  </info>
  <paths>
    <node nodeName="/DeletePhysicalConnection">
      <get>
        <consumes nodeType="array">
          <consumes value="application/x-www-form-urlencoded"/>
        </consumes>
        <description value="&lt;h2 id=&quot;h2--em-em-&quot;&gt;&lt;a name=&quot;&amp;lt;em&amp;gt;描述&amp;lt;/em&amp;gt;&quot; class=&quot;reference-link&quot;&gt;&lt;/a&gt;&lt;span class=&quot;header-link octicon octicon-link&quot;&gt;&lt;/span&gt;&lt;em&gt;描述&lt;/em&gt;&lt;/h2&gt;&lt;p&gt;删除物理专线&lt;/p&gt;&lt;ul&gt;&lt;li&gt;只允许删除当前处在Rejected，Canceled，AllocationFailed，Terminated状态的物理专线&lt;/li&gt;&lt;/ul&gt;"/>
        <parameters nodeType="array">
          <parameters>
            <description value="系统规定参数，取值：DeletePhysicalConnection"/>
            <enum nodeType="array">
              <enum value="DeletePhysicalConnection"/>
            </enum>
            <in value="query"/>
            <name value="Action"/>
            <required value="true"/>
            <type value="string"/>
          </parameters>
          <parameters>
            <description value="所在地域（管理实例的Region ID）"/>
            <in value="query"/>
            <name value="RegionId"/>
            <required value="true"/>
            <type value="string"/>
          </parameters>
          <parameters>
            <description value="物理专线ID"/>
            <in value="query"/>
            <name value="PhysicalConnectionId"/>
            <required value="true"/>
            <type value="string"/>
          </parameters>
        </parameters>
        <produces nodeType="array">
          <produces value="application/xml"/>
          <produces value="application/json"/>
        </produces>
        <responses>
          <node nodeName="200">
            <description value="Accept"/>
            <schema>
              <properties/>
              <type value="object"/>
            </schema>
          </node>
          <node nodeName="400">
            <description value="{code: MissingParameter, describeen: The input parameter “Action” that is mandatory for processing this request is not supplied, describecn: 缺少 Action 字段}, {code: MissingParameter, describeen: The input parameter “AccessKeyId” that is mandatory for processing this request is not supplied, describecn: 缺少 AccessKeyId 字段}, {code: MissingParameter, describeen: An input parameter “Signature” that is mandatory for processing the request is not supplied., describecn: 缺少 Signature 字段}, {code: MissingParameter, describeen: The input parameter “TimeStamp” that is mandatory for processing this request is not supplied, describecn: 缺少 Timestamp 字段}, {code: MissingParameter, describeen: The input parameter “Version” that is mandatory for processing this request is not supplied, describecn: 缺少 Version 字段}, {code: InvalidParameter, describeen: The specified parameter “Action or Version” is not valid., describecn: 无效的 Action 值（该 API 不存在）}, {code: InvalidAccessKeyId.NotFound, describeen: The Access Key ID provided does not exist in our records., describecn: 无效的 AccessKeyId 值（该 key 不存在）}, {code: IncompleteSignature, describeen: The request signature does not conform to Aliyun standards., describecn: 无效的 Signature 取值（签名结果错误）}, {code: InvalidParamater, describeen: The specified parameter “SignatureMethod” is not valid., describecn: 无效的 SignatureMethod 取值}, {code: InvalidParamater, describeen: The specified parameter “SignatureVersion” is not valid., describecn: 无效的 SignatureVersion 取值}, {code: IllegalTimestamp, describeen: The input parameter “Timestamp” that is mandatory for processing this request is not supplied., describecn: 无效的 Timestamp 取值（Timestamp 与服务器时间相差超过了 1 个小时）}, {code: SignatureNonceUsed, describeen: The request signature nonce has been used., describecn: 无效的 SignatureNonce（该 SignatureNonce 值已被使用过）}, {code: InvalidParameter, describeen: The specified parameter “Action or Version” is not valid., describecn: 无效的 Version 取值}, {code: InvalidOwnerId, describeen: The specified OwnerId is not valid., describecn: 无效的 OwnerId 取值}, {code: InvalidOwnerAccount, describeen: The specified OwnerAccount is not valid., describecn: 无效的 OwnerAccount 取值}, {code: InvalidOwner, describeen: OwnerId and OwnerAccount can’t be used at one API access., describecn: 同时使用了 OwnerId 和 OwnerAccount}, {code: Throttling, describeen: Request was denied due to request throttling., describecn: 因系统流控拒绝访问}, {code: Throttling, describeen: Request was denied due to request throttling., describecn: 该 key 的调用 quota 已用完}, {code: UnsupportedParameter, describeen: The parameter ”&amp;lt;parameter name&amp;gt;” is not supported., describecn: 使用了无效的参数}, {code: UnsupportedParameter, describeen: The parameter ”&amp;lt;parameter name&amp;gt;” is not supported., describecn: 该参数无权使用}, {code: InsufficientBalance, describeen: Your account does not have enough balance., describecn: 余额不足}, {code: IdempotentParameterMismatch, describeen: Request uses a client token in a previous request but is not identical to that request., describecn: 使用了一个已经使用过的 ClientToken，但此次请求内容却又与上一次使用该 Token 的 request 不一样.}, {code: InvalidParameter, describeen: The specified parameter is not valid, describecn: 参数校验失败},{code: InvalidRegionPair.NotReachable, describeen: The specified OppositeRegion is not reachable by ExpressConnect from that region specified by ‘RegionId’, describecn:  用户指定的两个region是无法通过高速通道产品进行连接的。}, {code: InvalidRole.ValueNotSupported, describeen: The specified Role is not valid., describecn: 指定的 Role 不合法}, {code: InvalidSpec.ValudNotSupported, describeen: The specified Spec is not supported., describecn: 指定的 Spec 不支持}, {code: InvalidRouterType.ValueNotSupported, describeen: The specified RouterType is not valid, describecn: 指定的 RouterType 不合法}, {code: InvalidOppositeRouterType.ValueNotSupported, describeen: The specified OppositeRouterType is not valid., describecn: 指定的 OppositeRouterType 不合法}, {code: ParameterMismatch.Role-Spec, describeen: The specified Spec and Role mismatch., describecn: 指定的 Spec 和 Role 不匹配}, {code: ParameterMismatch.RegionId-OppositeRegionId-Spec, describeen: The specified Spec is not supported between the specified RegionId and OppositeRegionId., describecn:  该规格在这两个Region之间不支持。}, {code: InvalidName.Malformed, describeen: The specified ‘Name’ is not valid., describecn: 指定的 Name 不合法}, {code: InvalidDescription.Malformed, describeen: The specifid ‘Description’ is not valid., describecn: 指定的 Description 不合法}, {code: Forbidden.BillsOutstanding, describeen: You cannot create more RouterInterface because you have bills outstanding., describecn:  有未结清的账单，因而拒绝创建更多的后付费资源；}, {code: QuotaExceed.RouterInterface, describeen: Living RouterInterface quota exceeded., describecn: 已有路由器接口数量超过配额}, {code: LimitationExceed.InterfaceNumberOnRouter, describeen: Total number of RouterInterfaces on a Router exceeded., describecn: 单个路由器上存在的路由器接口数量超过配额}, {code: InvalidParam.NotFound, describeen: Parameter must not be null,uid, bid,regionNo, remoteRegionNo or routerId, describecn: ‘uid’, ‘bid’, ‘regionNo’, ‘remoteRegionNo’ 或者 ‘routerId’不能为空}, {code: InvalidAccessPoint.NotMatch, describeen: The accessPoint id is not matched, describecn: 接入点Id 不匹配}, {code: InvalidAccessPoint.NotExist, describeen: The accessPoint not exit, describecn: 接入点Id 不存在},{code: IncorrectRole.NotInitiatingSide, describeen: The spedified RouterInterface is not InitiatingSide, describecn: 指定的 RouterInterface 不是发起端}, {code: IncorrectStatus, describeen: RouterInterface can be operated by this action only when it’s status is Idle., describecn: 当 RouterInterface 状态为 “Idle” 时才能执行操作}, {code: IncorrectOppositeInterfaceInfo.NotSet, describeen: OppositeInterfaceId/OppositeRouterId/OppositeRouterType/OppositeRouterOwnerId must be all set., describecn:  连接对端的信息未设置。}, {code: IncorrectOppositeInterfaceInfo, describeen: The opposite RouterInterface information specified by OppositeInterfaceId/OppositeRouterId/OppositeRouterType/OppositeRouterOwnerId is wrong. Maybe the RouterInterface or Router does not exist, or the parameters mismatched, or that RouterInterface is not a AcceptingSide., describecn:  对端路由器接口的信息错误。或许是对端RouterInterfaceId/ RouterId并不存在，也或许是几个参数之间的值不匹配，也或许是对端RouterInterface并不是一个接受端RouterInterface。}, {code: Forbidden.BillsOutstanding, describeen: You cannot use this action because you have bills outstanding., describecn:  有未结清的账单，因而拒绝该操作；},{code: IncorrectStatus, describeen: RouterInterface can be operated by this action only when it’s status is Inactive., describecn: 当 RouterInterface 状态为 “Inactive” 时才能执行操作}, {code: Forbidden.FinancileLocked, describeen: This RouterInterface is financiel locked because of bills outstanding., describecn:  实例处于欠费锁定状态},{code: IncorrectStatus, describeen: RouterInterface can be operated by this action only when it’s status is Active., describecn: 当 RouterInterface 状态为 “Active” 时才能执行操作}, {code: Forbidden.FinancileLocked, describeen: This RouterInterface is financiel locked because of bills outstanding., describecn:  实例处于欠费锁定状态},{code: InvalidSpec.ValudNotSupported, describeen: The specified Spec is not supported., describecn: 指定的 Spec 不支持}, {code: ParameterMismatch.RegionId-OppositeRegionId-Spec, describeen: The specified Spec is not supported between the specified RegionId and OppositeRegionId., describecn:  该规格在这连个Region之间不支持。}, {code: Forbidden.FinancialLocked, describeen: RouterInterface can not be operated by this action when it’s FinancialLocked., describecn:  该实例处于欠费锁定状态，禁止进行该操作}, {code: InvalidParam.NotFound, describeen: Parameter must not be null,uid, bid,regionNo, remoteRegionNo or routerId, describecn: ‘uid’, ‘bid’, ‘regionNo’, ‘remoteRegionNo’ 或者 ‘routerId’不能为空}, {code: InvalidOppositeRegionId.NotFound, describeen: The OppositeRegionId provided does not exist in our records., describecn: 指定的 OppositeRegionId 不存在}, {code: InvalidInstanceOwner.Error, describeen: The router instance owener error., describecn: 路由器不属于当前调用方}, {code: InvalidOpposite.NotFound, describeen: The opposite not exit., describecn: 指定的对端不存在},{code: InvalidName.Malformd, describeen: The specified ‘Name’ is not valid., describecn: 指定的 Name 不合法}, {code: InvalidDescription.Malformed, describeen: The specifid ‘Description’ is not valid., describecn: 指定的 Description 不合法}, {code: InvalidOppositeRouterType.ValueNotSupported, describeen: The specified OppositeRouterType is not valid., describecn: 指定的 OppositeRouterType 不合法}, {code: IncorrectStatus, describeen: RouterInterface can be operated by this action only when the status is Active,idle or inactive., describecn: 当路由器接口状态为 “Active”， “idle” 或者 “inactive” 时支持该操作}, {code: Forbidden.FinancileLocked, describeen: This RouterInterface is financiel locked because of bills outstanding., describecn: 路由器接口被欠费锁定}, {code: Forbbiden, describeen: The Router instance owener error, describecn: 路由器不属于当前调用方}, {code: LinkRole.NotSupport, describeen: This linkrole is not supported, describecn: 连接角色不支持}, {code: Forbbiden.ModifyIdAndType, describeen: Opposite is VBR, cannot modify the ID and type, describecn: 对端为边界路由器，不能编辑ID和类型}, {code: InvalidParam.ModifyRouterInterface, describeen: Modify routerinterface param invalide, describecn: 编辑路由器接口参数不合法},{code: IncorrectStatus, describeen: This openeration would be allowed only when status of this RouterInterface is Idle/Inactive., describecn: 当 RouterInterface 状态为 “Idle” 或 “Inactive” 时才能执行操作}, {code: DependencyViolation.RouterInterfaceReferedByRouteEntry, describeen: RouterInterface cannot be deleted when it is refered by a route table entry as next hop., describecn:  被某个路由条目引用（将当做下一跳目标）时，不能删除；},{code: InvalidAccessPointId.NotEnabled, describeen: The specified AccessPointId is not in Enabled state., describecn: 指定的 AccessPointId 不在Enabled状态}, {code: InvalidType.Malformd, describeen: The Type provided was invalid., describecn: 指定的Type值不合法}, {code: InvalidPeerLocation.Malformd, describeen: The PeerLocation provided was invalid., describecn: 指定的PeerLocation不合法}, {code: InvalidLineOperator.Malformd, describeen: The LineOperator provided was invalid., describecn: 指定的LineOperator 值不合法}, {code: InvalidPortType.Malformd, describeen: The PortType provided was invalid., describecn: 指定的 PortType 值不合法}, {code: InvalidDescription.Malformed, describeen: The specified Description is not valid., describecn: 指定的专线描述不合法}, {code: InvalidName.Malformed, describeen: The specified Name is not valid., describecn: 指定的专线名称不合法}, {code: QuotaExceeded.pConnPerAP, describeen: Physical connection count per ap quota exceed., describecn: 接入点接入专线总数超过配额}, {code: InvalidBandwidth, describeen: invalid physical connection banwidth., describecn: 指定的Bandwidth不合法}, {code: InvalidRedundantPhysicalConnection, describeen: redundant physical connection doesn’t belong to current user., describecn: 指定的RedundantPhysicalConnection不属于调用者}, {code: InvalidRedundantPhysicalConnectionStatus, describeen: invalid redundant physical connection status., describecn: 指定的RedundantPhysicalConnection状态不合法}, {code: InvalidCircuitCode.Malformed, describeen: circuitCode is illegal., describecn: 指定的circuitCode不合法}, {code: QuotaExceeded.freePconnPerAP, describeen: free physical connections count excceeded., describecn: 未创建边界路由器的物理专线数量超过配额},{code: Forbidden.NotAllowedInState, describeen: The request does not allow in this state., describecn: 当前状态不支持该操作},{code: InvalidLineOperator.Malformd, describeen: The LineOperator provided was invalid., describecn: 指定的专线运营商不正确}, {code: InvalidPeerLocation.Malformd, describeen: The PeerLocation provided was invalid., describecn: 指定的PeerLocation不合法}, {code: InvalidPortType.Malformd, describeen: The PortType provided was invalid., describecn: 指定的PortType不合法}, {code: InvalidDescription.Malformed, describeen: The specifid Description is not valid., describecn: 输入的Description不合法}, {code: InvalidName.Malformed, describeen: The specified Name is not valid., describecn: 指定专线名称不合法}, {code: InvalidStatus, describeen: invalid physical connection status., describecn: 物理专线状态不合法}, {code: InvalidBandwidth, describeen: invalid physical connection banwidth., describecn: 物理专线Bandwidth不合法}, {code: InvalidRedundantPhysicalConnection, describeen: redundant physical connection doesn’t belong to current user., describecn: 指定的RedundantPhysicalConnection不属于调用方}, {code: InvalidRedundantPhysicalConnectionStatus, describeen: invalid redundant physical connection status., describecn: 指定的RedundantPhysicalConnection状态不合法}, {code: InvalidCircuitCode.Malformed, describeen: circuitCode is illegal., describecn: 指定的CircuitCode不合法},{code: Forbidden.NotAllowedInState, describeen: The request does not allow in this state., describecn: 指定的物理专线未处于正常（Enabled）状态}, {code: Forbidden.VbrAttached, describeen: cannot terminate physical connection when virtual border routers are still attached., describecn: 当前物理专线上还有关联的边界路由器},{code: Forbidden.NotAllowedInState, describeen: The request does not allow in this state., describecn: 指定的物理专线未处于Confirmed状态。},{code: Forbidden.NotAllowedInState, describeen: The request does not allow in this state., describecn: 指定的物理专线未处于可删除（Rejected，Canceled，AllocationFailed，Terminated）状态}, {code: Forbidden.VBRExists, describeen: physical connection owner’s vbr still exists., describecn: 该物理专线下仍有为专线所有者创建的VBR}, {code: Forbidden.VBRExists, describeen: vbr owner’s vbr still exists., describecn: 该物理专线下仍有为其他用户创建的VBR}"/>
          </node>
          <node nodeName="403">
            <description value="{code: Forbidden.AccessKeyDisabled, describeen: The Access Key is disabled., describecn: 该 AccessKey 处于禁用状态}, {code: InvalidAction, describeen: Specified action is not valid., describecn: 该 key 无权调用该 API}, {code: UnsupportedHTTPMethod, describeen: This http method is not supported., describecn: 用户使用了不支持的 Http Method（当前 TOP 只支持 post 和 get）}, {code: MissingParameter, describeen: The input parameter OwnerId,OwnerAccount that is mandatory for processing this request is not supplied., describecn: 调用该接口没有指定 OwnerId}, {code: Forbidden.SubUser, describeen: The specified action is not available for you。, describecn: 无权调用订单类接口}, {code: Forbidden.RAM, describeen: User not authorized to operate the specified resource, or this API doesn’t support RAM., describecn: 使用了 RAM 授权子账号进行资源访问,但是本次操作没有被正确的授权}, {code: Forbidden.NotSupportRAM, describeen: This action does not support accessed by RAM mode., describecn: 该接口不允许使用 RAM 方式进行访问}, {code: RealNameAuthenticationError, describeen: Your account has not passed the real-name authentication yet., describecn: 用户未进行实名认证}, {code: InvalidIdempotenceParameter.Mismatch, describeen: The specified parameters are different from before, describecn: 幂等参数不匹配}, {code: LastTokenProcessing, describeen: The last token request is processing, describecn: 上一次请求还在处理中},{code: RejectedByOppositeInterface, describeen: The opposite RouterInterface does not set this RouterInterface as a OppositeRouterInterface. Meybe it was wrongly set. Please check the configuration of the opposite RouterInterface., describecn:  对端路由器接口并未将该路由器接口设置为连接对端。或许这是对端路由器接口上未能正确配置对端信息。请检查对端路由器接口上的配置。}"/>
          </node>
          <node nodeName="404">
            <description value="{code: Forbidden.InstanceNotFound, describeen: The specified Instance is not found, so we cann’t get enough information to check permission in RAM., describecn: 使用了 RAM 授权子账号进行资源访问，但是本次访问涉及到的 Instance 不存在}, {code: Forbidden.DiskNotFound, describeen: The specified Disk is not found, so we cann’t get enough information to check permission in RAM., describecn: 使用了 RAM 授权子账号进行资源访问,但是本次访问涉及到的 Disk 不存在}, {code: Forbidden.SecurityGroupNotFound, describeen: The specified SecurityGroup is not found, so we cann’t get enough information to check permission in RAM., describecn: 使用了 RAM 授权子账号进行资源访问,但是本次访问涉及到的 SecurityGroup 不存在}, {code: Forbidden.SnapshotNotFound, describeen: The specified Snapshot is not found, so we cann’t get enough information to check permission in RAM., describecn: 使用了 RAM 授权子账号进行资源访问,但是本次访问涉及到的 Snapshot 不存在}, {code: Forbidden.ImageNotFound, describeen: The specified Image is not found, so we cann’t get enough information to check permission in RAM., describecn: 使用了 RAM 授权子账号进行资源访问,但是本次访问涉及到的 Image 不存在},{code: InvalidRegionId.NotFound, describeen: The RegionId provided does not exist in our records., describecn: 指定的 RegionId 不存在}, {code: InvalidOppositeRegionId.NotFound, describeen: The OppositeRegionId provided does not exist in our records., describecn:  用户填写的OppositeRegionId是一个不存在的regionId}, {code: InvalidRouterId.NotFound, describeen: The specified RouterId does not exist in our recored., describecn: 指定的 RouterId 不存在},{code: InvalidRegionId.NotFound, describeen: The RegionId provided does not exist in our records., describecn: 指定的 RegionId 不存在}, {code: InvalidOppositeRegionId.NotFound, describeen: The oppositeRegionId provided does not exist in our records., describecn: 指定的对端 RegionId 不存在}, {code: InvalidFilterKey.ValueNotSupported, describeen: Specified filter key is not supported: Filter.X.key, describecn: 指定的过滤器类型不支持},{code: InvalidRegionId.NotFound, describeen: The specified RegionId does not exist in our record., describecn: 指定的 RegionId 不存在}, {code: InvalidRouterInterfaceId.NotFound, describeen: The specified RouterInterfaceId does not exist in our record., describecn: 指定的 RouterInterfaceId 不存在},{code: InvalidRegionId.NotFound, describeen: The specified RegionId does not exist in our records., describecn: 指定的 RegionId 不存在}, {code: InvalidRouterInterfaceId.NotFound, describeen: The specified RouterInterfaceId does not exist in our records., describecn: 指定的 RouterInterfaceId 不存在},{code: InvalidRegionId.NotFound, describeen: The specified RegionId does not exist in our records., describecn: 指定的的 RegionId 不存在}, {code: InvalidRouterInterfaceId.NotFound, describeen: The specified RouterInterfaceId does not exist in our records., describecn: 指定的 RouterInterfaceId 不存在},{code: InvalidRouterInterfaceId.NotFound, describeen: The specified RouterInterfaceId does not exist in our record., describecn: 指定的 RouterInterfaceId 不存在},{code: InvalidRegionId.NotFound, describeen: he specified RegionId does not exist in our records., describecn: 指定的 RegionId 不存在}, {code: InvalidRouterInterfaceId.NotFound, describeen: The specified RouterInterfaceId does not exist in our records., describecn: 指定的 RouterInterfaceId 不存在},{code: InvalidRegionId.NotFound, describeen: , describecn: 指定的 RegionId 不存在}, {code: InvalidInstanceId.NotFound, describeen: The InstanceId provided does not exist in our records., describecn: 指定的实例不存在},{code: InvalidRegionId.NotFound, describeen: The RegionId provided does not exist in our records., describecn: 指定的RegionId不存在}, {code: InvalidAccessPointId.NotFound, describeen: The AccessPointId provided does not exist in our records., describecn: 指定的 AccessPointId 不存在}, {code: InvalidRedundantPhysicalConnectionId .NotFound, describeen: The specified RedundantPhysicalConnectionId is not found., describecn: 指定的冗余专线不存在},{code: InvalidRegionId.NotFound, describeen: The RegionId provided does not exist in our records., describecn: 指定的 RegionId 不存在}, {code: InvalidPhysicalConnectionId.NotFound, describeen: The PhysicalConnectionId provided does not exist in our records., describecn: 指定的 PhysicalConnectionId 不存在},{code: InvalidRegionId.NotFound, describeen: The RegionId provided does not exist in our records., describecn: 指定的 RegionId 不存在}, {code: InvalidFilterKey.ValueNotSupported, describeen: Specified filter key is not supported: Filter.X.key, describecn: 指定的筛选字段不支持},{code: InvalidRegionId.NotFound, describeen: The RegionId provided does not exist in our records., describecn: 指定的RegionId不存在}, {code: InvalidPhysicalConnectionId.NotFound, describeen: The PhysicalConnectionId provided does not exist in our records., describecn: 指定的PhysicalConnectionId不存在}, {code: InvalidRedundantPhysicalConnectionId.NotFound, describeen: The specified RedundantPhysicalConnectionId is not found., describecn: 指定的冗余专线ID不存在},{code: InvalidRegionId.NotFound, describeen: The RegionId provided does not exist in our records., describecn: 指定的RegionId不存在}, {code: InvalidPhysicalConnectionId.NotFound, describeen: The PhysicalConnectionId provided does not exist in our records., describecn: 指定的物理专线（PhysicalConnectionId）不存在},{code: InvalidRegionId.NotFound, describeen: The RegionId provided does not exist in our records., describecn: 指定的RegionId不存在}, {code: InvalidPhysicalConnectionId.NotFound, describeen: The PhysicalConnectionId provided does not exist in our records., describecn: 指定的物理专线（PhysicalConnectionId）不存在},{code: InvalidRegionId.NotFound, describeen: The RegionId provided does not exist in our records., describecn: 指定的RegionId不存在}, {code: InvalidPhysicalConnectionId.NotFound, describeen: The PhysicalConnectionId provided does not exist in our records., describecn: 指定的物理专线（PhysicalConnectionId）不存在}"/>
          </node>
          <node nodeName="500">
            <description value="{code: ServiceUnavailable, describeen: The request has failed due to a temporary failure of the server., describecn: 服务不可用}, {code: InternalError, describeen: The request processing has failed due to some unknown error, exception or failure., describecn: 其他情况},{code: Forbidden.NotInRouterInterfaceCreateWhitelist, describeen: Not in router interface create whitelist., describecn: 帐号不在创建路由器接的白名单中}, {code: RI_CREATE_ONE_LIMIT_BY_SYNC, describeen: Create ri only one limit by sync., describecn: }, {code: InvalidAccessPoint.ValueNotAllowed, describeen: The non-vbr router interface cannot have access point configured., describecn: 非 VBR 路由器接口不能指定接入点信息}, {code: InvalidAccessPoint.ValueNotAllowed, describeen: The non-vbr opposite router interface cannot have opposite access point configured., describecn: 非 VBR 对端路由器接口不能指定接入点信息}"/>
          </node>
        </responses>
      </get>
      <parameter>
        <node nodeName="$ref" value="#/paths/&quot;/public&quot;/request/parameters"/>
      </parameter>
      <summary value="删除物理专线"/>
    </node>
    <node nodeName="/public">
      <request>
        <parameters nodeType="array">
          <parameters>
            <default value="XML"/>
            <description value="返回值的类型，支持 JSON 与 XML。默认为 XML。"/>
            <enum nodeType="array">
              <enum value="XML"/>
              <enum value="JSON"/>
            </enum>
            <in value="query"/>
            <name value="Format"/>
            <required value="false"/>
            <type value="string"/>
          </parameters>
          <parameters>
            <description value="API 版本号，为日期形式：YYYY-MM-DD，本版本对应为 2014-05-26。"/>
            <in value="query"/>
            <name value="Version"/>
            <required value="true"/>
            <type value="string"/>
          </parameters>
          <parameters>
            <description value="阿里云颁发给用户的访问服务所用的密钥 ID。"/>
            <in value="query"/>
            <name value="AccessKeyId"/>
            <required value="true"/>
            <type value="string"/>
          </parameters>
          <parameters>
            <description value="签名结果串，关于签名的计算方法，请参见&amp;lt;&lt;a href=&quot;/document_detail/25492.html&quot;&gt;签名机制&lt;/a&gt;&amp;gt;。"/>
            <in value="query"/>
            <name value="Signature"/>
            <required value="true"/>
            <type value="string"/>
          </parameters>
          <parameters>
            <description value="签名方式，目前支持 HMAC-SHA1。"/>
            <in value="query"/>
            <name value="SignatureMethod"/>
            <required value="true"/>
            <type value="string"/>
          </parameters>
          <parameters>
            <description value="        请求的时间戳。日期格式按照 &lt;a href=&quot;/document_detail/25696.html&quot;&gt;ISO8601&lt;/a&gt; 标准表示，并需要使用 UTC 时间。格式为： &lt;br /&gt;        YYYY-MM-DDThh:mm:ssZ &lt;br /&gt;        例如，2014-05-26T12:00:00Z（为北京时间 2014 年 5 月 26 日 20 点 0 分 0 秒）。    "/>
            <in value="query"/>
            <name value="Timestamp"/>
            <required value="true"/>
            <type value="string"/>
          </parameters>
          <parameters>
            <description value="签名算法版本，目前版本是 1.0。"/>
            <in value="query"/>
            <name value="SignatureVersion"/>
            <required value="true"/>
            <type value="string"/>
          </parameters>
          <parameters>
            <description value="唯一随机数，用于防止网络重放攻击。用户在不同请求间要使用不同的随机数值"/>
            <in value="query"/>
            <name value="SignatureNonce"/>
            <required value="true"/>
            <type value="string"/>
          </parameters>
          <parameters>
            <description value="本次 API 请求访问到的资源拥有者账户，即登录用户名。 &lt;br /&gt;        此参数的使用方法，详见&amp;lt; &lt;a href=&quot;/document_detail/25494.html&quot;&gt;借助 RAM 实现子账号对主账号的 ECS 资源访问&lt;/a&gt; &amp;gt;，（只能在 &lt;a href=&quot;/document_detail/25496.html&quot;&gt;RAM 中可对 ECS 资源进行授权的 Action&lt;/a&gt; 中才能使用此参数，否则访问会被拒绝）    "/>
            <in value="query"/>
            <name value="ResourceOwnerAccount"/>
            <required value="false"/>
            <type value="string"/>
          </parameters>
        </parameters>
      </request>
      <response>
        <RequestId>
          <description value="用户发送的每次接口调用请求，无论成功与否，系统都会返回一个唯一识别码"/>
          <in value="body"/>
          <name value="RequestId"/>
          <type value="string"/>
        </RequestId>
      </response>
    </node>
  </paths>
  <swagger value="2.0"/>
  <x-vee value="2.0 AS"/>
</root>
