<?xml version="1.0" encoding="UTF-8"?>
<root>
  <host value="ram.aliyuncs.com"/>
  <info>
    <description value="RAM (Resource Access Management) 是阿里云提供的资源访问控制服务。通过RAM，您可以集中管理您的用户（比如员工、系统或应用程序），以及控制用户可以访问您名下哪些资源的权限。RAM要解决的问题"/>
    <title value="RAM(Resource Access Management)访问控制"/>
    <version value="1.0"/>
  </info>
  <paths>
    <node nodeName="/ListGroups">
      <get>
        <consumes nodeType="array">
          <consumes value="application/x-www-form-urlencoded"/>
        </consumes>
        <description value="&lt;h2 id=&quot;接口描述&quot;&gt;接口描述&lt;/h2&gt;&lt;p&gt;　列出所有的用户组&lt;/p&gt;"/>
        <parameters nodeType="array">
          <parameters>
            <description value="操作名称，取值：ListGroups"/>
            <enum nodeType="array">
              <enum value="ListGroups"/>
            </enum>
            <in value="query"/>
            <name value="Action"/>
            <required value="true"/>
            <type value="string"/>
          </parameters>
          <parameters>
            <description value="当请求的返回结果被截断时，可以使用Marker获取从当前截断位置之后的内容"/>
            <in value="query"/>
            <name value="Marker"/>
            <required value="false"/>
            <type value="string"/>
          </parameters>
          <parameters>
            <default value="100"/>
            <description value="指定返回结果的条数，当返回结果达到MaxItems限制被截断时，返回参数IsTruncated将等于true;取值范围：[1 - 1000]"/>
            <in value="query"/>
            <maximum value="1000"/>
            <minimum value="1"/>
            <name value="MaxItems"/>
            <required value="false"/>
            <type value="integer"/>
          </parameters>
        </parameters>
        <produces nodeType="array">
          <produces value="application/xml"/>
          <produces value="application/json"/>
        </produces>
        <responses>
          <node nodeName="200">
            <description value="Accept"/>
            <schema>
              <properties>
                <Groups>
                  <description value="组信息集合"/>
                  <items>
                    <x-schema>
                      <properties>
                        <Group>
                          <description value="组信息"/>
                          <name value="Group"/>
                          <properties>
                            <Comments>
                              <description value="备注信息"/>
                              <name value="Comments"/>
                              <type value="string"/>
                            </Comments>
                            <GroupName>
                              <description value="组名称"/>
                              <name value="GroupName"/>
                              <type value="string"/>
                            </GroupName>
                          </properties>
                          <type value="object"/>
                        </Group>
                      </properties>
                      <type value="object"/>
                    </x-schema>
                  </items>
                  <name value="Groups"/>
                  <type value="array"/>
                </Groups>
                <IsTruncated>
                  <description value="请求返回结果是否被截断"/>
                  <name value="IsTruncated"/>
                  <type value="boolean"/>
                </IsTruncated>
                <Marker>
                  <description value="当IsTruncated为true时才有此字段，当返回true时，需要继续调用此接口，并且使用Marker获取截断后的内容"/>
                  <name value="Marker"/>
                  <type value="string"/>
                </Marker>
              </properties>
              <type value="object"/>
            </schema>
          </node>
          <node nodeName="400">
            <description value="{code: InvalidParameter, describeen: The parameter - &amp;quot;UserName&amp;quot; contains invalid chars.}, {code: InvalidParameter.UserName.Length, describeen: The parameter - &amp;quot;UserName&amp;quot; beyond the length limit.}, {code: InvalidParameter.NewUserName.InvalidChars, describeen: The parameter - &amp;quot;NewUserName&amp;quot; contains invalid chars.}, {code: InvalidParameter.NewUserName.Length, describeen: The parameter - &amp;quot;NewUserName&amp;quot; beyond the length limit.}, {code: InvalidParameter.DisplayName.InvalidChars, describeen: The parameter - &amp;quot;DisplayName&amp;quot; contains invalid chars.}, {code: InvalidParameter.DisplayName.Length, describeen: The parameter - &amp;quot;DisplayName&amp;quot; beyond the length limit.}, {code: InvalidParameter.NewDisplayName.InvalidChars, describeen: The parameter - &amp;quot;NewDisplayName&amp;quot; contains invalid chars.}, {code: InvalidParameter.NewDisplayName.Length, describeen: The parameter - &amp;quot;NewDisplayName&amp;quot; beyond the length limit.}, {code: InvalidParameter.MobilePhone.Format, describeen: The format of the parameter - &amp;quot;MobilePhone&amp;quot; is incorrect.}, {code: InvalidParameter.NewMobilePhone.Format, describeen: The format of the parameter - &amp;quot;NewMobilePhone&amp;quot; is incorrect.}, {code: InvalidParameter.Email.Format, describeen: The format of the parameter - &amp;quot;Email&amp;quot; is incorrect.}, {code: InvalidParameter.NewEmail.Format, describeen: The format of the parameter - &amp;quot;NewEmail&amp;quot; is incorrect.}, {code: InvalidParameter.Comments.Length, describeen: The parameter - &amp;quot;Comments&amp;quot; beyond the length limit.}, {code: InvalidParameter.NewComments.Length, describeen: The parameter - &amp;quot;NewComments&amp;quot; beyond the length limit.}, {code: InvalidParameter.Password.TooWeak, describeen: The parameter - &amp;quot;Password&amp;quot; is not compliant with the password policy.}, {code: InvalidParameter.VirtualMFADeviceName.InvalidChars, describeen: The parameter - &amp;quot;VirtualMFADeviceName&amp;quot; contains invalid chars.}, {code: InvalidParameter.VirtualMFADeviceName.Length, describeen: The parameter - &amp;quot;VirtualMFADeviceName&amp;quot; beyond the length limit.}, {code: InvalidParameter.GroupName.InvalidChars, describeen: The parameter - &amp;quot;GroupName&amp;quot; contains invalid chars.}, {code: InvalidParameter.GroupName.Length, describeen: The parameter - &amp;quot;GroupName&amp;quot; beyond the length limit.}, {code: InvalidParameter.NewGroupName.InvalidChars, describeen: The parameter - &amp;quot;NewGroupName&amp;quot; contains invalid chars.}, {code: InvalidParameter.NewGroupName.Length, describeen: The parameter - &amp;quot;NewGroupName&amp;quot; beyond the length limit.}, {code: InvalidParameter.PolicyType, describeen: The parameter - &amp;quot;PolicyType&amp;quot; is incorrect.}, {code: InvalidParameter.PolicyName.InvalidChars, describeen: The parameter - &amp;quot;PolicyNam&amp;quot; contains invalid chars.}, {code: InvalidParameter.PolicyName.Length, describeen: The parameter - &amp;quot;PolicyName&amp;quot; beyond the length limit.}, {code: InvalidParameter.PolicyDocument.Length, describeen: The parameter - &amp;quot;PolicyName&amp;quot; beyond the length limit.}, {code: InvalidParameter.Description.Length, describeen: The parameter - &amp;quot;Description&amp;quot; beyond the length limit.}, {code: InvalidParameter.VersionId.Format, describeen: The format of the parameter - &amp;quot;VersionId&amp;quot; is incorrect.}, {code: InvalidParameter.AccountAlias.Format, describeen: The format of parameter - &amp;quot;AccountAlias&amp;quot; is incorrect.}, {code: InvalidParameter.AccountAlias.Length, describeen: The parameter - &amp;quot;AccountAlias&amp;quot; MUST be in the range of 3 and 63.}, {code: InvalidParameter.MinimumPasswordLength.Range, describeen: The parameter - &amp;quot;MinimumPasswordLength&amp;quot; MUST be in the range of 8 and 32.}, {code: InvalidParameter.AuthenticationCode.Format, describeen: The parameter - &amp;quot;AuthenticationCode&amp;quot; MUST be 6 numbers.}, {code: MalformedPolicyDocument, describeen: {The error details}}"/>
          </node>
          <node nodeName="403">
            <description value="{code: NoPermission, describeen: You are not authorized to do this action.}, {code: Inactive, describeen: Your ram service is inactive, please activate it.}, {code: CheckAuthenticationCodeFail, describeen: The parameter - &amp;quot;AuthenticationCode&amp;quot; is inccorrect.}"/>
          </node>
          <node nodeName="404">
            <description value="{code: EntityNotExist, describeen: The user does not exist.}, {code: EntityNotExist.User.AccessKey, describeen: The user access key does not exist.}, {code: EntityNotExist.User.LoginProfile, describeen: The user login profile does not exist.}, {code: EntityNotExist.User.MFADevice, describeen: The user has not bound any MFA device.}, {code: EntityNotExist.User.Policy, describeen: The indicate policy of the user does not exist.}, {code: EntityNotExist.User.Group, describeen: The user has not joined the group.}, {code: EntityNotExist.VirtualMFADevice, describeen: The virtual mfa device does not exist.}, {code: EntityNotExist.Group, describeen: The group does not exist.}, {code: EntityNotExist.Group.Policy, describeen: The indicate policy attached to the group does not exist.}, {code: EntityNotExist.Policy, describeen: The policy does not exist.}, {code: EntityNotExist.Policy.Version, describeen: The policy version does not exist.}"/>
          </node>
          <node nodeName="409">
            <description value="{code: EntityAlreadyExists, describeen: The user does already EXIST.}, {code: EntityAlreadyExists.User.LoginProfile, describeen: The user login profile does already EXIST.}, {code: EntityAlreadyExists.User.MFADevice, describeen: The user has already bound a MFA device.}, {code: EntityAlreadyExists.User.Group, describeen: The user has already joined the group.}, {code: EntityAlreadyExists.User.Policy, describeen: The user has already been attached this policy.}, {code: EntityAlreadyExists.VirtualMFADevice, describeen: The virtual mfa device does already EXIST.}, {code: EntityAlreadyExists.VirtualMFADevice.User, describeen: The virtual mfa device does already been bound to a user.}, {code: EntityAlreadyExists.Group, describeen: The group does already EXIST.}, {code: EntityAlreadyExists.Group.Policy, describeen: The group has already been attached this policy.}, {code: EntityAlreadyExists.Policy, describeen: The group does already EXIST.}, {code: EntityAlreadyExists.AccountAlias, describeen: The account alias does already exist.}, {code: DeleteConflict, describeen: The user CAN NOT be in any group while deleting the user.}, {code: DeleteConflict.User.AccessKey, describeen: The user CAN NOT has any access key while deleting the user.}, {code: DeleteConflict.User.LoginProfile, describeen: The user CAN NOT has any login profile while deleting the user.}, {code: DeleteConflict.User.MFADevice, describeen: The user CAN NOT has any mfa device while deleting the user.}, {code: DeleteConflict.User.Policy, describeen: The user CAN NOT has any attached policy while deleting the user.}, {code: DeleteConflict.VirtualMFADevice.User, describeen: The virtual mfa device CAN NOT been bound to any user while deleting it.}, {code: DeleteConflict.Group.User, describeen: The group CAN NOT has any user member while deleting the group.}, {code: DeleteConflict.Group.Policy, describeen: The entity CAN NOT has any attached policy while deleting the group.}, {code: DeleteConflict.Policy.User, describeen: The policy CAN NOT been attached to any user while deleting the policy.}, {code: DeleteConflict.Policy.Group, describeen: The policy CAN NOT been attached to any group while deleting the policy.}, {code: DeleteConflict.Policy.Version, describeen: The policy CAN NOT has any version except the defaul version.}, {code: DeleteConflict.Policy.Version.Default, describeen: The default policy version CAN NOT been deleted directly.}, {code: DeleteConflict.Role.Policy, describeen: The role CAN NOT has any attached policy while deleting the role.}, {code: LimitExceeded, describeen: The count of users beyond the current limits.}, {code: LimitExceeded.User.AccessKey, describeen: The access key count of the user access keys beyond the current limits.}, {code: LimitExceeded.User.Group, describeen: The count of groups the target user joined  beyond the current limits.}, {code: LimitExceeded.User.Policy, describeen: The policy count of the user attached policies beyond the current limits.}, {code: LimitExceeded.VirtualMFADevice, describeen: The count of virtual mfa devices beyond the current limits.}, {code: LimitExceeded.Group, describeen: The count of groups beyond the current limits.}, {code: LimitExceeded.Group.Policy, describeen: The policy count of the group beyond the current limits.}, {code: LimitExceeded.Policy, describeen: The count of policy beyond the current limits.}, {code: LimitExceeded.Policy.Version, describeen: The count of policy version beyond the current limits.}, {code: LimitExceeded.Role, describeen: The count of roles beyond the current limits.}, {code: LimitExceeded.Role.Policy, describeen: The count of policies attached to the role beyond the current limits.}"/>
          </node>
          <node nodeName="500">
            <description value="{code: InternalError, describeen: An internal error occurred.}"/>
          </node>
        </responses>
      </get>
      <parameter>
        <node nodeName="$ref" value="#/paths/&quot;/public&quot;/request/parameters"/>
      </parameter>
      <summary value="列出所有的用户组"/>
      <x-access nodeType="array">
        <x-access>
          <key value="Groups"/>
          <value value="ram:ListGroups"/>
        </x-access>
        <x-access>
          <key value="Resource"/>
          <value value="acs:ram:*:${AccountId}:group/*"/>
        </x-access>
      </x-access>
      <x-requestsample nodeType="array">
        <x-requestsample>
          <description value="&lt;pre&gt;&lt;code&gt;https://ram.aliyuncs.com/?Action=ListGroups&amp;amp;&amp;lt;公共请求参数&amp;gt;&lt;/code&gt;&lt;/pre&gt;"/>
          <id value="1"/>
        </x-requestsample>
        <x-requestsample>
          <description value="&lt;pre&gt;&lt;code&gt;https://ram.aliyuncs.com/?Action=ListGroups&amp;amp;&amp;lt;公共请求参数&amp;gt;&lt;/code&gt;&lt;/pre&gt;"/>
          <id value="2"/>
        </x-requestsample>
      </x-requestsample>
      <x-responsesample nodeType="array">
        <x-responsesample>
          <description value="&lt;pre&gt;&lt;code class=&quot;lang-xml&quot;&gt;&amp;lt;ListGroupsResponse&amp;gt;  &amp;lt;RequestId&amp;gt;065527AA-2F2E-AD7C-7484-F2626CFE4934&amp;lt;/RequestId&amp;gt;  &amp;lt;IsTruncated&amp;gt;true&amp;lt;/IsTruncated&amp;gt;  &amp;lt;Marker&amp;gt;EXAMPLE&amp;lt;/Marker&amp;gt;  &amp;lt;Groups&amp;gt;    &amp;lt;Group&amp;gt;      &amp;lt;GroupName&amp;gt;Dev-Team&amp;lt;/GroupName&amp;gt;      &amp;lt;Comments&amp;gt;开发团队&amp;lt;/Comments&amp;gt;      &amp;lt;CreateDate&amp;gt;2015-01-23T12:33:18Z&amp;lt;/CreateDate&amp;gt;      &amp;lt;UpdateDate&amp;gt;2015-01-23T12:33:18Z&amp;lt;/UpdateDate&amp;gt;    &amp;lt;/Group&amp;gt;    &amp;lt;Group&amp;gt;      &amp;lt;GroupName&amp;gt;QA-Team&amp;lt;/GroupName&amp;gt;      &amp;lt;Comments&amp;gt;测试团队&amp;lt;/Comments&amp;gt;      &amp;lt;CreateDate&amp;gt;2015-02-18T17:22:08Z&amp;lt;/CreateDate&amp;gt;      &amp;lt;UpdateDate&amp;gt;2015-02-18T17:22:08Z&amp;lt;/UpdateDate&amp;gt;    &amp;lt;/Group&amp;gt;  &amp;lt;/Groups&amp;gt;&amp;lt;/ListGroupsResponse&amp;gt;&lt;/code&gt;&lt;/pre&gt;"/>
          <id value="1"/>
          <note value="JSON格式"/>
        </x-responsesample>
        <x-responsesample>
          <description value="&lt;pre&gt;&lt;code class=&quot;lang-json&quot;&gt;{    &amp;quot;RequestId&amp;quot;: &amp;quot;065527AA-2F2E-AD7C-7484-F2626CFE4934&amp;quot;,    &amp;quot;IsTruncated&amp;quot;: true,    &amp;quot;Marker&amp;quot;: &amp;quot;EXAMPLE&amp;quot;,    &amp;quot;Groups&amp;quot;: {        &amp;quot;Group&amp;quot;: [            {                &amp;quot;GroupName&amp;quot;: &amp;quot;Dev-Team&amp;quot;,                &amp;quot;Comments&amp;quot;: &amp;quot;开发团队&amp;quot;,                &amp;quot;CreateDate&amp;quot; : &amp;quot;2015-01-23T12:33:18Z&amp;quot;,                &amp;quot;UpdateDate&amp;quot; : &amp;quot;2015-01-23T12:33:18Z&amp;quot;            },            {                &amp;quot;GroupName&amp;quot;: &amp;quot;QA-Team&amp;quot;,                &amp;quot;Comments&amp;quot;: &amp;quot;测试团队&amp;quot;,                &amp;quot;CreateDate&amp;quot; : &amp;quot;2015-02-18T17:22:08Z&amp;quot;,                &amp;quot;UpdateDate&amp;quot; : &amp;quot;2015-02-18T17:22:08Z&amp;quot;            }        ]    }}&lt;/code&gt;&lt;/pre&gt;"/>
          <id value="2"/>
          <note value="JSON格式"/>
        </x-responsesample>
      </x-responsesample>
    </node>
    <node nodeName="/public">
      <request>
        <parameters nodeType="array">
          <parameters>
            <default value="XML"/>
            <description value="返回值的类型，支持 JSON 与 XML。默认为 XML。"/>
            <enum nodeType="array">
              <enum value="XML"/>
              <enum value="JSON"/>
            </enum>
            <in value="query"/>
            <name value="Format"/>
            <required value="false"/>
            <type value="string"/>
          </parameters>
          <parameters>
            <description value="API 版本号，为日期形式：YYYY-MM-DD，本版本对应为 2014-05-26。"/>
            <in value="query"/>
            <name value="Version"/>
            <required value="true"/>
            <type value="string"/>
          </parameters>
          <parameters>
            <description value="阿里云颁发给用户的访问服务所用的密钥 ID。"/>
            <in value="query"/>
            <name value="AccessKeyId"/>
            <required value="true"/>
            <type value="string"/>
          </parameters>
          <parameters>
            <description value="签名结果串，关于签名的计算方法，请参见&amp;lt;&lt;a href=&quot;/document_detail/25492.html&quot;&gt;签名机制&lt;/a&gt;&amp;gt;。"/>
            <in value="query"/>
            <name value="Signature"/>
            <required value="true"/>
            <type value="string"/>
          </parameters>
          <parameters>
            <description value="签名方式，目前支持 HMAC-SHA1。"/>
            <in value="query"/>
            <name value="SignatureMethod"/>
            <required value="true"/>
            <type value="string"/>
          </parameters>
          <parameters>
            <description value="        请求的时间戳。日期格式按照 &lt;a href=&quot;/document_detail/25696.html&quot;&gt;ISO8601&lt;/a&gt; 标准表示，并需要使用 UTC 时间。格式为： &lt;br /&gt;        YYYY-MM-DDThh:mm:ssZ &lt;br /&gt;        例如，2014-05-26T12:00:00Z（为北京时间 2014 年 5 月 26 日 20 点 0 分 0 秒）。    "/>
            <in value="query"/>
            <name value="Timestamp"/>
            <required value="true"/>
            <type value="string"/>
          </parameters>
          <parameters>
            <description value="签名算法版本，目前版本是 1.0。"/>
            <in value="query"/>
            <name value="SignatureVersion"/>
            <required value="true"/>
            <type value="string"/>
          </parameters>
          <parameters>
            <description value="唯一随机数，用于防止网络重放攻击。用户在不同请求间要使用不同的随机数值"/>
            <in value="query"/>
            <name value="SignatureNonce"/>
            <required value="true"/>
            <type value="string"/>
          </parameters>
        </parameters>
      </request>
      <response>
        <RequestId>
          <description value="用户发送的每次接口调用请求，无论成功与否，系统都会返回一个唯一识别码"/>
          <in value="body"/>
          <name value="RequestId"/>
          <type value="string"/>
        </RequestId>
      </response>
    </node>
  </paths>
  <swagger value="2.0"/>
  <x-vee value="2.0 AS"/>
</root>
